k,mean_dist
5,0.044757828498045396
5,0.02019646810582948
5,0.029384774886792413
5,0.02501314126577252
5,0.027037229884452212
5,0.023260180199915104
5,0.03237089344538181
5,0.035228567150018666
5,0.038456215183949635
5,0.04618962140296291
5,0.025813056076768204
5,0.03034179174284977
5,0.029157319130601173
5,0.02554332369826474
5,0.016068690944072504
5,0.04298200181399001
5,0.035304073819959356
5,0.03023972825381525
5,0.020465484925562778
5,0.029930741654610536
5,0.03554420849433335
5,0.03110352813901241
5,0.03375648133857849
5,0.02350541652163755
5,0.03812480244355435
5,0.011455142789284908
5,0.023277187259134226
5,0.036425951669870046
5,0.0376980155666799
5,0.036062060581266174
5,0.022494670923261868
5,0.030219208676680633
5,0.036905135608026635
5,0.04126980270027239
5,0.01620030958088326
5,0.028513849657310526
5,0.0280457618067367
5,0.027953259256488026
5,0.026478718761894154
5,0.020559086717031876
5,0.012702333584697448
5,0.02567337480216888
5,0.03735892883299285
5,0.025114276465411152
5,0.030689955253495958
5,0.028140298016439653
5,0.022095557299709533
5,0.024999083848943896
5,0.02349307183113363
5,0.022463425446213586
5,0.02570298684962786
5,0.02421183833399093
5,0.036124227400336606
5,0.025867800281893106
5,0.03673977356505455
5,0.01985829845382167
5,0.025372404096093704
5,0.03932735255612517
5,0.027705852347034987
5,0.026596189872913255
5,0.020742993996728055
5,0.018903664099479623
5,0.03444770439923736
5,0.027062900450642947
5,0.04396983972880754
5,0.01908334640733931
5,0.03503836522215835
5,0.021018857644808514
5,0.03308792216888375
5,0.01898964652285016
5,0.03594185723279052
5,0.02975381645248812
5,0.03369136473655322
5,0.01908003940165357
5,0.034876018857223315
5,0.030695106658740434
5,0.03117592343927946
5,0.03567539930054341
5,0.023957642302359642
5,0.038163320508623894
5,0.03227494417723854
5,0.02942161539198187
5,0.03505666543670961
5,0.04312189452311086
5,0.043119282489121745
5,0.014750929926815159
5,0.02112762409890819
5,0.03277327754213208
5,0.03423611329720478
5,0.037498333713733664
5,0.0337263533051721
5,0.0465219340572325
5,0.03549747971930732
5,0.03233034843264243
5,0.014689133962989032
5,0.045775855030549845
5,0.0325759113078156
5,0.0202287137017003
5,0.01832856073391528
5,0.008727931640686032
5,0.017009201729992977
5,0.02812437671657218
5,0.023385799400941105
5,0.022846013256724525
5,0.03914556288121935
5,0.028813918387276073
5,0.011822569938309446
5,0.028425738214674885
5,0.028428600503574392
5,0.018219484893021713
5,0.03754895968257681
5,0.018683285737083645
5,0.03975234289750267
5,0.04155170924817907
5,0.031742295354178565
5,0.022336473608023665
5,0.0443861373197447
5,0.022099395223466774
5,0.025181221457132048
5,0.026291496754168253
5,0.023585873778692836
5,0.027429637323761174
5,0.04246327780491215
5,0.02271521017858428
5,0.023507171724649733
5,0.03400015151268941
5,0.039187442394409404
5,0.018622337800717266
5,0.03139787221962159
5,0.03855625470099598
5,0.027986169260643217
5,0.023858413985585684
5,0.028896267745862646
5,0.03979636151872416
5,0.024528217391457496
5,0.02860382426048095
5,0.023612953377899974
5,0.02862712723600581
5,0.047830355098159784
5,0.031208071373320833
5,0.032476440587952356
5,0.04044245910211114
5,0.033006219787276955
5,0.020009301855510156
5,0.01980960699221928
5,0.030993855007307856
5,0.026571325921289635
5,0.026137825910097546
5,0.030890507685771916
5,0.0341024280499872
5,0.0368421432783618
5,0.032619461820848385
5,0.03077591468881246
5,0.02443209690451851
5,0.03424822944706729
5,0.030977012673195154
5,0.03741524688025119
5,0.029012233862130116
5,0.027881662823403465
5,0.02781589857091469
5,0.02614672587577791
5,0.05259864468475163
5,0.025824875615623112
5,0.036798649346106126
5,0.036396570711197763
5,0.031251687325783956
5,0.034890582584611335
5,0.032280708832796
5,0.016414759662705773
5,0.03371036687399774
5,0.02102112831876804
5,0.030577637001595687
5,0.02308330801180951
5,0.02724361495837626
5,0.031385983235529775
5,0.028636854134761563
5,0.03440189164360075
5,0.03370993451321556
5,0.023077325502289754
5,0.02603516437518554
5,0.02806454458254882
5,0.024974522771598513
5,0.027309791792043507
5,0.016058809726006602
5,0.015070610467676174
5,0.0354902420962949
5,0.027102863318423164
5,0.025258254088372366
5,0.026468452340247344
5,0.03759847163079084
5,0.019306595543858163
5,0.026983038074205858
5,0.04888413256626192
5,0.03486114501825516
5,0.02752729265092848
5,0.03741663431479901
5,0.03785047324796485
5,0.0463783555299781
5,0.03830684251564907
5,0.032826120272083356
5,0.03962134846995051
5,0.05032675739023172
5,0.027552638370902615
5,0.03427837828235364
5,0.0316791201903668
5,0.028206137263042684
5,0.03321174581875868
5,0.031154982726161073
5,0.024348709959372793
5,0.03059593985363729
5,0.0533017356891353
5,0.014734663869660155
5,0.0359269308076053
5,0.02273324751637585
5,0.03506185354056176
5,0.014421611947371588
5,0.04002300313278333
5,0.040567887938114895
5,0.02506667895753064
5,0.02451217159579664
5,0.04529478427457519
5,0.021831793809805954
5,0.02103731725905378
5,0.035821903411216056
5,0.01884654271907696
5,0.021439782083443253
5,0.021860307461782802
5,0.02243985647317026
5,0.021539618207070167
5,0.018581446048907935
5,0.02630727489060729
5,0.011732044511373668
5,0.03611591240607388
5,0.03959169918241584
5,0.020944437488073696
5,0.03841994607935435
5,0.02342153563217514
5,0.036353910126521186
5,0.029715268536959494
5,0.03352079567848352
5,0.03778701947506221
5,0.03885887154146206
5,0.03763174140096923
5,0.0454338276672543
5,0.013517963377779565
5,0.015745544165865925
5,0.029161967318450287
5,0.0496098221774443
5,0.03764476092291004
5,0.04419823551502761
5,0.03884540419487939
5,0.028426634230476106
5,0.03096932959142775
5,0.04075195116224057
5,0.024968158893979343
5,0.04104904966559077
5,0.03186065979689388
5,0.04272505380356649
5,0.02961000803124255
5,0.037071827894600826
5,0.0317876441741597
5,0.04611997251516808
5,0.03464392882902969
5,0.02444335824918501
5,0.031708174756203945
5,0.030474991984578002
5,0.03427999547051247
5,0.021218866721404613
5,0.03998556883416008
5,0.03094083399675015
5,0.04565531066460249
5,0.03245239789563803
5,0.04157656486853788
5,0.022163464765390738
5,0.02794047074262985
5,0.022040993324001144
5,0.02616676470309796
5,0.032368141740481665
5,0.026189093505807455
5,0.03674100647659203
5,0.04136077037352544
5,0.038241321034687824
5,0.0246311237743334
5,0.03808688390518426
5,0.03620753716061732
5,0.028853414969355652
5,0.03678104385512264
5,0.03115122128269371
5,0.028256067182430917
5,0.02966911040382674
5,0.024616312645176663
5,0.0399346662976129
5,0.033290902158431834
5,0.03912570070696945
5,0.0328521679498313
5,0.03209221179289335
5,0.042233755881781895
5,0.024130011285221572
5,0.02936367621282938
5,0.01597540178366367
5,0.020210736384727097
5,0.026121063686653255
5,0.036179895043142576
5,0.021219969149139366
5,0.023664893991990076
5,0.0339976987417437
5,0.03571430663544531
5,0.03185278342478458
5,0.05103666748644605
5,0.03707150800391648
5,0.03168880990284337
5,0.018238105426906886
5,0.03302672200270049
5,0.028623713685093883
5,0.035330447952959886
5,0.023440563451662982
5,0.03192792689958104
5,0.024268947843719003
5,0.03482207794585217
5,0.020071670440691674
5,0.0248177492208125
5,0.03750003977839883
5,0.026982410061515853
5,0.03050382110496373
5,0.03532197729367196
5,0.04128384028160049
5,0.03682593773728511
5,0.03012343965904233
5,0.03064360852491601
5,0.029634201937873382
5,0.02903105255399312
5,0.038191058430291414
5,0.033193803674409994
5,0.030622474331964928
5,0.033298248388087516
5,0.03186094277595538
5,0.03253616488048987
5,0.03630160667756063
5,0.027031932320140097
5,0.035886038183344404
5,0.007454938943715271
5,0.03465460292987421
5,0.027335852125936415
5,0.040047400385343365
5,0.03573577785308305
5,0.033885046817482244
5,0.05270282652284005
5,0.03667161439090062
5,0.031156843965405735
5,0.039489315996896056
5,0.03185971807975542
5,0.005674986152806776
5,0.035558428543451946
5,0.02245019560437756
5,0.033781736241981095
5,0.040552235029379276
5,0.03372551251034729
5,0.03223643490879447
5,0.027512529412947396
5,0.0261714056037843
5,0.03236648702404453
5,0.03529595773831632
5,0.03203796804236581
5,0.021329817730125707
5,0.04477589438405951
5,0.031017846698367286
5,0.03273312538136276
5,0.036621566443585996
5,0.037448117320664255
5,0.034932925386330964
5,0.03470166387992153
5,0.024808148089894903
5,0.037515371108092076
5,0.017182682256864274
5,0.038629370067705206
5,0.02976062019231953
5,0.021101882522365542
5,0.01760632918956379
5,0.02417905948804939
5,0.034368159220569315
5,0.02894835144307679
5,0.03085610583207308
5,0.03772578173816889
5,0.029600023950158382
5,0.0502615851646526
5,0.03130020289397305
5,0.03632021043053614
5,0.02438562515881855
5,0.049845029169645755
5,0.03157042742801662
5,0.028935321330073305
5,0.03273169799417905
5,0.02246124609569328
5,0.030038335248682956
5,0.03363153850553841
5,0.041210996875269926
5,0.0460090869335812
5,0.014611061288609123
5,0.021978361587749594
5,0.03651694917831187
5,0.032028913767091535
5,0.03864809776775538
5,0.018719618346453408
5,0.032976575231775766
5,0.038728572167521055
5,0.020516389992904956
5,0.036133432703776114
5,0.03928707360424445
5,0.018381489683689967
5,0.00702915088250067
5,0.03401858165031458
5,0.018305810351874202
5,0.03247039414726829
5,0.036973197425773666
5,0.03211051515074377
5,0.04149871571104974
5,0.030439147918090805
5,0.02669317397344354
5,0.03780922648095705
5,0.034274930371775834
5,0.0321734495330469
5,0.02829484544752251
5,0.0230192038073986
5,0.03743633942723292
5,0.03099306250231686
5,0.030134371895271118
5,0.028778002030435262
5,0.028121465742039675
5,0.027462422225754596
5,0.019665792622059967
5,0.024710187789712238
5,0.034733839701733854
5,0.0354770526508439
5,0.017101673343114708
5,0.017474128799912187
5,0.0328239808875513
5,0.020473645677099184
5,0.041485330203838294
5,0.04433114631006938
5,0.021585594935268217
5,0.030983848090966336
5,0.0346913502683938
5,0.044359666099821046
5,0.020813752314371905
5,0.023445146218367758
5,0.024113230348476438
5,0.04644360609060804
5,0.024444129350221118
5,0.016451109915540912
5,0.02844987745382972
5,0.014775326653902077
5,0.01996229882624363
5,0.024949606810665916
5,0.03413946845585507
5,0.024931039783836078
5,0.03366164056256918
5,0.0403776946486462
5,0.03824163062113176
5,0.03025175484098902
5,0.03326646019343457
5,0.02698855789314607
5,0.04306893770189245
5,0.02844032487224609
5,0.012723647523897902
5,0.028483901429450675
5,0.031364052844609705
5,0.025073619794006418
5,0.03530692764949457
5,0.02942785883167756
5,0.038972386186544784
5,0.031943355269390926
5,0.028849898543394897
5,0.037995086715897505
5,0.03508101617789964
5,0.03877661928548733
5,0.035145121102666155
5,0.04204482838459991
5,0.040966245641487764
5,0.036479277098674934
5,0.035654149094586536
5,0.019772307400704868
5,0.023446154344793912
5,0.015311221542717445
5,0.03496405947954971
5,0.030339989244191727
5,0.020869466262912518
5,0.03295701826828568
5,0.023245556517907433
5,0.041960744634109995
5,0.024538571496277688
5,0.043558594429304584
5,0.02576915078048969
5,0.045290222675621924
5,0.03242165773780564
5,0.019631496231609293
5,0.0364979370034878
5,0.032770816367095626
5,0.0360277412564529
5,0.03213818117285148
5,0.02975429952233103
5,0.038065569938742896
5,0.03265550763497827
5,0.019910886906710907
5,0.042851361273753844
5,0.04124656336661946
5,0.023417235958927703
5,0.01603481489461754
5,0.015090569455387648
5,0.03797340656122965
5,0.03557144245516338
5,0.04021119192386832
5,0.0249520039256285
5,0.048519723307318255
5,0.040513439312895125
5,0.03766875386599074
5,0.020170814104913854
5,0.03465848084380453
5,0.040390143396965304
5,0.028247137769416987
5,0.03045475466168245
5,0.028072361875624997
5,0.04353521042726738
5,0.03829199645658339
5,0.019017972648377464
5,0.028603923094916585
5,0.034040927300959145
5,0.03408603007114915
5,0.042208258747554586
5,0.026571663494433906
5,0.04190612625291602
5,0.023298285668832814
5,0.034687087816077114
5,0.034846042351910356
5,0.026292427115023463
5,0.0339178919802154
5,0.03986993240150665
5,0.04404718418933838
5,0.02324575572755417
5,0.030263084938360857
5,0.03117373796252231
5,0.029208052345454205
5,0.02239542295041313
5,0.03139878112966212
5,0.029440939168638942
5,0.024210419924762187
5,0.01895263742241218
5,0.027665366541331393
5,0.020035777527691045
5,0.027097327383340704
5,0.03088408028086765
5,0.02416369802803729
5,0.02888793465658913
5,0.0328331173273134
5,0.033365712236711156
5,0.014740818120111493
5,0.037307933884302626
5,0.04251461823843914
5,0.03342383260814065
5,0.0472501563369679
5,0.0315704679781413
5,0.005459107120715583
5,0.031727437331799176
5,0.02797325496532428
5,0.036721646998057876
5,0.034691523455882715
5,0.03133560747859833
5,0.0347989424182501
5,0.02832869212507551
5,0.03866877230128287
5,0.026502298513572976
5,0.04541408943790275
5,0.029514176236680168
5,0.021552189440130813
5,0.03488433371497276
5,0.03565053608006251
5,0.03441495643944851
5,0.025328246502591432
5,0.022014997044582763
5,0.03392452412695447
5,0.03818977815591612
5,0.04133058968496668
5,0.0397421922893048
5,0.017931080659987993
5,0.024874945253844694
5,0.022548353811990645
5,0.023105494960696287
5,0.027706051684972578
5,0.034238159080247
5,0.036736355846549926
5,0.01666445189781459
5,0.027835055359941723
5,0.03534335716349984
5,0.031850839335177475
5,0.02426855308832529
5,0.04553942992904062
5,0.03504182402533912
5,0.048397896842956235
5,0.03999143211011299
5,0.02212121200478302
5,0.028622270926129643
5,0.02724611344520912
5,0.03066339408345256
5,0.039834125093330376
5,0.018548276448388086
5,0.03322898880512557
5,0.04187022174639353
5,0.03307914602809252
5,0.02390587141106036
5,0.022880887187495858
5,0.02432855380501334
5,0.038614049363811576
5,0.03008729899323037
5,0.02211277650870485
5,0.027830159022613803
5,0.039415170513356815
5,0.041650606946952974
5,0.039067842802255615
5,0.04448047430388554
5,0.015480712256563656
5,0.04329527445780975
5,0.014293912661318839
5,0.03985982879346313
5,0.04523486656516107
5,0.027639389967114996
5,0.03626549009724502
5,0.028084178659413615
5,0.02058391040826709
5,0.02583617986409077
5,0.02897266006665772
5,0.03197717057617516
5,0.03622763444573518
5,0.023715669684191174
5,0.022771437490363963
5,0.03643061932253204
5,0.03231308599840322
5,0.0357116056630329
5,0.03316277137663669
5,0.020919787930146046
5,0.03442490438131799
5,0.022374750397319683
5,0.03696168036687157
5,0.017980074023805234
5,0.03204962243797067
5,0.01130019316609739
5,0.02350684092946028
5,0.021519471197324537
5,0.02983462651799971
5,0.04200600219110822
5,0.02417514648978102
5,0.031041632818090182
5,0.044725497401620136
5,0.035900662337582455
5,0.02465566166135847
5,0.02468239275116386
5,0.030157240949223597
5,0.025878864730481576
5,0.0098348220683974
5,0.04326453096635116
5,0.030262146307331754
5,0.01964059513452313
5,0.025398522216302725
5,0.020625858685356196
5,0.03492006221959198
5,0.02401204693150093
5,0.030372254313385177
5,0.03583048704122637
5,0.026042909715293838
5,0.03634994761626667
5,0.01677203018584799
5,0.02377343278596742
5,0.03607306512750166
5,0.0199422802767712
5,0.04340042444830762
5,0.02107765526347373
5,0.02628773571562275
5,0.03757215995046208
5,0.035482335281216304
5,0.037789409537626925
5,0.03752759353472966
5,0.04476757501960381
5,0.027896862739989047
5,0.027013843914401058
5,0.028058654040822965
5,0.0433143617792797
5,0.03042739225718487
5,0.030402164250456287
5,0.03048421133909817
5,0.0329862078155206
5,0.0304166945783925
5,0.024988928309319987
5,0.014817254572046468
5,0.01744294673228724
5,0.02927533211302332
5,0.010235138041949749
5,0.030873209516650135
5,0.03695197172645667
5,0.049481493211653016
5,0.030731368611659822
5,0.03169486915606014
5,0.03746359138266059
5,0.026901031370698585
5,0.05400792686203648
5,0.029852635091777307
5,0.03064900200732082
5,0.025417237517144274
5,0.026645346319137186
5,0.01901615805028455
5,0.030177113809978662
5,0.02960034884613849
5,0.01620927417822134
5,0.025465524723560375
5,0.03030129968647618
5,0.02906173528293504
5,0.0348397766943803
5,0.04928997501038661
5,0.03133271655799967
5,0.01713551457356192
5,0.035274166145549825
5,0.010807791427394877
5,0.049137540419553274
5,0.02694916233206221
5,0.041522802118276234
5,0.036014889777381966
5,0.017930547591355796
5,0.02549149344081486
5,0.032422294487430614
5,0.04359846770142066
5,0.025058838154144853
5,0.024239755777250682
5,0.026319494498496337
5,0.020743921933790852
5,0.05395401372228009
5,0.03067037990449114
5,0.00994463825888601
5,0.03488785685608433
5,0.029570135838539912
5,0.03996737162163973
5,0.050151967190018645
5,0.031740374571210726
5,0.004024133713958743
5,0.041024332329456605
5,0.02933275392475453
5,0.040036987603535204
5,0.04267935621022785
5,0.01901315719094455
5,0.030471850496670283
5,0.027778459834711937
5,0.04175234867885445
5,0.02905080772334742
5,0.009046332819968323
5,0.017748066437657174
5,0.01565848583188481
5,0.02232589947655218
5,0.03885544595934732
5,0.020014288991551613
5,0.02241151577104672
5,0.025021794491776217
5,0.036423546128987024
5,0.014143000561731695
5,0.045609588953714364
5,0.011599941095706232
5,0.028296294202175453
5,0.021648560633000427
5,0.01904507537624672
5,0.02235164295695315
5,0.02903307945688066
5,0.05212998249376031
5,0.03777295498968329
5,0.016576538929945733
5,0.033769737827207935
5,0.028278652920520942
5,0.030949207911038494
5,0.03137370698614807
5,0.02741263804983627
5,0.04890705286346579
5,0.03036278807605647
5,0.02225046609382588
5,0.02849788470345776
5,0.024535751054322062
5,0.03651638001378122
5,0.026562105713573186
5,0.02672974164687251
5,0.032248838552479654
5,0.03800534630244709
5,0.03218857375082602
5,0.048694707075815705
5,0.028891585335800152
5,0.050863920938427475
5,0.020042905669054433
5,0.01988339233932971
5,0.03340390025623723
5,0.049470384361076716
5,0.02183972680874714
5,0.03242744056814294
5,0.04112212712127561
5,0.0372041421633122
5,0.029662374876712545
5,0.034226644656433644
5,0.0334101647934177
5,0.026922157548808646
5,0.03969621974618217
5,0.04578109745078796
5,0.029346422499091092
5,0.032172417545267576
5,0.043059708071969925
5,0.0319563932238274
5,0.03602277094412252
5,0.025995308323394205
5,0.02207930201422585
5,0.03644985972852493
5,0.027394422381587978
5,0.04307461837740745
5,0.018221365306118825
5,0.036221182357350196
5,0.03494695013364313
5,0.02227416841636615
5,0.029395380753299127
5,0.02026104970157112
5,0.02378229315940742
5,0.03894627949386603
5,0.01949348300218958
5,0.028001996428808285
5,0.03408622125447567
5,0.018507524832585824
5,0.03311550536926376
5,0.027461728582658995
5,0.04396725307564639
5,0.01477685347589126
5,0.038093648078954004
5,0.03131471485772068
5,0.029150214303037058
5,0.051761663257147185
5,0.03624045937679004
5,0.031611372148006425
5,0.027215088181353996
5,0.010484446101705508
5,0.03651494249007021
5,0.022566497512175824
5,0.019746739643559184
5,0.020773596494093948
5,0.02885660385118339
5,0.03939265071559396
5,0.04093094938723028
5,0.027433230590707885
5,0.030201396897437595
5,0.014024817786209598
5,0.035406788390656634
5,0.038465146326782454
5,0.0275778691206505
5,0.03712346198802602
5,0.03813913477727198
5,0.028225015864135873
5,0.04816765054585884
5,0.0346188159499909
5,0.04106134426438306
5,0.018769346226322547
5,0.05681419982241766
5,0.044317189076343085
5,0.026445224441315772
5,0.04352205340013049
5,0.03835308775880542
5,0.03721014787686289
5,0.024019337524084895
5,0.02724473621621043
5,0.027746183639462473
5,0.03178538384526126
5,0.023407262399243796
5,0.02287883710525995
5,0.026083836224091096
5,0.0450606446539754
5,0.02351839914603543
5,0.03715291218809752
5,0.04533403634252703
5,0.04326092953730731
5,0.033385515339589056
5,0.030586098017102648
5,0.03538859423382055
5,0.034978746825753707
5,0.016245626849048622
5,0.025838824215270034
5,0.03150704820764798
5,0.03150581624240515
5,0.01807281678898228
5,0.032358238979242684
5,0.03621128233264088
5,0.01822042470508745
5,0.02959039160462317
5,0.02485060215435928
5,0.02166431910346505
5,0.028691710143275678
5,0.039303278986486265
5,0.041236443430608505
5,0.032760962217702555
5,0.024602991059016317
5,0.03602888252541897
5,0.023039978943311973
5,0.04721929186516448
5,0.030080020832273492
5,0.008216559003448896
5,0.0213550451436459
5,0.02225570069352833
5,0.01884842116026957
5,0.026022352514042623
5,0.02402474959752946
5,0.020155950534011834
5,0.02994750346351967
5,0.0309992472667374
5,0.04474293172963539
5,0.03874105099078841
5,0.035534136323959555
5,0.03970036229415287
5,0.039147821379623485
5,0.023490995199819672
5,0.019702891846981326
5,0.011151067331651391
5,0.036898830626830054
5,0.04791215309716249
5,0.03292805576505142
5,0.03217156043497528
5,0.02222967271082087
5,0.04268469509741406
5,0.022782469750433552
5,0.04084022651892696
5,0.017473317044836463
5,0.03027039321890169
5,0.023601591020727994
5,0.01037697725482786
5,0.04188970399429041
5,0.03616144783831861
5,0.04060606774934319
5,0.03369816972693177
5,0.03166025717697024
5,0.018591627672701214
5,0.03531314627442267
5,0.0595115545739935
5,0.03736116104775166
5,0.024083251248843786
5,0.04097192567335635
5,0.027552705486030837
5,0.029058977571863015
5,0.04552636659061953
5,0.023405855122543586
5,0.018779413769303498
5,0.03883224866071074
5,0.03593174399409983
5,0.01524125934864767
5,0.03773642711564931
5,0.03943771777419887
5,0.05088874339110201
5,0.05195480171354109
5,0.016848587443469128
5,0.027398280701481786
5,0.018739727714703128
5,0.0291730249051002
5,0.03742178824799281
5,0.02152110456693783
5,0.04084690258730868
5,0.033683170790325276
5,0.02427100475457538
5,0.030842961288467134
5,0.01487005823300703
5,0.030327435391123213
5,0.03165396612974753
5,0.02576437572189677
5,0.024856568761467142
5,0.03299659518299706
5,0.0238850179847557
5,0.022214326232196484
5,0.03723707724046104
5,0.020312349761871278
5,0.02849798419886306
5,0.03272123906730009
5,0.030866735967594587
5,0.03391025043566599
5,0.026761262674467677
5,0.034738836972303226
5,0.022220262769690698
5,0.044558068038722407
5,0.02628845173364459
5,0.016597465209984577
5,0.04751700860354448
5,0.035125801779606516
5,0.015585872581484991
5,0.006064264537366565
5,0.03690266539121224
5,0.01879446119574557
5,0.014326899016060454
5,0.006377419842909226
5,0.024296890529059083
5,0.02418288121632505
5,0.04352668623852958
5,0.04560247441699428
5,0.018676996904872976
5,0.030620621046533448
5,0.027484023146312053
5,0.02378477590573231
5,0.014285181175287232
5,0.04178214504227335
5,0.039280415255688615
5,0.034867587581141654
5,0.03953534107011924
5,0.04326371533582813
5,0.028722067078543467
5,0.03311237139207648
5,0.033156873371593766
5,0.034576916382294404
5,0.0322304130277407
5,0.022498647586093073
5,0.032563222962462855
5,0.01308036834119473
5,0.03501378239077074
5,0.03334074438753863
5,0.034298532419663616
5,0.037222058356192814
5,0.03360764856118051
5,0.038837542270176745
5,0.053661628206764914
5,0.031195188999113516
5,0.011835050508231654
5,0.022930276133237965
5,0.03128942335828999
5,0.044106149734152875
5,0.02333047182902276
5,0.04440480970637469
5,0.028922747672637326
5,0.019677253624022336
5,0.027181718759423195
5,0.024790479525431043
5,0.029892294812313203
5,0.033064348185758916
5,0.04095236788993305
5,0.02643125569769268
5,0.02696117379245323
5,0.031744297268990564
5,0.02118018792012254
5,0.02566706171421198
5,0.0460257793392655
5,0.03198753236769958
5,0.045655852643237925
5,0.04549590451856498
5,0.031451346572993366
5,0.019806908482144246
5,0.035416190335659056
5,0.035399753172418315
5,0.036163121150061
5,0.03053477695925936
5,0.04085312280877484
5,0.03848155655332909
5,0.037282506276282136
5,0.021444292048890486
5,0.03672419163396907
5,0.03356762158456854
5,0.02854983357593338
5,0.023614832877022852
5,0.009487754740892695
5,0.04343170963183591
5,0.02955161914357988
5,0.03228323705462379
5,0.03421063339470539
5,0.0419757363205781
5,0.027282403102148623
5,0.03158955311673534
5,0.038712333099090064
5,0.042171993258338536
5,0.026196696895047094
5,0.04043735127762431
5,0.03715521574967885
5,0.042976809095861566
5,0.04395724046950903
5,0.044608844350296925
5,0.0194177311071754
5,0.029514831992438557
5,0.025408330167955483
5,0.0290558039875082
5,0.04588542095826833
5,0.033911151550097565
5,0.038873301687224984
5,0.03188398392493446
5,0.032504363102249675
5,0.041411103655410744
5,0.034402962337570044
5,0.031838548612002096
5,0.028796006469625296
5,0.028596195881013652
5,0.027096560988443635
5,0.03281101588885667
5,0.01867067802443399
5,0.0299050557374842
5,0.03285003654409137
5,0.024115858651843285
5,0.04774406766914646
5,0.03629612291182682
5,0.025228422361044816
5,0.01817605966437937
5,0.028173619170739524
5,0.04195041918115186
5,0.040865587357311425
5,0.034202883819480515
5,0.02528126262189645
5,0.012590434281883032
5,0.047212539965840086
5,0.01491903843861997
5,0.020702950814597394
5,0.03216525902247823
5,0.0440425645836094
5,0.04396547054337948
5,0.04050700548797411
5,0.03953124902808141
5,0.036784659964302094
5,0.023610786786579595
5,0.02909583478162614
5,0.029088435249338435
5,0.02849729400484949
5,0.044515476062340895
5,0.0289348078989086
5,0.041647636194085194
5,0.035587296219143465
5,0.030329010552456813
5,0.030770580635430707
5,0.033711451751593326
5,0.03552466761633705
5,0.05371831223755354
5,0.027023684915235453
5,0.032564013326949325
5,0.01712021831006682
5,0.021080251674443364
5,0.035332512146043646
5,0.028303085587273125
5,0.02732145301353602
5,0.03623563231300568
5,0.042045218431684
5,0.04731795814970001
5,0.03295083867714428
5,0.04865576392363208
5,0.029714558646283522
5,0.024870092701193284
5,0.03427292439328613
5,0.04282945135860241
5,0.01904484497152708
5,0.017592742200400236
5,0.02119066882884511
5,0.01635151471722418
5,0.05049505590036385
5,0.0343637322679837
5,0.041443253295518366
5,0.02913658918182574
5,0.03239665959991352
5,0.036427222561914725
5,0.02093965983397867
5,0.02352630238581825
5,0.04285897247154758
5,0.017914015997003187
5,0.04916344426192524
5,0.027133399802767445
5,0.049844465936477546
5,0.025590318534933883
5,0.03109247959157711
5,0.03471891097367512
5,0.03360708832045825
5,0.03286475680872721
5,0.03834851820058129
5,0.030534600789235262
5,0.03130759076670678
5,0.030066033014889616
5,0.02571421899723752
5,0.021657139271292335
5,0.02809488245091444
5,0.04138173986839022
5,0.03875664408368261
5,0.012080422907588036
5,0.03553929585645578
5,0.03080307367586733
5,0.02586267533682971
5,0.044871361697381255
5,0.03584537674666084
5,0.04234006315792439
5,0.054448028369039815
5,0.023237105857391766
5,0.03793696146397972
5,0.02943149585692804
5,0.028747183520481123
5,0.017673497413050226
5,0.03149933042335287
5,0.02994164002767204
5,0.024630458099704617
5,0.031143573568317245
5,0.035742943856081025
5,0.03284463835601258
5,0.029680793712933327
5,0.029654539690153782
5,0.0270556489860861
5,0.030810201364876704
5,0.030481402744463742
5,0.028257610497702857
5,0.041130630818758264
5,0.029540962361022598
5,0.02034893633908124
5,0.04571410056282195
5,0.03357545442746176
5,0.04359065538107475
5,0.04047300410257064
5,0.034036311307565806
5,0.03047557724174651
5,0.027173346482952755
5,0.04610294397161195
5,0.028705645396274033
5,0.03959242577354051
5,0.04712269288777875
5,0.03896913300496912
5,0.03091122915613135
5,0.05535081716488842
5,0.021314300652474402
5,0.021555274191261974
5,0.0378709328348771
5,0.031051834056567806
5,0.03496342124253381
5,0.032468088787527424
5,0.017387744951721462
5,0.0490775464473773
5,0.040133592286809
5,0.04369255735879842
5,0.03671579215764899
5,0.03702604321664839
5,0.021018762584215638
5,0.047586986212469054
5,0.028354104126826384
5,0.05272664146782217
5,0.036070980146360884
5,0.043735759372858715
5,0.03726781293949597
5,0.02151748979291853
5,0.03009662948833604
5,0.03328728623418619
5,0.039387216256927884
5,0.02664726525372278
5,0.03140074434321684
5,0.030718221472856272
5,0.0448035962684829
5,0.035474143690894494
5,0.03366620230527114
5,0.02412426514749793
5,0.011858244821877315
5,0.01827615160553992
5,0.04712413790660548
5,0.036675429890990416
5,0.042356007818889284
5,0.03310879921635616
5,0.024270458941085336
5,0.03517361440556973
5,0.036637543078815504
5,0.03592671384253494
5,0.04040103826972617
5,0.035664670324548876
5,0.02885302706849375
5,0.01760316927392134
5,0.029478487152826638
5,0.0326395459669729
5,0.048784632932289886
5,0.03506087154154043
5,0.02791028316894033
5,0.03884788272492605
5,0.04690815402435846
5,0.04207108051368307
5,0.03919554316631516
5,0.031674591118884245
5,0.0291107399936202
5,0.022927456116388127
5,0.030993287866363163
5,0.022474790770198583
5,0.017014071554404486
5,0.03675100339934677
5,0.019100038574803507
5,0.04371068465731439
5,0.039609836121122254
5,0.04134186911711459
5,0.028895086623512867
5,0.029610355033857765
5,0.028451633774010963
5,0.039706360786154624
5,0.01616344690985192
5,0.031262353852515634
5,0.046893306158981705
5,0.034509217397287774
5,0.031453957306127205
5,0.01868382949421383
5,0.02946790983072376
5,0.03242949396973126
5,0.026673551904934582
5,0.04722766036230551
5,0.043890639605327575
5,0.029031510376228954
5,0.03141816618963824
5,0.035251554897431314
5,0.02425358094697249
5,0.010361935248706187
5,0.03667594073051124
5,0.026772942101857385
5,0.03054944316025619
5,0.03615347504365486
5,0.02862222736187542
5,0.029172176731994903
5,0.02710177272495125
5,0.03147922508340591
5,0.022967821114116792
5,0.03202388981717029
5,0.020774227921219572
5,0.020529429627954864
5,0.02987538607833328
5,0.031127607864606794
5,0.027929713866012878
5,0.03831353477181808
5,0.03085380392825086
5,0.022177325511115308
5,0.019106647617312827
5,0.04566505849365302
5,0.02616236646593199
5,0.04502528023729596
5,0.03680594566858628
5,0.049882183786956136
5,0.03640490488024674
5,0.027197850155520155
5,0.024144714924157627
5,0.0219546872602742
5,0.02498203301091468
5,0.012789740667945132
5,0.01940166904923885
5,0.02955417442149656
5,0.024287515864975746
5,0.03895923715222547
5,0.02217597002216609
5,0.028780131102200533
5,0.02930657379534855
5,0.023607540790801965
5,0.02863290940801554
5,0.027487479375560543
5,0.030989709201856598
5,0.027074024887907944
5,0.026947807894705456
5,0.01933537630740601
5,0.029260314240275236
5,0.03042861689665583
5,0.015474101789323222
5,0.042930195608993714
5,0.022274325726423756
5,0.02472985366417227
5,0.02266371414666183
5,0.012147091151109166
5,0.03256958595447967
5,0.029866580387865705
5,0.005522971902343776
5,0.03492501612118707
5,0.053681073102927544
5,0.014257823697976907
5,0.023441377268282937
5,0.027858884086538055
5,0.03090364382017783
5,0.03482313745325037
5,0.01850536403788084
5,0.04042911403837081
5,0.027514539687533486
5,0.03389876537434172
5,0.027657843635875035
5,0.027026509759796147
5,0.023585246171953452
5,0.02012383965331684
5,0.029948926094067286
5,0.03238793963286778
5,0.029725277013703876
5,0.02193930718430485
5,0.019694563568201373
5,0.03321729537906217
5,0.03819550371201238
5,0.033257923297287426
5,0.03471977980457558
5,0.022247993601155668
5,0.0335203502013585
5,0.028991467646359542
5,0.017441759300526372
5,0.034350010274222596
5,0.03220660037124446
5,0.018186883882572898
5,0.030781100343636535
5,0.04447890148062257
5,0.04002338692744289
5,0.03787270972811543
5,0.034163710484662976
5,0.028365183771986584
5,0.03443180021180388
5,0.033516803186306954
5,0.0399338538802022
5,0.022140431233425913
5,0.037637475649108
5,0.03335714577365796
5,0.03355875089207059
5,0.026609344129522917
5,0.014487053165696994
5,0.019726325919672626
5,0.02958276854065131
5,0.020618977277336154
5,0.03400732432449033
5,0.031716009557672016
5,0.021508914533504175
5,0.03258916503567132
5,0.030646255015391772
5,0.03359246128954883
5,0.037451561439234574
5,0.04178502469297905
5,0.03168742385177949
5,0.036203878015924805
5,0.03597387769222373
5,0.025346694743141173
5,0.05717814696382947
5,0.03212867400469811
5,0.03315019674952137
5,0.04669507733295461
5,0.027658245501526492
5,0.050726807670241424
5,0.03121462886416563
5,0.03453841199026339
5,0.020579869476068425
5,0.04168446724518403
5,0.0295929860400575
5,0.026265608725819643
5,0.027542852491883797
5,0.033005252527537034
5,0.027891594589784758
5,0.05686897640769316
5,0.04154271166646967
5,0.03727410840552206
5,0.025942123080572373
5,0.035856995294701134
5,0.018019680659755902
5,0.028871559333851344
5,0.028863364999858376
5,0.03419029817753239
5,0.02718059086157957
5,0.036057093890349425
5,0.022303668256242217
5,0.03620933737176722
5,0.027924597872630456
5,0.026031058730851164
5,0.05433706259345825
5,0.038772723675241386
5,0.036571505903906454
5,0.02805629469266201
5,0.027388888847940385
5,0.025959195623073323
5,0.015442751717304224
5,0.026557343270311822
5,0.02120016111657309
5,0.03453087668831257
5,0.014967395699593516
5,0.037044885500535286
5,0.025542532989245016
5,0.03434445857105345
5,0.03997959310338571
5,0.03343443913669971
5,0.038464478509431944
5,0.02697880326608256
5,0.029167002940131654
5,0.03409745131795654
5,0.041519821656332445
5,0.03231909190248298
5,0.018712131220894174
5,0.01842898446111944
5,0.041718715118136455
5,0.01989404720998793
5,0.028839406798223454
5,0.02633588093122883
5,0.028546378852711156
5,0.022343325878177132
5,0.050263242939617966
5,0.02782893896129242
5,0.030804027218907237
5,0.022256857655110658
5,0.03634154403608471
5,0.03986867682720306
5,0.04568615492848279
5,0.029050247409378775
5,0.03674844177762434
5,0.023471732936098173
5,0.02404871949938405
5,0.030076315784764156
5,0.024059243836818577
5,0.030434839121838614
5,0.033935297318696725
5,0.056571893137302265
5,0.015596244665922496
5,0.028921468858718408
5,0.028334685619761695
5,0.0170533833183182
5,0.03382183459566514
5,0.03489995239946926
5,0.0286774535856891
5,0.03314248127314221
5,0.04152225821010079
5,0.022720484080380306
5,0.048653036052867964
5,0.04185528032369518
5,0.04612912963411815
5,0.03505694037753686
5,0.0345031363447494
5,0.04949432119135529
5,0.021364609512841023
5,0.029715954964028964
5,0.04265140116028438
5,0.031059403089923353
5,0.02924316357053649
5,0.023503383732382994
5,0.03591449010596991
5,0.05337428181658629
5,0.032849029961436564
5,0.029904961758233373
5,0.038251110623230784
5,0.04430189333686428
5,0.03628339957199902
5,0.038865150985053026
5,0.04094881080926422
5,0.02819401778995555
5,0.030231686953022262
5,0.04771040365125744
5,0.020114121880286797
5,0.030548827927190686
5,0.0345494886907079
5,0.03196352384813137
5,0.02940881401302395
5,0.019608856480799776
5,0.03737177719920019
5,0.031965009897148164
5,0.03320295833950672
5,0.032117650449383
5,0.034365996948886826
5,0.0334045577912775
5,0.029613555070388976
5,0.03507265618280071
5,0.030737652609666637
5,0.04211620999564187
5,0.030646447947265853
5,0.029790695359750395
5,0.03630419319035634
5,0.039027692507742184
5,0.015872354101745173
5,0.0391852743922863
5,0.04142146036618975
5,0.042228233264768475
5,0.05763638464542731
5,0.03298874943233664
5,0.026584838294756975
5,0.044718133250288526
5,0.040660698043914326
5,0.02981359224293152
5,0.026852068763232113
5,0.024815863636769697
5,0.040545713168052624
5,0.0298872059570374
5,0.019568032497388126
5,0.02809964606401636
5,0.011508570588072035
5,0.03143894558497636
5,0.011225144686279363
5,0.018523487318290212
5,0.029353817340834837
5,0.023010832595923025
5,0.030434988962657
5,0.04411422511183931
5,0.012422994841465827
5,0.02786695146973004
5,0.02678810346700507
5,0.019780806061390526
5,0.029635624849709153
5,0.04350175461454771
5,0.03728546015331628
5,0.03742403118002348
5,0.030252694041654694
5,0.03226818052940553
5,0.04405876705820849
5,0.025442014788852097
5,0.033370040756757015
5,0.02687307479047127
5,0.025184745332048463
5,0.04245976835357506
5,0.03845961038252173
5,0.031128055317395015
5,0.03922529453433456
5,0.025990612467892256
5,0.023743049047805553
5,0.02726035667060998
5,0.056080049518932695
5,0.02722601153877821
5,0.034936220600705246
5,0.036522461876248184
5,0.015016045055707226
5,0.024401939530834825
5,0.02186579245167309
5,0.038735991156890553
5,0.052206563938115125
5,0.01748846164053795
5,0.04223802020510871
5,0.03431511701905525
5,0.0353376233520159
5,0.03699869487383896
5,0.034991495701496345
5,0.03349813931400934
5,0.022159578503698756
5,0.02510380789034758
5,0.022666647737239625
5,0.04233855833127041
5,0.023762791320818405
5,0.016848301888489858
5,0.032686168432987904
5,0.03024240918186182
5,0.035451542509991815
5,0.042667830271467144
5,0.02377714976894775
5,0.03440830575079525
5,0.033475319666468696
5,0.02584031998475677
5,0.03131855991186359
5,0.012469950960712597
5,0.03195519109117623
5,0.027749085672653283
5,0.03393895003326284
5,0.02609269371240728
5,0.026367907616281633
5,0.03367049051647198
5,0.02259825394279662
5,0.019360149183761107
5,0.020290589977635082
5,0.033983923651255764
5,0.03941769127534683
5,0.026286446489394395
5,0.031957603351178435
5,0.024042409363388945
5,0.032742990052661035
5,0.042272338426839244
5,0.03620654241470432
5,0.03273318919789496
5,0.028680369956531487
5,0.03397106153220194
5,0.04193732049957098
5,0.025186993345868703
5,0.03278678278941881
5,0.03625185435907182
5,0.031637254402120445
5,0.03558614601404623
5,0.025731841092425774
5,0.016700539174962597
5,0.020303518620354614
5,0.019287796595497966
5,0.050871862589155194
5,0.02919270439531897
5,0.0292813556348214
5,0.03083327201200407
5,0.0291492067009196
5,0.03120317591150378
5,0.04103534686803625
5,0.0439154064718049
5,0.023348680288098386
5,0.025001461272504345
5,0.02997646310360726
5,0.028114215972032053
5,0.02807229150897056
5,0.02401106130263967
5,0.03328663160995818
5,0.030426353190196053
5,0.01858276735786367
5,0.034179933761460765
5,0.03544517737882068
5,0.032818977310653745
5,0.02472685602525662
5,0.03991413115353343
5,0.03349972286225057
5,0.029873401444120234
5,0.02396124078961971
5,0.04139434123087009
5,0.020335132852821798
5,0.03604707264448585
5,0.011561263990743373
5,0.03617073341204875
5,0.03178329480847218
5,0.055705045316120416
5,0.027345590284118926
5,0.027906714017571017
5,0.040673514964932225
5,0.025329835054368928
5,0.024491519316427145
5,0.03342716775746614
5,0.030092183208032464
5,0.04179337258902764
5,0.04030086032933165
5,0.03299644042698041
5,0.031059221683027473
5,0.032679472752705226
5,0.03133241679324508
5,0.014079518003239061
5,0.04549924807372385
5,0.041084518514663715
5,0.03132812696017123
5,0.020570708646341952
5,0.03152636418282787
5,0.033660117571961634
5,0.04081280465653258
5,0.039564595538636296
5,0.043636109766356325
5,0.04128153216002651
5,0.022611337630252047
5,0.025415655015379103
5,0.03675789353979074
5,0.04287877640196397
5,0.028123649583243326
5,0.045271655111581155
5,0.014145409417989524
5,0.059652619554707006
5,0.04017218527082726
5,0.02700564741501852
5,0.05890600087626523
5,0.03339671298951356
5,0.029115271122091068
5,0.025187149198039483
5,0.03712699918607763
5,0.04138555776847565
5,0.024653383418245273
5,0.04183582622746009
5,0.03827889758562399
5,0.02537000540503742
5,0.027385595220765824
5,0.03473896463476829
5,0.03620102961652567
5,0.025986672668910617
5,0.03188225297722689
5,0.01395720014619572
5,0.03763754754012612
5,0.03468087896856033
5,0.03318691496540533
5,0.024504709911669233
5,0.029896936360225952
5,0.018222634912211485
5,0.031970943302823074
5,0.024068348961134283
5,0.05805456157408655
5,0.02966393753170138
5,0.04767706386206194
5,0.028980230934103974
5,0.039639521647876916
5,0.03990302526555678
5,0.03464615504779402
5,0.036768430873461065
5,0.03051641832396369
5,0.025461166854253876
5,0.014681215115603363
5,0.030948151347236875
5,0.039621097976898716
5,0.03806440556254872
5,0.03386760411094732
5,0.02863264381948661
5,0.032369315231275106
5,0.0281398148619326
5,0.04273611558273471
5,0.018914509810069428
5,0.025277434840074248
5,0.029788201536673987
5,0.04127576491265713
5,0.022442093007972293
5,0.0322433481610502
5,0.038227309327216005
5,0.03436859989907752
5,0.03565291429169938
5,0.030059094311322733
5,0.006036155605409552
5,0.03227095441214532
5,0.03021817328346952
5,0.022682118432863538
5,0.03364563892490092
5,0.030686875718934675
5,0.023328216797479182
5,0.030316237002944814
5,0.04110893140876743
5,0.023116162766718844
5,0.037573044491845245
5,0.031388979730787026
5,0.024806497777492074
5,0.03066574092914236
5,0.022101398795992815
5,0.038485078113420015
5,0.04170147808756387
5,0.027780379981275877
5,0.04284633897667035
5,0.028721684947300846
5,0.038819356590513186
5,0.04924349532169358
5,0.035570530254925674
5,0.030912328934492212
5,0.02936180021753098
5,0.024053175326524102
5,0.04588378904911093
5,0.03007097236379188
5,0.03476078156546119
5,0.03705552489098332
5,0.034800766772676274
5,0.026312815993631188
5,0.025891859219511558
5,0.0366810995117568
5,0.043015342735242997
5,0.0379790871329242
5,0.017201269601555443
5,0.03251235005653168
5,0.050320661292786326
5,0.027683787223146905
5,0.03232765357998862
5,0.05309194884834558
5,0.02152883312341671
5,0.037337803813400086
5,0.027364162530081327
5,0.025410901394457452
5,0.0281806386370698
5,0.034154687206431854
5,0.042382009790685536
5,0.03172713070635765
5,0.037190633299019574
5,0.026007254168987186
5,0.029330217440451174
5,0.009007543484711663
5,0.04065526665359166
5,0.02712089457189485
5,0.029670618795338007
5,0.03813252439130575
5,0.019800464483460865
5,0.029660811843729495
5,0.018574111757664897
5,0.019743144600992482
5,0.03313054056169482
5,0.04124907868738743
5,0.012620012874137646
5,0.033325475368220614
5,0.022638310882100367
5,0.031093107252384698
5,0.0460311768756112
5,0.023386703047649688
5,0.05327232195226829
5,0.033799757091923545
5,0.03659982715482281
5,0.01919748737470706
5,0.02786021255893889
5,0.02589938294483245
5,0.02150406904852476
5,0.03949667438456399
5,0.024539869614469117
5,0.0187685457826698
5,0.03271503768239236
5,0.030193996047932502
5,0.04114479704431757
5,0.02854438360449351
5,0.02780705034549357
5,0.02725298157845904
5,0.0459252178625217
5,0.03714764893485101
5,0.021335930753292154
5,0.037018768394836414
5,0.026221592888303464
5,0.0399199340920554
5,0.02957636845760586
5,0.02789859880972197
5,0.03361674162634806
5,0.019325393507928584
5,0.03463323367855735
5,0.05433163365166589
5,0.04140886475623069
5,0.027460938486446172
5,0.04241296518201609
5,0.029125674749985835
5,0.03752459606831686
5,0.044536695028517495
5,0.03035490520002345
5,0.022700881899984197
5,0.05121345493355909
5,0.031155852254993854
5,0.04346435741908492
5,0.040096578757616824
5,0.036689891190298835
5,0.030706825439123293
5,0.03721057010675991
5,0.045322968850541684
5,0.04187552401721297
5,0.046389553112211906
5,0.03868964951561528
5,0.03952200232223961
5,0.03721213877860926
5,0.03303447212308898
5,0.05165086863955335
5,0.030590346624361203
5,0.039902681782583146
5,0.031777193697996184
5,0.036225480843196066
5,0.01362060483959418
5,0.020127287062798864
5,0.04185126257913169
5,0.023068746493330017
5,0.043189611195148886
5,0.03204856434558504
5,0.0276043536709653
5,0.023909064654572865
5,0.01687477345518222
5,0.021963109724349332
5,0.037661974936643375
5,0.039310035548808506
5,0.0233513679996909
5,0.025916390900006803
5,0.04360029231159269
5,0.024286254736864164
5,0.020742788657128308
5,0.028449027781961893
5,0.03652543518187247
5,0.024829044302431248
5,0.02510675569911036
5,0.048769612871624936
5,0.019675786832537758
5,0.0420008075080135
5,0.02670979863661873
5,0.025419295768934286
5,0.040729844766012505
5,0.033477145482019764
5,0.033606103072133096
5,0.027850540617503826
5,0.03444702668983271
5,0.031946221847821754
5,0.03377302214711513
5,0.02564542769778293
5,0.021288913473889857
5,0.035215040674724044
5,0.03746391635948658
5,0.03940193487372031
5,0.026065063306866237
5,0.040955325878599576
5,0.033909599074058425
5,0.029013609286733372
5,0.02953790210196928
5,0.0343371154141023
5,0.027104211519441264
5,0.03242175392825132
5,0.03970731235126925
5,0.02995025100283088
5,0.029905512564311638
5,0.03785611966030229
5,0.03671134307225402
5,0.03375791816564641
5,0.015390580819752277
5,0.04432372287113345
5,0.04631282588126341
5,0.04468638043740584
5,0.02230744685044393
5,0.039692318178912236
5,0.044803525741828734
5,0.027364422091654166
5,0.01591325113943717
5,0.03183859989982689
5,0.027583884338243693
5,0.0350867816267152
5,0.04138918979955288
5,0.03689851046065213
5,0.045329823839834686
5,0.01717637478572099
5,0.03528170077269999
5,0.024628179001278706
5,0.04012190213301155
5,0.03781523938810142
5,0.033623293996328275
5,0.024520100755273336
5,0.03850205158068003
5,0.03274204522066031
5,0.038519207941631356
5,0.03599391464384892
5,0.01838736787259976
5,0.03825789946929786
5,0.026520286244573983
5,0.04022940798924963
5,0.024198285198937027
5,0.055385858835443905
5,0.026419580566838918
5,0.018282689142203157
5,0.04757404734200127
5,0.03114995141576804
5,0.012874738994786411
5,0.030029135142989827
5,0.02002382580526031
5,0.029471942172308797
5,0.03846184190840476
5,0.011490792195460496
5,0.03713395938684487
5,0.032291480869936134
5,0.027369987612248743
5,0.03145621745202235
5,0.017902128376908126
5,0.0332084577413495
5,0.03421493128330551
5,0.021289431075742098
5,0.037286417036171596
5,0.027270254995859926
5,0.023585093471214853
5,0.032554557121755534
5,0.04724828479883022
5,0.034637996976355986
5,0.02112398358987979
5,0.03482491251886306
5,0.018915621825779272
5,0.042205386423993185
5,0.01657312161488068
5,0.037208863983557876
5,0.03061478022226417
5,0.03117201543557633
5,0.03630043990686524
5,0.04671014146697925
5,0.016088613188765567
5,0.044904261746911665
5,0.03107595701833099
5,0.03715222393080373
5,0.04326336796848114
5,0.03522545339497028
5,0.03768621878664337
5,0.04422830838961818
5,0.043579906621768916
5,0.022491554412905547
5,0.028417947206947063
5,0.016505010894414036
5,0.01894221080910472
5,0.027586533934153324
5,0.02765881844259374
5,0.019769196722303584
5,0.019624601410700958
5,0.03379907365511462
5,0.039606046098708915
5,0.019886484562418573
5,0.04060598403256792
5,0.042226777421126425
5,0.04601738155633772
5,0.015719335832447903
5,0.036017621189706146
5,0.022854794422144643
5,0.043047763125475855
5,0.024285069757079975
5,0.021166868679833334
5,0.03970315988277118
5,0.029369470242974576
5,0.02598447369496676
5,0.03794597898413513
5,0.03824555963659829
5,0.024992082196179162
5,0.033722501773887026
5,0.020792694128855517
5,0.04026115760843252
5,0.02721284742695911
5,0.016392575749569475
5,0.042198504123852024
5,0.03761383489825237
5,0.023643391626770503
5,0.02774337009225289
5,0.03900803001391772
5,0.03227794619504562
5,0.03091570805646523
5,0.02146623713173046
5,0.03362320334116946
5,0.013365082426071742
5,0.02071332849233784
5,0.020235017522358806
5,0.03564403508380303
5,0.028124321104135035
5,0.04865048094100969
5,0.019579068353525957
5,0.05267583919966671
5,0.04083355512320897
5,0.045262512437785854
5,0.0282024090564622
5,0.03576159106285281
5,0.04320694982947224
5,0.02589558515526974
5,0.026487636456018614
5,0.029639003409301888
5,0.03670736439582593
5,0.037619194661818955
5,0.035620204257116796
5,0.04203236838170701
5,0.04088216778970457
5,0.053958512640268554
5,0.016193341061383204
5,0.03379966081821656
5,0.022739227238035415
5,0.01667248952297137
5,0.027243281394467623
5,0.024773664296290247
5,0.03331248529604431
5,0.037910062169409564
5,0.050081204533801535
5,0.05047413519148669
5,0.023414905704701172
5,0.035033222219140826
5,0.02554366264690317
5,0.030923779952636808
5,0.02631790449569519
5,0.033107550812944114
5,0.04063461518757745
5,0.03226614900750039
5,0.03895349915029987
5,0.032707459993430485
5,0.02381665490808698
5,0.0175617562160399
5,0.015721495080154645
5,0.0411763043428231
5,0.02597718365073346
5,0.028630331288220335
5,0.036197281790131444
5,0.03344882822609112
5,0.019659008116750528
5,0.022011723433556753
5,0.02600243651928825
5,0.03181554265376404
5,0.042516772324133825
5,0.027789113902501984
5,0.026076709186856773
5,0.02241588181993321
5,0.037906326617350085
5,0.04240663862455367
5,0.036665318874759975
5,0.01744933370328875
5,0.03286995058689556
5,0.05062719886939182
5,0.03754029635670022
5,0.02829777418596353
5,0.027515201424713864
5,0.03167858984705861
5,0.042486218669095306
5,0.041719386461500446
5,0.044115858776490324
5,0.033722736222562916
5,0.017280628390473125
5,0.01204456621690816
5,0.03970295532369963
5,0.03211351832686103
5,0.042532192779506935
5,0.03313380595934801
5,0.044689019910605886
5,0.03523041390414313
5,0.03251794068189049
5,0.030793342882698138
5,0.02691311865996615
5,0.03668807021289262
5,0.0289106310931604
5,0.041758980429542014
5,0.037832927785948926
5,0.03463080578154783
5,0.05074270095044982
5,0.04454788927105099
5,0.02502431679935923
5,0.03343504393435327
5,0.04311443223387221
5,0.03575653661461993
5,0.028140716215839412
5,0.030982784923914687
5,0.04155247438105276
5,0.019316944427328932
5,0.04344057748417538
5,0.02556145605779895
5,0.04482677329345518
5,0.02606748537547
5,0.029309110593084907
5,0.07047957954816027
5,0.022232490948192723
5,0.032002345962220555
5,0.0216686308773426
5,0.03864806567623792
5,0.03886738581427528
5,0.03264322704938632
5,0.03772251797901437
5,0.026944624847349562
5,0.021886476555087894
5,0.03017920511925102
5,0.022356051010130346
5,0.024506469085179318
5,0.032428648631078576
5,0.03355613622336044
5,0.035793460383092016
5,0.03176703201915747
5,0.020468152840434194
5,0.04262926126436224
5,0.028936981237528654
5,0.023062151423798683
5,0.027981540881555418
5,0.025731949389407992
5,0.051630486828169196
5,0.018121706377308946
5,0.040946385991467354
5,0.025874572737556202
5,0.02867490427250514
5,0.02624420857091584
5,0.026727695358240412
5,0.03361335258663288
5,0.01877845689787605
5,0.02159733987781306
5,0.03498665137573047
5,0.03171446553984408
5,0.009155202635663232
5,0.015514267530238806
5,0.03812076131199697
5,0.025733967216138486
5,0.05094911081780908
5,0.031751983927846575
5,0.03798922350967144
5,0.02480476109174796
5,0.041660608860879966
5,0.03626744259510833
5,0.014150402730571521
5,0.03134611378272823
5,0.02940066033909202
5,0.02181502888679125
5,0.03629130682926489
5,0.019850604469343308
5,0.013861016885286636
5,0.03585262386481143
5,0.016624282831075584
5,0.02792247439775768
5,0.027737545138064208
5,0.035605850346316324
5,0.036427957279371204
5,0.013469850939615368
5,0.03844590276773729
5,0.015836904829970383
5,0.031866752423898484
5,0.03836001037707688
5,0.040902872643922554
5,0.03232478796449747
5,0.04186660852596416
5,0.04035120756838308
5,0.043030910041548985
5,0.024861186024728518
5,0.056672854303378026
5,0.03148505961540006
5,0.043698601588928486
5,0.03220221271553013
5,0.040104949798547423
5,0.049299966020522765
5,0.03099767361402918
5,0.055379155520877264
5,0.05481422801930104
5,0.030997348682748994
5,0.02797826795903268
5,0.040452763990316234
5,0.03773712310883693
5,0.020930949123084314
5,0.038057163432113614
5,0.01956076288960017
5,0.04437193295711631
5,0.04279514483283722
5,0.03190251191468764
5,0.03934119396234204
5,0.04492700110287874
5,0.041058369647332595
5,0.026152777357887968
5,0.036692809068949415
5,0.020993620485857328
5,0.035006141512875386
5,0.03738063434737095
5,0.04085091166433301
5,0.028998653773136464
5,0.0462623420740889
5,0.027507846806532777
5,0.03860669409043129
5,0.041581697859622554
5,0.014884170290629236
5,0.03941797001558086
5,0.027785736126154186
5,0.031670350562276926
5,0.04974870179816553
5,0.025735845719585294
5,0.04496785624016093
5,0.03701495451148358
5,0.02732424125737241
5,0.030647526357113368
5,0.0382132980475828
5,0.04667591967678793
5,0.04596487072545764
5,0.026464510016887793
5,0.03443039241088842
5,0.045299600204334746
5,0.046839763396133174
5,0.04020817247478383
5,0.03211127153946963
5,0.021618653787471204
5,0.03996595196461443
5,0.04418197040953091
5,0.038509692690325024
5,0.03787954817593486
5,0.03283363680310643
5,0.029010105359516203
5,0.03695919285871322
5,0.04552990130638303
5,0.03217682780990908
5,0.044499935530050126
5,0.02462203583312521
5,0.03295120163808833
5,0.030223176096312466
5,0.028973242847026022
5,0.043142380816510284
5,0.02134941508473213
5,0.013436531885736427
5,0.03308921255423859
5,0.04273661168971017
5,0.029059362142672646
5,0.03958687154099534
5,0.030322446091261716
5,0.037490209802056716
5,0.018603672295687334
5,0.0157463688787839
5,0.03541021293039124
5,0.025395095234722963
5,0.03092776428919347
5,0.030289280242723943
5,0.028528263783560753
5,0.02825626112686829
5,0.03470703557540206
5,0.046521779094517234
5,0.03987596112355903
5,0.033207493501308846
5,0.019562040739748744
5,0.03447965379730754
5,0.041715800937553275
5,0.019664194100395698
5,0.02334322594235752
5,0.024654223426409373
5,0.03163419474793393
5,0.025029541504630083
5,0.015550381477856142
5,0.025785993090596322
5,0.023941431020007675
5,0.039746050979341745
5,0.021219274714844395
5,0.04230550363937007
5,0.05127785891439318
5,0.03125283899532515
5,0.028629682002161417
5,0.03602660057072106
5,0.0213746402790222
5,0.03158692443941925
5,0.026901001535009194
5,0.032779156578167504
5,0.019160450636323427
5,0.04232218196800903
5,0.04333721659357817
5,0.034495775962308364
5,0.03903887419031114
5,0.016146830164778327
5,0.03516332673027834
5,0.02628404797336319
5,0.02344592758316381
5,0.03419596084741817
5,0.04411125342348175
5,0.050213143750304404
5,0.03358378819080347
5,0.03300485967130719
5,0.0229860967954768
5,0.03895449032895771
5,0.02860693344753491
5,0.025532752499243694
5,0.03273116762044152
5,0.03233533046561011
5,0.033360533806412254
5,0.03641169662962136
5,0.026038382780419877
5,0.02697578755995485
5,0.04015542387264672
5,0.021886322982882584
5,0.02628646801764521
5,0.04112156722797951
5,0.02519409784819567
5,0.047945832818211444
5,0.024786018411318812
5,0.036065516242444376
5,0.030492581241911943
5,0.04027297429029212
5,0.02786654085658537
5,0.037275845507290226
5,0.03736931852611494
5,0.020328268086041427
5,0.03560950648509795
5,0.028717427025010723
5,0.03516012990569981
5,0.023750037580567273
5,0.04355190928791214
5,0.029853822219680227
5,0.03991134078446991
5,0.028795337307066144
5,0.03729874217248439
5,0.021779715037356234
5,0.03753210714419593
5,0.03944299604022829
5,0.035252452495137185
5,0.027517985044565672
5,0.03433947887987782
5,0.042951746956109094
5,0.04169949579235386
5,0.040238196265429314
5,0.025758984757386368
5,0.02803414288444212
5,0.023019182301780506
5,0.025377644555846325
5,0.028196876038230033
5,0.028356614421454363
5,0.02011319334402988
5,0.045605121151244835
5,0.033263886160451686
5,0.03289019747213333
5,0.024282315994742384
5,0.0267395068575798
5,0.0370211410717729
5,0.04633639212337844
5,0.03316091016621253
5,0.024329932534519445
5,0.026919411921036883
5,0.02445720604081002
5,0.03058181075843609
5,0.0318504734963616
5,0.03315256106767248
5,0.035748393380060854
5,0.02192761863811158
5,0.0308693584026898
5,0.03452717309519178
5,0.03909842508109852
5,0.03265000240628692
5,0.05071839310223634
5,0.03956739909269436
5,0.04813460679995734
5,0.0261097741223379
5,0.02446808154064643
5,0.047134208914743424
5,0.02955063183252741
5,0.038621431640827895
5,0.04087351309224351
5,0.03657597347600232
5,0.051262983755121685
5,0.03484646986038935
5,0.02572749201309618
5,0.034419676091887876
5,0.03454279994357652
5,0.03499782888473601
5,0.026143194732644225
5,0.028169922609756443
5,0.0393980193039576
5,0.03843987438149675
5,0.022662585547656856
5,0.01678970948790031
5,0.03284654660666774
5,0.02846767681765358
5,0.04019775293055311
5,0.027029041818584898
5,0.039484741009539914
5,0.035790779686717976
5,0.027364717231331853
5,0.038751130695205235
5,0.026436938216536275
5,0.02742175136379409
5,0.026558078029774883
5,0.03445412295168453
5,0.018277284967940892
5,0.032589875211476084
5,0.02748460222605679
5,0.043621782151790724
5,0.024383728592031344
5,0.031054010733842497
5,0.024542052454766827
5,0.03180149887849803
5,0.017195050918972644
5,0.0442291711149714
5,0.0381144439442272
5,0.03026367283133597
5,0.033637356354938766
5,0.03093687438126468
5,0.02087235469524431
5,0.0325695960530912
5,0.03164889221007099
5,0.050320747143276
5,0.03853093535554162
5,0.03071740913057778
5,0.037139817144952916
5,0.04557138154593906
5,0.01966328228498753
5,0.033374906964587434
5,0.02237274648653016
5,0.03240601971742829
5,0.035642461959076145
5,0.022053270936677645
5,0.030892492448578966
5,0.028384287800962454
5,0.027819704578103094
5,0.03502835116535352
5,0.03947711295032129
5,0.03145195104128376
5,0.029752729643828836
5,0.019274166050229143
5,0.0260041680471379
5,0.03483164701819421
5,0.03906909983148028
5,0.03584296983739762
5,0.039331979444173076
5,0.0386607264402829
5,0.03414624521569245
5,0.024983200110789826
5,0.02733231431903609
5,0.028665190605120162
5,0.033382241006149435
5,0.031082031894127483
5,0.026693300247964936
5,0.03075655869523485
5,0.028287073038903744
5,0.019153363707607222
5,0.03982469234921853
5,0.03901737435072418
5,0.04598279294601136
5,0.04771762611309282
5,0.04129830226573245
5,0.01593345815259284
5,0.030160192525495344
5,0.02325907236185441
5,0.043908608231282675
5,0.0368510257806869
5,0.031235320697857484
5,0.04744295509542769
5,0.026385235722799077
5,0.042488271721539864
5,0.04005148988993187
5,0.0283069254593397
5,0.03865117835511879
5,0.03872819342177234
5,0.03543156204642384
5,0.038694871928415614
5,0.03450414073906071
5,0.035927535418207236
5,0.03138969080753069
5,0.026952455251914902
5,0.019210699669726588
5,0.02277456762530064
5,0.032675094491360426
5,0.03619905136871184
5,0.047008245286706066
5,0.039407769041280766
5,0.03044626025946886
5,0.02595138455142716
5,0.02342134666429773
5,0.03371565166607766
5,0.036636079243753714
5,0.02766896493420808
5,0.03718507069295875
5,0.03665871272154549
5,0.029886567092648048
5,0.029817632225258954
5,0.030354860075264188
5,0.03427870682497474
5,0.025192217116904492
5,0.021660511416541496
5,0.03170071605004221
5,0.021149261705255596
5,0.035248559559770694
5,0.03417214622329059
5,0.01715598951476919
5,0.04811386905996139
5,0.02268841513941769
5,0.03943971136316069
5,0.02831732623026213
5,0.035748220652349026
5,0.03801957847571201
5,0.02227229053328277
5,0.04023534801583677
5,0.03857154447590692
5,0.035181675574672076
5,0.043387287586819076
5,0.03158386643277262
5,0.026609147453153504
5,0.04328224552418227
5,0.041889922949634555
5,0.035519701464858895
5,0.03223421841825588
5,0.03757898384016786
5,0.03344119013958049
5,0.024579345036705808
5,0.028452160293631058
5,0.03364423668596597
5,0.03288782912797296
5,0.02530880643777897
5,0.03766406903564755
5,0.035848423020078166
5,0.03273423984974208
5,0.03313248619897485
5,0.022221424263081862
5,0.01071998210010879
5,0.035137125817928785
5,0.03343849161015819
5,0.02749600161132946
5,0.03760064902425162
5,0.032503880112413334
5,0.020291752818734906
5,0.04872036606297993
5,0.0457186451252842
5,0.03339081807298239
5,0.049196995048719785
5,0.04479725487892046
5,0.0193063746720346
5,0.02595370505767445
5,0.03479246218760056
5,0.030779768436704567
5,0.04072247392504068
5,0.024157737438125187
5,0.026695098961068597
5,0.01331344526465797
5,0.027379704556790074
5,0.03436081046090612
5,0.035565059948610554
5,0.04251798938187966
5,0.029484102858103423
5,0.04454024278694352
5,0.01883974676760346
5,0.022558086321639366
5,0.024717708345534807
5,0.019057452090040717
5,0.042084308664462985
5,0.0348140304952068
5,0.03819840007230795
5,0.025240258387724878
5,0.022978177118593707
5,0.042094469644377484
5,0.04694174599930229
5,0.020453308392863818
5,0.035259753161883574
5,0.030113723070368737
5,0.037098296437910266
5,0.03816069784795402
5,0.04197822722025648
5,0.04515816411764753
5,0.03902321073631905
5,0.03149448473933346
5,0.04088236212854381
5,0.039685468303480576
5,0.028778779174312506
5,0.03123588335293447
5,0.02159266020833934
5,0.02639819555649809
5,0.0165021561390672
5,0.03250650163773835
5,0.0326204520305528
5,0.04367729829011262
5,0.04252579091084687
5,0.024032423522316243
5,0.024999975428894046
5,0.024510966240715453
5,0.026329994051235817
5,0.037629116157636686
5,0.054762463462228385
5,0.022457788556133583
5,0.03647555102705012
5,0.029728792357518297
5,0.05480324944422702
5,0.032115561150568975
5,0.039304630711036195
5,0.027220511120236778
5,0.04112802531865157
5,0.022473379810436338
5,0.022136558639929253
5,0.04205615497848882
5,0.03340280699730132
5,0.03941202316566992
5,0.042328688307133294
5,0.030351082347582003
5,0.020931068790473416
5,0.02152720939175032
5,0.03944782852876847
5,0.03409159889229922
5,0.051937064918928987
5,0.010609480936261012
5,0.04500907577825927
5,0.023579481802567543
5,0.020375718724137563
5,0.03406502162341877
5,0.029932469279950562
5,0.02136014612904582
5,0.0267980540224362
5,0.03904143990532649
5,0.03810359531024561
5,0.03400797511333039
5,0.033561689453228065
5,0.04819446087119318
5,0.03775918630890872
5,0.03281895081844793
5,0.024279659811022584
5,0.027842343539372188
5,0.01423653798877667
5,0.04184496789321263
5,0.02546251013674398
5,0.033717969419272645
5,0.03974697955176553
5,0.032965870535830916
5,0.02700672669089202
5,0.037017294091518514
5,0.0442697995924375
5,0.030653634022567745
5,0.04123680000297476
5,0.02043901676053523
5,0.03301553983703484
5,0.028261278143387157
5,0.024303743434147634
5,0.028223887459457076
5,0.04158054454533228
5,0.024405951292091898
5,0.03333082977932843
5,0.03166160366827867
5,0.041078585031068315
5,0.03777084174354893
5,0.028331696648698657
5,0.03908592989342803
5,0.040580098249350126
5,0.015014126603670663
5,0.04533740441983479
5,0.03158960752915786
5,0.018236883083188653
5,0.035647530029819054
5,0.027844576189163688
5,0.04507690114195632
5,0.02728850096524238
5,0.024335184144520454
5,0.03315448029905217
5,0.027931910357657953
5,0.04387928291913969
5,0.03581364344960149
5,0.029743433562154274
5,0.0346996100581661
5,0.01942091471749629
5,0.03257170506215783
5,0.030459580207916732
5,0.03180112857059921
5,0.032422084600163416
5,0.03551519781191167
5,0.02953751499641728
5,0.033633338385537045
5,0.018645568285321802
5,0.03600728996863395
5,0.026353615265098412
5,0.030380783296799836
5,0.02632439491837586
5,0.03431404913913792
5,0.04439131199199324
5,0.034955734013280435
5,0.039715463319993066
5,0.04552876093933858
5,0.04258564990974574
5,0.02069699873437563
5,0.035691858234313825
5,0.02881668278839103
5,0.035902814619470154
5,0.03533134204416608
5,0.02214515769998981
5,0.03393959786802857
5,0.04006430893671797
5,0.04761754293123062
5,0.03321261639728654
5,0.043373612420126315
5,0.023735209253051514
5,0.03711546766527962
5,0.037308297513919446
5,0.02722221934668707
5,0.013467077351497037
5,0.02891401122058639
5,0.033032406095601194
5,0.04042664787473045
5,0.034633960706468854
5,0.04239526356308388
5,0.041007453135418606
5,0.03381876102857484
5,0.0374695738085527
5,0.03001775917140296
5,0.028040896386503734
5,0.02964130645051204
5,0.040033861013752566
5,0.025641337708196994
5,0.026261420646326077
5,0.03439707614146516
5,0.02997131156505601
5,0.043152489486415486
5,0.02657417393673504
5,0.03204225376590537
5,0.048800070825543905
5,0.03361747553941259
5,0.03159614482538233
5,0.039821197210394906
5,0.030561584091396032
5,0.03311587708221049
5,0.029695189911715318
5,0.0340489991384517
5,0.035389433902730354
5,0.026181846658418873
5,0.05279831412648187
5,0.038378094707001875
5,0.03950538047210151
5,0.029997160224898782
5,0.04252861380182933
5,0.03484952495056362
5,0.04996559870814188
5,0.033261851130068444
5,0.028005452255021858
5,0.032079649880453046
5,0.021678002884492432
5,0.03137702690988139
5,0.05500409110965556
5,0.022539604361851227
5,0.036193248897402136
5,0.02041260914085131
5,0.02874645236548839
5,0.0177622917369649
5,0.03858745260952941
5,0.03580519304288399
5,0.029670553972012882
5,0.026862060566772823
5,0.026081451785417355
5,0.03656249804922568
5,0.020143865329199144
5,0.03084454065518354
5,0.02531148113783114
5,0.04059891195581113
5,0.020386489692581517
5,0.0367205796550264
5,0.03657978086655027
5,0.035400331504453035
5,0.03628221745359943
5,0.02412737204326406
5,0.02605594558938491
5,0.02204209913276521
5,0.02800900908895034
5,0.025850968063379
5,0.027920491258057685
5,0.034671877214518206
5,0.024867016882950455
5,0.016040911250318618
5,0.03553437971384501
5,0.03391628741971123
5,0.031294485127726736
5,0.025927456011944378
5,0.025065582949450892
5,0.051728633337227235
5,0.03954120443864976
5,0.03816725699890051
5,0.03183733939826776
5,0.03902694823168554
5,0.04880937282766919
5,0.029213304022861812
5,0.020428321713738172
5,0.046271494413913275
5,0.02471194563208489
5,0.0487189005255209
5,0.035324454564585064
5,0.04098359288794485
5,0.035035106930119776
5,0.01629611163225609
5,0.04570592720975418
5,0.04323074197715975
5,0.04071293435721882
5,0.02527917674133372
5,0.037787660848427364
5,0.03905558197055579
5,0.0364741902658728
5,0.047604245128360895
5,0.01942981612830664
5,0.03400827810442966
5,0.03226874177594816
5,0.03744463800533525
5,0.03670829468414558
5,0.034999098845970765
5,0.0599794805755224
5,0.02351307932548975
5,0.015570447458350367
5,0.03550953496394072
5,0.033994923189760065
5,0.03649855195059184
5,0.05798266092612877
5,0.020263218224080254
5,0.029977720053732615
5,0.03192814311097453
5,0.040703272251236
5,0.035534344200231036
5,0.04533821245618221
5,0.033541818195738114
5,0.03955628633168276
5,0.03792287563761432
5,0.040367537909802735
5,0.03783877930976019
5,0.03495512862979881
5,0.03378052060817813
5,0.0331011826665256
5,0.030642280728651432
5,0.01925784708905336
5,0.01737343607871361
5,0.03312340576731637
5,0.027522529296158553
5,0.03374042962877395
5,0.032486481571679146
5,0.04034712316430847
5,0.040925458613243135
5,0.042632777904199594
5,0.03577147239595608
5,0.03969376101258604
5,0.02564202482008357
5,0.032089744184620864
5,0.046638790039279024
5,0.04396655773919671
5,0.04263992078679481
5,0.02998464770236849
5,0.03440231458861849
5,0.036811305354162
5,0.03316599069473079
5,0.03943011845448931
5,0.04688278994821256
5,0.027422805285021713
5,0.037077264021128174
5,0.0414076230426978
5,0.035597860802620715
5,0.04215494356021017
5,0.0348076253214652
5,0.01663504920106198
5,0.04234702570450052
5,0.03874599115765699
5,0.041758598579579545
5,0.01794982249324749
5,0.04173392765774196
5,0.03291146812152932
5,0.03137940202291288
5,0.034182644969108084
5,0.02484140911605786
5,0.031161561666791748
5,0.008623760398797543
5,0.03321985201427896
5,0.0230073501549391
5,0.03404620120683215
5,0.033026148625008536
5,0.03872415258529871
5,0.03245084756145104
5,0.02028173157980161
5,0.023979018880826264
5,0.042741167819258595
5,0.029585782264575262
5,0.01603322231180692
5,0.037568049637295015
5,0.03538009621528139
5,0.024294486085422486
5,0.03233175121310784
5,0.03000860546981632
5,0.03343793948200541
5,0.031275176272840585
5,0.03977372417500066
5,0.04144419522452782
5,0.03831738519393837
5,0.0211753840091278
5,0.02936955493025567
5,0.04312345185942188
5,0.039491335535078956
5,0.03521586895257414
5,0.04485270370418566
5,0.0399673116815786
5,0.03289401559109597
5,0.030071964764640535
5,0.04478163062692371
5,0.03648063208347703
5,0.038886525485118714
5,0.05051359461286985
5,0.020447841725503263
5,0.022400452390126977
5,0.02411632658385184
5,0.04176611950727473
5,0.03236583696578884
5,0.05533188963756278
5,0.030452781598204644
5,0.02366333992051526
5,0.04118844027111784
5,0.04671391873439257
5,0.030236561063167976
5,0.022747919125842574
5,0.03877734385020556
5,0.023746038264808762
5,0.031324637861305626
5,0.03939235771008956
5,0.036979271575039455
5,0.029670337017087916
5,0.029161346532964944
5,0.038867179334890596
5,0.04525409322705552
5,0.031269991914650554
5,0.02997450958469431
5,0.03754980080827223
5,0.03845393504255111
5,0.039486946432433695
5,0.04674257093479017
5,0.024414949563216264
5,0.03706933946121223
5,0.04232103160520413
5,0.03147235886712274
5,0.038834404201998365
5,0.0270017197110863
5,0.03849046447570693
5,0.025136703993137176
5,0.029432769032627638
5,0.035878634543396695
5,0.02985243655657994
5,0.03611336155910998
5,0.03325904108674967
5,0.040622943337180265
5,0.040167055256442784
5,0.030907212740709216
5,0.029294010686512682
5,0.025190123880011128
5,0.03131944711368833
5,0.03996628135096898
5,0.04385345944096481
5,0.03252323953860116
5,0.047510881644806845
5,0.025964145665997355
5,0.03394011384018211
5,0.032873848861316626
5,0.03199562452287111
5,0.01959986624373149
5,0.042804964896167565
5,0.03177419027782986
5,0.04985205434647628
5,0.03572333059845189
5,0.027300742212783967
5,0.024987736120233875
5,0.03026489702924412
5,0.024619688476107633
5,0.036573940232814024
5,0.026769087751823645
5,0.03600226293114891
5,0.027066066841326952
5,0.03860002282836754
5,0.03333793038313357
5,0.03825645902501003
5,0.028615707141312147
5,0.040658645197331894
5,0.03407160587819286
5,0.03880755612924849
5,0.03562065916092791
5,0.04640601901219209
5,0.02605286696376684
5,0.041182554496422705
5,0.016737880218629615
5,0.04625304947882042
5,0.04349881143375782
5,0.023416864999346632
5,0.03381942703859928
5,0.04004374607539226
5,0.0281417547593042
5,0.04846558823307993
5,0.0458050527391065
5,0.023704874674932437
5,0.0349347954830571
5,0.03012301805694605
5,0.03800028460793067
5,0.04479649505074433
5,0.027033692396792864
5,0.02768292212972979
5,0.046852307523727196
5,0.03957616802552444
5,0.02690331087418806
5,0.03227910327918063
5,0.03779199118608499
5,0.013258979489767772
5,0.04204297408112453
5,0.03424198537784255
5,0.04536719745651158
5,0.018993051789269844
5,0.018570551912141353
5,0.03355073531507778
5,0.01675142930510929
5,0.032988333667704116
5,0.036491647227575766
5,0.045339061036392465
5,0.019162491461897958
5,0.031939984969329614
5,0.03810050361079341
5,0.010556842035584378
5,0.0068704439573693595
5,0.035351161141904244
5,0.027980034132742183
5,0.03325028520737578
5,0.03220561152907427
5,0.020558573629833102
5,0.04058949004743405
5,0.031895462580577474
5,0.04361394831649788
5,0.03609005609586586
5,0.03168258229506135
5,0.026374650534326406
5,0.03153493894800739
5,0.020393654333453866
5,0.038517160366428806
5,0.05406210184084128
5,0.033232640028593344
5,0.03703494480759523
5,0.03118939843905496
5,0.030911216153979282
5,0.02868777754905783
5,0.021573026118160483
5,0.047316583642647125
5,0.020625634289515023
5,0.027723447051988436
5,0.03959146223055502
5,0.04488074282994765
5,0.03462733669188204
5,0.03650099553043053
5,0.053877110031975504
5,0.029194130651393552
5,0.02773686492445685
5,0.0387073672128254
5,0.04098143145471121
5,0.027699956194237606
5,0.03508071604139531
5,0.04405137241907938
5,0.04224179573441317
5,0.031608459074781874
5,0.035431524544953845
5,0.025260716718301178
5,0.035424895874919204
5,0.021629363661088974
5,0.035495409322323965
5,0.018892180038472726
5,0.023024483857163065
5,0.023266289329593993
5,0.01684561556591637
5,0.02806887750825305
5,0.025478313789062568
5,0.04425619310846831
5,0.04727389630849248
5,0.04733092118944541
5,0.03156178111603928
5,0.02774430807159481
5,0.030601267223761462
5,0.030540659476373876
5,0.048528231725775986
5,0.02291664123610823
5,0.02806165898630252
5,0.01853071139671223
5,0.03204074843169479
5,0.025969600790898512
5,0.027054187774717776
5,0.023919390226163167
5,0.034424146762700544
5,0.021204935343916813
5,0.028392683797464867
5,0.03215209333135004
5,0.030218789442953038
5,0.025293891888313068
5,0.017670109533139466
5,0.03614484837137233
5,0.027512441563934127
5,0.028741782615716527
5,0.034343033792272826
5,0.03850000103662011
5,0.03618996464563048
5,0.042153632675664264
5,0.037417191411184735
5,0.017903694274644815
5,0.006425341345678669
5,0.02200300184044896
5,0.03695676546074546
5,0.027795185821877323
5,0.05229603647358838
5,0.022648492942502724
5,0.04333758606519107
5,0.030562893717489013
5,0.012681732198096382
5,0.03902231391642481
5,0.04069433087562671
5,0.04468502083500122
5,0.022259309455811983
5,0.019579644289180298
5,0.04719465067673773
5,0.029393879777376807
5,0.03441018206986052
5,0.0440609218057509
5,0.04164621775427662
5,0.025172241228297608
5,0.02853373932811363
5,0.04629656943915025
5,0.03617442157284145
5,0.04080331320374261
5,0.03009019554369464
5,0.03578948217481275
5,0.03866435460781873
5,0.04003483391941567
5,0.028329620135126667
5,0.03498880190770252
5,0.041905486452758954
5,0.020760696717126874
5,0.0428566060881511
5,0.03263392315932848
5,0.030635176050563685
5,0.026292112596439626
5,0.038299436674025716
5,0.04126295763449704
5,0.046480984501775
5,0.02636747427582444
5,0.028860951176600667
5,0.019253489021423424
5,0.0226459886118323
5,0.024749372143492404
5,0.04468628128621939
5,0.043448518419327856
5,0.04007563763421918
5,0.032108399884477966
5,0.04214300771958128
5,0.035388587835278
5,0.031652481353158846
5,0.033917356863079784
5,0.03643766589626137
5,0.03734303312064762
5,0.029690082015382584
5,0.04557925699618416
5,0.040193720601549764
5,0.03692988608949789
5,0.01579517431097282
5,0.043831025124724164
5,0.019287524056389654
5,0.03721491006407673
5,0.05069919436904957
5,0.044142564903629625
5,0.026887258019946098
5,0.028985535671274966
5,0.026620134026038356
5,0.03364183816676924
5,0.024070820827219713
5,0.01991602971723535
5,0.02837704050879975
5,0.03324588576054971
5,0.04225013109213057
5,0.03158288617796719
5,0.033493821594252494
5,0.046488813442268906
5,0.027371690232231932
5,0.023388906270973037
5,0.038605617488682936
5,0.02182819763216922
5,0.027493413753750882
5,0.030407806589350606
5,0.035860782827905044
5,0.018159186723123468
5,0.03518671037354104
5,0.042274753025846115
5,0.03762361185800598
5,0.027859917892898434
5,0.03668542142836358
5,0.023871262044408002
5,0.03653294045892631
5,0.04978650580746968
5,0.02494845366618576
5,0.029882885536109
5,0.03162718200287105
5,0.029383183331621415
5,0.03451996611579562
5,0.03453983908218905
5,0.03378116406943318
5,0.03888918295137208
5,0.028490677378460144
5,0.027755007166999756
5,0.040538092303214
5,0.048138597385667684
5,0.03368052272724363
5,0.03933280986566799
5,0.0333496974190894
5,0.00936635917759281
5,0.02805763112712184
5,0.04441359939951344
5,0.021868523807989267
5,0.04229929777688584
5,0.017872042022148316
5,0.029213937800766858
5,0.0458389715027895
5,0.039259445618989516
5,0.035053526337771056
5,0.0387884057473143
5,0.05723040130298597
5,0.029144155110910702
5,0.02279270878705566
5,0.046251649665826434
5,0.04103271946579179
5,0.036398569534526345
5,0.03317046788234769
5,0.04097266427734075
5,0.04996272679390492
5,0.03595735974579074
5,0.023854881247471864
5,0.028333978354927347
5,0.02504462641778582
5,0.03700925623547341
5,0.04017098454778744
5,0.04094844371338639
5,0.026651981228534953
5,0.049930392340701846
5,0.028279485871013255
5,0.0235598734754549
5,0.029262204198109036
5,0.03483569045470634
5,0.040614257980324205
5,0.03219034840914583
5,0.04007324576651237
5,0.025068227624793032
5,0.023178248827123514
5,0.03099504715502318
5,0.03104221689435699
5,0.03547453820213937
5,0.042711440300253256
5,0.04082104693182165
5,0.031009245184115623
5,0.024566250137665537
5,0.0438433814454124
5,0.037356071526688635
5,0.027786517656279645
5,0.05075881230928323
5,0.04750764744368104
5,0.02500284965437196
5,0.017158347792330903
5,0.011388738687407165
5,0.038555657396588366
5,0.04423688455027432
5,0.025838108144797468
5,0.04606363211978211
5,0.03584068624828972
5,0.022673802249018004
5,0.009844076558778763
5,0.04993213595616032
5,0.033674372599288266
5,0.028234362247094406
5,0.015840143181993047
5,0.03756205845956839
5,0.04101935914134522
5,0.004892464595820364
5,0.010993168624501285
5,0.023279972546588264
5,0.04659168105110261
5,0.025632376069847966
5,0.02492989996447003
5,0.029958764206964257
5,0.047400041249267146
5,0.026839662363553805
5,0.04611307573984181
5,0.03491057922379262
5,0.04097311458799314
5,0.034407633026898796
5,0.02836107936245579
5,0.04220037339772982
5,0.027553411904774488
5,0.008868815421077227
5,0.024558893387253578
5,0.032019843931037226
5,0.03802170969170772
5,0.041258916245737
5,0.03542968488848729
5,0.03036193650486585
5,0.033966190335681753
5,0.04012802033248884
5,0.03850688683831922
5,0.033214762323845105
5,0.03594018438508501
5,0.0455364264508508
5,0.03264253084843906
5,0.024606952142401845
5,0.03369527935850562
5,0.03274087255508518
5,0.040688596588184626
5,0.03695649415798004
5,0.034916915858708084
5,0.03500119365666128
5,0.029624315083660525
5,0.037852052537758786
5,0.025841058745803835
5,0.03712138476330073
5,0.030618266715009324
5,0.017729791601159804
5,0.04274535400640452
5,0.028842456822460127
5,0.03492974042101442
5,0.03180326139453293
5,0.017157597804092792
5,0.03156007289927997
5,0.013256601332485568
5,0.04365732990021526
5,0.03300079634424748
5,0.024502072237016267
5,0.030659981702466664
5,0.03290962821339401
5,0.04400512379957114
5,0.02463118906169866
5,0.043110971668725205
5,0.047949265417106764
5,0.029828994364539414
5,0.03330145224985048
5,0.029153467746826995
5,0.04487293238684771
5,0.03221738610278926
5,0.034046316366464394
5,0.02875093313458585
5,0.034460026093594914
5,0.03656759536219864
5,0.018579558119716687
5,0.03422658962947471
5,0.02808194060092068
5,0.034251309539846134
5,0.04258769533524142
5,0.031216919799346033
5,0.04282220842708697
5,0.0292295391914717
5,0.03950376045422262
5,0.03648208045145108
5,0.01966791367655702
5,0.032295614764447075
5,0.05132782564492576
5,0.02481254557303076
5,0.028677865186139122
5,0.023822407134781776
5,0.008119320450780506
5,0.0313405959594262
5,0.01841523257791078
5,0.03237334862460375
5,0.03759350750493036
5,0.022233575491211265
5,0.037408231574182334
5,0.03899094982919092
5,0.04021272418173982
5,0.02996165994987885
5,0.04427595045489528
5,0.03735975509251967
5,0.021197521317251018
5,0.02613621218708375
5,0.02596431281796354
5,0.04166158154061306
5,0.05781764413393196
5,0.038628830486082365
5,0.043065702862138545
5,0.035403901885431646
5,0.03347813627645206
5,0.03372251942317973
5,0.03754203851236261
5,0.03411513963836064
5,0.022359161717275252
5,0.041913029442133085
5,0.05144386698832297
5,0.0231514897882238
5,0.03964769340254185
5,0.04172169668662605
5,0.031635406627825505
5,0.03248912715955639
5,0.039290674491030075
5,0.03001209454466266
5,0.02457504912922727
5,0.04061421480189861
5,0.04249000103594773
5,0.03417562637603912
5,0.024536940194290167
5,0.03763711495785604
5,0.030015709018510795
5,0.045350918459229686
5,0.03938902311039916
5,0.040737151999555896
5,0.039038298442727916
5,0.038363066820892085
5,0.037643192884749925
5,0.024355408990867893
5,0.03588640366262781
5,0.03506916516531387
5,0.0243154446166298
5,0.029726134236636677
5,0.02560602822722647
5,0.018275667507139933
5,0.03654307653510621
5,0.030648270484201146
5,0.04046890385049672
5,0.029053457883444857
5,0.03139681258587233
5,0.021921447725065293
5,0.044428540463697326
5,0.033277456233269956
5,0.028309172285486683
5,0.029064036955280582
5,0.04739190206635245
5,0.017083307569818507
5,0.025575849221621177
5,0.03848761624138764
5,0.020094399966147775
5,0.03852760853679295
5,0.03526174203499054
5,0.042149688101450464
5,0.03368477621516655
5,0.025328779390103175
5,0.020525284716455323
5,0.03215590947470341
5,0.03494199393242247
5,0.037554816950072886
5,0.03312895715627169
5,0.04721970586935452
5,0.018046466100175303
5,0.038126624499252436
5,0.041384888084493296
5,0.04793871016677703
5,0.032054876417733795
5,0.03136925754513801
5,0.03537661273520269
5,0.03625804830831055
5,0.029792922866200455
5,0.04463319765281814
5,0.038750327218962564
5,0.041831495198798044
5,0.01919590954484419
5,0.040502788787513885
5,0.028786030980169637
5,0.028610747241224855
5,0.018899131406926995
5,0.0309963465466278
5,0.02975743621733955
5,0.02920961757024999
5,0.03648113065266876
5,0.04376149249781871
5,0.03118236805120144
5,0.03770725500468884
5,0.03491724027176472
5,0.0353245241288438
5,0.0453469956545373
5,0.014577800858292059
5,0.029391481556327988
5,0.041214849176712184
5,0.02706687971335887
5,0.024009736041439897
5,0.026304527247777865
5,0.02320531853696255
5,0.032251374584830336
5,0.035264206275393416
5,0.05188749456529481
5,0.022224611294037563
5,0.020163419599960493
5,0.0313231589657237
5,0.032876322173409224
5,0.04599590135267989
5,0.028004629372453273
5,0.038570920378655296
5,0.03069336140317691
5,0.0363484802090588
5,0.03014916631078594
5,0.031578988823502796
5,0.022582531690715335
5,0.044249012151710176
5,0.03991608255820349
5,0.02805599242585467
5,0.029289441141690326
5,0.015636851827329726
5,0.0358255586836686
5,0.022381749551521706
5,0.0294967876320354
5,0.04468255622481515
5,0.03772982178182963
5,0.030599640415764566
5,0.03218460726434732
5,0.02607454314319919
5,0.016092843839180717
5,0.023693559942646252
5,0.024030316311958632
5,0.009892094124459558
5,0.022230786308827084
5,0.03371446756788637
5,0.034400419183455544
5,0.04217461020224282
5,0.05155592907624494
5,0.04660761884695702
5,0.013654715605877726
5,0.006096283475722224
5,0.02769964054859181
5,0.026880618419807024
5,0.02667798537586566
5,0.02692989184797174
5,0.03492951892591585
5,0.041406823192053126
5,0.03698904205780689
5,0.03704919823900431
5,0.01629409269885581
5,0.030179401059721313
5,0.02223523059625599
5,0.0268137121499125
5,0.04067037508339914
5,0.04273691097497977
5,0.027104844960280622
5,0.0424541954738598
5,0.03605493942429615
5,0.030746291488176335
5,0.041054146304336514
5,0.041860725352594816
5,0.02301555104859106
5,0.029160827809456225
5,0.05150197058248438
5,0.023596163744713884
5,0.046351438785285894
5,0.040906874894276975
5,0.02855540002585466
5,0.05880881290733586
5,0.02196277877233728
5,0.041048458745794526
5,0.026544007208995645
5,0.029624951688123458
5,0.03383031496857876
5,0.040224352331328636
5,0.04023496948136762
5,0.03193010016517382
5,0.034782544040136025
5,0.02106262819975511
5,0.05143298396005256
5,0.02388891219630856
5,0.03766436443086128
5,0.03869031650568606
5,0.031467880524411095
5,0.04020332645039223
5,0.013770071528823296
5,0.045872495158080104
5,0.02387037607182217
5,0.025101239539122078
5,0.04022224078499046
5,0.03223530699439554
5,0.03419295011554173
5,0.03665606029052032
5,0.04421262251260687
5,0.02658981050342904
5,0.042598248217119425
5,0.03225065158729169
5,0.030702014959314645
5,0.04274147035428975
5,0.03942462900759285
5,0.03259223127917454
5,0.04620623241019685
5,0.04681633498494394
5,0.03452805905208722
5,0.027189989322312303
5,0.030620443641916174
5,0.01965686266945843
5,0.021025409154608106
5,0.04808949070934348
5,0.02385346584696271
5,0.02416622151189749
5,0.02866357498248099
5,0.028642477271530704
5,0.032424256419130715
5,0.007442355219059454
5,0.026496421426886286
5,0.0388930437892115
5,0.03714013992152311
5,0.036593439417988774
5,0.046895627006374285
5,0.02436384610984927
5,0.043037180845685696
5,0.01524442597317376
5,0.030370825796570345
5,0.04755722009349941
5,0.04138467016877956
5,0.023613523143864723
5,0.008919696172047869
5,0.048834918263068586
5,0.02510066253456137
5,0.03390696380223572
5,0.033090011067817095
5,0.03215531755076237
5,0.03573438865988567
5,0.047973765563903314
5,0.03506898426971257
5,0.04274548919647818
5,0.041734789985095035
5,0.024781142089900517
5,0.03138177702533475
5,0.03481691443170771
5,0.029727569124632692
5,0.034151937117568365
5,0.016903661146036808
5,0.036038254535896506
5,0.03293288117473321
5,0.018007753423789276
5,0.033963631112533595
5,0.02584172599946146
5,0.02113680071838274
5,0.03165467512785537
5,0.045406821894711014
5,0.030675811657580952
5,0.030822675248388227
5,0.030343819789203502
5,0.02583254960788009
5,0.038483722600807756
5,0.04901917394737283
5,0.042098112919630906
5,0.02724353597864122
5,0.029258214530828896
5,0.04631803104561572
5,0.04727518535154862
5,0.03085339016705188
5,0.04496902119490868
5,0.02971974025585351
5,0.054852661689783734
5,0.040018161669205354
5,0.04647498540360024
5,0.050406746627277045
5,0.025210294596234327
5,0.03397830125543054
5,0.0106646574713369
5,0.04447712469976312
5,0.036192533559728304
5,0.03864710582483501
5,0.03609507149463485
5,0.03632489093595243
5,0.033765908734477476
5,0.030211660849764566
5,0.02220126783432402
5,0.03135135517724464
5,0.032785105162840514
5,0.0317999436381904
5,0.02762125420187621
5,0.0300064458360933
5,0.030436316444132007
5,0.04663360218479742
5,0.025025281068918236
5,0.03202345044642256
5,0.033493179084542565
5,0.03403440625748792
5,0.03807725230139292
5,0.03422523676612965
5,0.031300087365015564
5,0.02705983492293338
5,0.03738369699290754
5,0.04903107013421718
5,0.045657244107091155
5,0.02931919841272578
5,0.03011133432766409
5,0.03875710959795638
5,0.039019609536591754
5,0.01706675140924092
5,0.034556617059425074
5,0.03088344172252091
5,0.03122011053177328
5,0.039417239534442663
5,0.03892312167910671
5,0.04045555458166175
5,0.04104610471924096
5,0.032449035949924834
5,0.04751659953841975
5,0.024468185368375188
5,0.020560508674153953
5,0.021241794099798234
5,0.03598192188766993
5,0.038922810493969465
5,0.02230943993779903
5,0.028092779383847605
5,0.034090334460703406
5,0.04114735767868509
5,0.014120209751651297
5,0.036447480564273015
5,0.040095797620835226
5,0.02208167225141524
5,0.028628672533327664
5,0.04492844467861031
5,0.027383384692675716
5,0.04155404021742597
5,0.04104467650536615
5,0.036894945804883325
5,0.052358086784102364
5,0.03814629695791786
5,0.058738952255031084
5,0.02243909248505663
5,0.027509627125966128
5,0.04616754153032301
5,0.038419925468918266
5,0.02073011145550292
5,0.027976168742082076
5,0.03343762842753869
5,0.03646889893404441
5,0.025967777465988818
5,0.032408196951959144
5,0.03248604655292421
5,0.023518469938241034
5,0.01580141251104752
5,0.03494761424829454
5,0.03306826843157958
5,0.03926075618483542
5,0.046501295227814786
5,0.022961534731846367
5,0.035738209682773234
5,0.024854368051002638
5,0.01608164356923639
5,0.021290927477793185
5,0.013507765052162547
5,0.027817717815353964
5,0.033855739858000854
5,0.034538688443780545
5,0.04202248313170348
5,0.01864362727198391
5,0.040504928107338974
5,0.03423473828570543
5,0.035584617406710595
5,0.03803048606969427
5,0.03161920774307335
5,0.02595498126993142
5,0.01076064142517692
5,0.042587552464651
5,0.034618498776047925
5,0.036276170146611754
5,0.03342118965906462
5,0.03196160719005604
5,0.028961872505328355
5,0.029674137615740066
5,0.04262992132197506
5,0.014483849444206406
5,0.03353402191174674
5,0.0320269571160815
5,0.028894169678930316
5,0.03850624569651399
5,0.036266395762362666
5,0.028557935612279584
5,0.03117343589209315
5,0.030728780768906845
5,0.036255887110525145
5,0.03724082137755366
5,0.024991298219378767
5,0.026056538256025497
5,0.05003907496886806
5,0.0408350218070555
5,0.037089766312653906
5,0.02067003253125706
5,0.03807502807405149
5,0.03228720142863933
5,0.03724124705977249
5,0.03076952320746138
5,0.01886036564168487
5,0.038075475362094525
5,0.03583684742749858
5,0.03694015103525181
5,0.022478617118673695
5,0.021595144727986387
5,0.022218583876409917
5,0.022416792976376658
5,0.04602507866460599
5,0.018259171349825305
5,0.03414028445002948
5,0.038601108898004347
5,0.028090001874706293
5,0.06662169287766752
5,0.03890978463675166
5,0.03803314405743671
5,0.03654109711834217
5,0.056644666338642694
5,0.033222195264983226
5,0.025716120509133363
5,0.03591089893385035
5,0.024292221812443376
5,0.04218806348041935
5,0.020992209311144646
5,0.017709114745868483
5,0.030707769418782328
5,0.03877320379207565
5,0.003560641989239998
5,0.0342161314672466
5,0.03169058300313195
5,0.04254839555471375
5,0.026661536468223744
5,0.029862662328123946
5,0.028746695280565598
5,0.036231440082600284
5,0.03210128362444184
5,0.014957219127125545
5,0.047991147680121776
5,0.03437014553478859
5,0.04561436849733486
5,0.03233066274963324
5,0.03330400723450437
5,0.024533340736163166
5,0.029932025243476233
5,0.050099807031455744
5,0.0381597969265824
5,0.028942021172644057
5,0.0213567334418781
5,0.04501446245219311
5,0.018425601825185534
5,0.02921179829898992
5,0.04483530380363778
5,0.0313051420469775
5,0.039754041199108595
5,0.027294555218407974
5,0.03369343746952401
5,0.030866568796969744
5,0.03256364126891412
5,0.025959696894424334
5,0.03882336016936123
5,0.03558995156210144
5,0.03881268805725191
5,0.038490420524243604
5,0.032385682356322644
5,0.025970391430319446
5,0.0186441449262672
5,0.03884815356653913
5,0.024925904037985842
5,0.03801273066877886
5,0.05387505013335838
5,0.03287118864262105
5,0.029669783660420744
5,0.03593977108577584
5,0.039573717610357315
5,0.04480348338210016
5,0.0372468212170861
5,0.034281657647005956
5,0.031614718799935514
5,0.028407390386033966
5,0.03779151863301609
5,0.024286358392599305
5,0.03794766272186977
5,0.016275709507035614
5,0.0373873260574073
5,0.040007938380026975
5,0.024545521530582655
5,0.03218229448113315
5,0.019158886361706606
5,0.028081783460271525
5,0.04528488670238443
5,0.039995217255271207
5,0.04202590872362092
5,0.03235670619800698
5,0.033667000628559304
5,0.028109117791226268
5,0.039969383207239695
5,0.037271519962238375
5,0.037708859696144896
5,0.04734226217122346
5,0.03471815243374482
5,0.017380981555129557
5,0.02797142047101765
5,0.01578104350419609
5,0.02461970482490099
5,0.03849984675800902
5,0.039791914566714506
5,0.039112355211202446
5,0.031259443705895194
5,0.031485144566144894
5,0.017994726618791094
5,0.04595120769995943
5,0.04399101726166185
5,0.0217187160435542
5,0.024630428437752833
5,0.02878815387805308
5,0.017389639265932785
5,0.04172951358653355
5,0.03772543810147594
5,0.018333483038976917
5,0.04691666862968499
5,0.028984998647622235
5,0.025078838762302002
5,0.02934028429709313
5,0.035638294335808264
5,0.043478157805308566
5,0.028619802566988973
5,0.043653848119129715
5,0.046562691527211805
5,0.032989252158350565
5,0.027843931876521268
5,0.021242910269588067
5,0.03791693773148734
5,0.03469793470568254
5,0.029544245716028743
5,0.027068472490121082
5,0.03184879342986156
5,0.04210678538318241
5,0.048341159008127306
5,0.03643227205309311
5,0.03175991229750619
5,0.026619638562570658
5,0.03437027970415805
5,0.024104741950093943
5,0.04131286078690011
5,0.050255418316287756
5,0.01694658106186529
5,0.050724335274698294
5,0.03737174817053103
5,0.038976554624243
5,0.03995853615280177
5,0.025155397431918542
5,0.05260386495741169
5,0.04259302293610302
5,0.04056232110015061
5,0.03735104531064438
5,0.01894057511715046
5,0.03703143790482871
5,0.03099168461894123
5,0.029707918167413534
5,0.02606001735046657
5,0.030621745536965284
5,0.03755082389452543
5,0.03683414876501863
5,0.021073956864665826
5,0.045720238427614704
5,0.015108599476380843
5,0.03107212277368023
5,0.03452004058447932
5,0.036132241893314924
5,0.037094604524495055
5,0.023545739195890477
5,0.03962470440848367
5,0.027243972849886777
5,0.0482773800439653
5,0.029792044496466365
5,0.04603694968292247
5,0.028609836318710707
5,0.03240619717899934
5,0.035282167252246796
5,0.025679527956951654
5,0.023378904371927068
5,0.03271429241601714
5,0.036513572727982356
5,0.040764917988604966
5,0.04015982970451719
5,0.03865138921398672
5,0.04967078233623792
5,0.01928385559179352
5,0.03740560193642413
5,0.023716191254033486
5,0.02130940323019161
5,0.02306095242019756
5,0.031915102994478396
5,0.04010015117132148
5,0.03290828158901178
5,0.029713277879369344
5,0.03517139598657108
5,0.027541141443606476
5,0.022187946779839592
5,0.03925756925804205
5,0.030340372892539443
5,0.025940760032749522
5,0.035286395242966374
5,0.03274536146329937
5,0.04185304366349414
5,0.027586393857092502
5,0.03440994824995233
5,0.03304053856319641
5,0.031603546732154805
5,0.03861933438317859
5,0.024090077327576776
5,0.040610862660709575
5,0.051252707684561874
5,0.0364681476232067
5,0.03362456839725571
5,0.038185654633747526
5,0.039392797019932126
5,0.04115871422859927
5,0.037140764918987414
5,0.028578710171417682
5,0.03115471635190208
5,0.031484027432217655
5,0.0358647226620807
5,0.0371525715432971
5,0.024376668832573462
5,0.023475934971138566
5,0.043856937817177706
5,0.03388165118263188
5,0.024688322936936454
5,0.035083880428707304
5,0.01479771870807715
5,0.04158361746279227
5,0.02380712891449134
5,0.04562174907257446
5,0.03686126658788123
5,0.024972449940999238
5,0.029039363748108504
5,0.023822002169902833
5,0.030437448420502444
5,0.03146471216710732
5,0.030454811479716737
5,0.019948356714620634
5,0.04451225274162897
5,0.033305784930557226
5,0.031367816899354535
5,0.02310041075779654
5,0.024408747393141465
5,0.04517057170415362
5,0.034915164342864236
5,0.03209128281136865
5,0.0415408692393353
5,0.009936097689158947
5,0.05325553292732209
5,0.03622679171003156
5,0.03185277726279676
5,0.0325230207707759
5,0.03115312203166421
5,0.047939209543452224
5,0.03258341147910553
5,0.029464497326527627
5,0.04569921379692542
5,0.03558529979545916
5,0.03484842434154008
5,0.027843079435618468
5,0.02876670172227632
5,0.038012354713240645
5,0.03320090106690217
5,0.025262105050066687
5,0.03627006068103652
5,0.039177301234339955
5,0.033818252445033975
5,0.025606860065402033
5,0.03676972833438284
5,0.02829666805919782
5,0.03600731593958121
5,0.03274412148205598
5,0.019490243414910256
5,0.04616150306127622
5,0.035832797984280386
5,0.04276773140963316
5,0.029956169832918416
5,0.04021144756929226
5,0.03269512801208488
5,0.038118332549489466
5,0.044591876455621425
5,0.04279885417612108
5,0.04089732342039837
5,0.04727950953767792
5,0.04473657456135584
5,0.03432925217731349
5,0.035695457855081554
5,0.022562677934987917
5,0.042307403369908306
5,0.017263729509374187
5,0.022442139047742123
5,0.030161853857624554
5,0.032889063480954536
5,0.036387590634505904
5,0.03002012462108048
5,0.027526668735626515
5,0.02474894104960253
5,0.046167555382900405
5,0.03704965560825274
5,0.03189057900677687
5,0.05222379700788856
5,0.04275008177213152
5,0.02013278366660955
5,0.034397125287760295
5,0.02885877105524523
5,0.045368103452845206
5,0.03801149582893053
5,0.050053353771985234
5,0.037598155211389435
5,0.026825762381303485
5,0.04111192417360635
5,0.0407544312677275
5,0.040867612240345595
5,0.03359491425256535
5,0.029212075706643876
5,0.030620989302220892
5,0.023553302013311916
5,0.04166986961025203
5,0.0216687817634343
5,0.04141617851294603
5,0.03768680872508987
5,0.030097450925410774
5,0.03752449086411556
5,0.037659493797541646
5,0.021627678129926255
5,0.03479194310241542
5,0.04345194088876288
5,0.022905446442498013
5,0.027906604618040554
5,0.03117341638312519
5,0.025021686783731234
5,0.03191116505332185
5,0.0313528918056898
5,0.03244263592671796
5,0.04145676202904396
5,0.011441700947723185
5,0.025199251694083873
5,0.03481881239601313
5,0.027098367809210662
5,0.04237715698293917
5,0.04584110133765036
5,0.030207776946435887
5,0.04267771565940982
5,0.02601278113225085
5,0.03183983871572524
5,0.04240454736826683
5,0.037908493472685385
5,0.05463239094240606
5,0.016294092699054005
5,0.03867909673547525
5,0.04260903583330337
5,0.027294871061623493
5,0.042230741536191094
5,0.02657318072137274
5,0.029444664053934238
5,0.028322556163169577
5,0.03432552603170465
5,0.03180293868795491
5,0.021618298424712544
5,0.022559432614353992
5,0.021721715997173246
5,0.029519746388451125
5,0.02916332018614403
5,0.04037668260164119
5,0.04343656074045218
5,0.03135922818591236
5,0.03183168690250439
5,0.0557664048338124
5,0.03888031471446518
5,0.04445072390885178
5,0.040960194979545825
5,0.04797080765231717
5,0.03621382377978122
5,0.027839425421658782
5,0.03324884257644546
5,0.04009365263288695
5,0.03157046924145603
5,0.033801923949434765
5,0.0383502084911584
5,0.03263253799255643
5,0.029459740760630487
5,0.03728801008188757
5,0.042489548041459234
5,0.046829084490593885
5,0.03789435735146709
5,0.03926960391341496
5,0.037799331661322946
5,0.040732321110901894
5,0.03277198035125917
5,0.0403226698430466
5,0.0229077673654077
5,0.04366547997112562
5,0.03426459778695769
5,0.03105871389500726
5,0.03077482620477736
5,0.0326628403724916
5,0.0335460080377139
5,0.04349552938956004
5,0.03701355713816327
5,0.041728894881759994
5,0.034583321955860294
5,0.023264380729001572
5,0.04094040257949959
5,0.020035153675637317
5,0.03270690369258916
5,0.03543844601697828
5,0.03591376772474368
5,0.04289863304724194
5,0.005831657211230272
5,0.021517613852205204
5,0.03193595155809312
5,0.04496375756419359
5,0.03357322578158989
5,0.021263216430500477
5,0.019858278745051257
5,0.020836038605898177
5,0.03938329231346578
5,0.05190081117175603
5,0.023837255133952667
5,0.026643437482518073
5,0.0536631014928994
5,0.037414893247839906
5,0.02527906339556914
5,0.04316325743090958
5,0.031686079316769776
5,0.032357375482838194
5,0.02456121810012492
5,0.020452186240146733
5,0.022589897497069883
5,0.03728162325814614
5,0.03409254764283892
5,0.03659686452081377
5,0.03523758514443711
5,0.04110217475530394
5,0.034559617404555
5,0.03166663305691364
5,0.029551954601986907
5,0.03708339580758151
5,0.031242220866411534
5,0.04302896836907043
5,0.03413361586623215
5,0.03454692248901583
5,0.04272935579050399
5,0.040379976672824905
5,0.03216308973023962
5,0.03267427968555151
5,0.024602326546102764
5,0.04065703382730583
5,0.04562470343079615
5,0.026954219632798565
5,0.02428334394433882
5,0.040887134580625456
5,0.021164251292332858
5,0.027630512202898173
5,0.04243498032599413
5,0.0417778042278177
5,0.030170359959419323
5,0.0353900335942618
5,0.03015845573162354
5,0.03706723076278144
5,0.0286293548103956
5,0.04422115801522636
5,0.04043864714955525
5,0.029455930401032497
5,0.028579523275016606
5,0.02745308883804599
5,0.03787163226903765
5,0.04562975119263325
5,0.03810025775190131
5,0.025669835004285664
5,0.04538712274258713
5,0.011597878528555683
5,0.033345971067693755
5,0.03873936313147623
5,0.03583901015496924
5,0.0409528549483414
5,0.03407253355023303
5,0.0278361655194418
5,0.03799760934569394
5,0.033217678431524664
5,0.024191993324537066
5,0.04048978112848972
5,0.03055953110586005
5,0.028319966403216122
5,0.020512573268385875
5,0.033235087485849295
5,0.038917221749127706
5,0.035889314843678466
5,0.037715134235527144
5,0.02479491879429873
5,0.03922544200515123
5,0.02957933637669626
5,0.03607602684829027
5,0.04030595454824838
5,0.034323019438296964
5,0.039610376589978694
5,0.03066499727461571
5,0.03155458539097498
5,0.03681922053040321
5,0.031138420208220517
5,0.04350378169383422
5,0.02544915426899118
5,0.03682637000499679
5,0.01860570356482813
5,0.0384486983222047
5,0.04166176130812827
5,0.036622464463491954
5,0.040319088264662475
5,0.0405041096313415
5,0.02229110363220573
5,0.037029253907708115
5,0.026474898707116057
5,0.03615005084609759
5,0.028530727269087276
5,0.029083445674805364
5,0.03470465611832515
5,0.028752481948888037
5,0.045890121215600654
5,0.022073936084757103
5,0.035738584114870284
5,0.035270428081903796
5,0.04486649925529725
5,0.028713907703951536
5,0.03509877218208426
5,0.047979274629856426
5,0.03477411123522808
5,0.0301474990303524
5,0.027001490955131387
5,0.03544579458681503
5,0.013682000209281337
5,0.03164196543238182
5,0.03057542569025564
5,0.03310854905008387
5,0.03319895488082549
5,0.03402884575446363
5,0.054901390914813074
5,0.024833986985702754
5,0.039054889398780476
5,0.029703541445453025
5,0.030643998224469136
5,0.031134106743011147
5,0.0449426436184097
5,0.038995952078031505
5,0.03402244896278196
5,0.013952381650812048
5,0.03854573403448313
5,0.05284625902403907
5,0.034503736656697356
5,0.031137559137683325
5,0.045085758257635666
5,0.034987965127913176
5,0.024043506232620082
5,0.027907558794770554
5,0.028163346418786157
5,0.03040335134796705
5,0.038173880231902095
5,0.040619049534933574
5,0.0445187235481138
5,0.048055891594920463
5,0.02839047449584196
5,0.023409908092533523
5,0.035490041577134125
5,0.02128171927338688
5,0.039442753811406564
5,0.04686397181675769
5,0.0423715072164525
5,0.03745120407246102
5,0.04068269191806218
5,0.022552770337025956
5,0.03683791160189746
5,0.03314405105078361
5,0.0264867456223343
5,0.04716706722854859
5,0.039116856312344385
5,0.03570856972030441
5,0.030185526751069926
5,0.03766236655868826
5,0.025060095347781475
5,0.03757478383453035
5,0.0354977523140025
5,0.02780906891898339
5,0.019068185504893257
5,0.039202258072532345
5,0.040382547092892816
5,0.03222392361300188
5,0.04145844764819999
5,0.03878973430904632
5,0.027555926952199973
5,0.051853765671012256
5,0.02553653145819415
5,0.02071464496586593
5,0.03134203910786852
5,0.02835722952914386
5,0.04660359795273075
5,0.041364417931833104
5,0.039124239956335835
5,0.031403393704938894
5,0.05386622859652499
5,0.03206405083522082
5,0.02559610274028807
5,0.037129781474325614
5,0.047581199734797144
5,0.029308668208883486
5,0.0425556237340267
5,0.021535079271980964
5,0.00955300553014391
5,0.03313567656346051
5,0.039112416004657424
5,0.04971762101811714
5,0.055203174988222824
5,0.028923308450876723
5,0.03763883263657911
5,0.03544232263920118
5,0.05254737532765839
5,0.03809341082017805
5,0.021191534534105154
5,0.025066432446187243
5,0.034110805199710804
5,0.016273684132989862
5,0.041006596715117694
5,0.026260673277604098
5,0.04540201729442308
5,0.024255954695465355
5,0.03372397691449604
5,0.0332914672002307
5,0.02660018282562885
5,0.033853536902405106
5,0.027255550014501216
5,0.016138589026094052
5,0.019203164814670687
5,0.03382505349678585
5,0.035328634616060894
5,0.02269540614212841
5,0.028152867316960407
5,0.03715203577212382
5,0.028027347648388247
5,0.03679355740656445
5,0.04351789860039211
5,0.037404756821735254
5,0.043345799629080264
5,0.02956936448992629
5,0.04436670168798316
5,0.038351525859591215
5,0.03849772246999289
5,0.03582056085784498
5,0.03710250181221628
5,0.03901064524401934
5,0.018895108284251456
5,0.04487110770166898
5,0.03493549120140042
5,0.04668623884748262
5,0.047839645630480834
5,0.0436683416434112
5,0.029580074785815168
5,0.03066783436576595
5,0.028883307471615417
5,0.0491655643898761
5,0.0377957783737043
5,0.04504180369009576
5,0.04626178413713563
5,0.041864126286583536
5,0.022725326387172208
5,0.007829226687761131
5,0.03918631410320318
5,0.02390547806254387
5,0.031690953991608053
5,0.023781434867276532
5,0.04649159950081942
5,0.025053032451535073
5,0.05174014197299813
5,0.04774484655535392
5,0.0407285425257012
5,0.038430741907284606
5,0.02164177281164372
5,0.04615682574137482
5,0.048695323477511945
5,0.04212060910256319
5,0.01779131699268116
5,0.04186549019099872
5,0.04526613800211161
5,0.03051893826856007
5,0.0360305255930031
5,0.04398048852419155
5,0.01798360380473378
5,0.038303272830865195
5,0.02321074305752671
5,0.0236444549201291
5,0.03742869140778053
5,0.02518385536389493
5,0.04167482640498145
5,0.03815994785673327
5,0.03645961429596345
5,0.026552274837106156
5,0.04468430219171848
5,0.027151452823307564
5,0.03663125025627684
5,0.028536105784090555
5,0.018620998788461653
5,0.02763220455699892
5,0.05711823586026321
5,0.05020948624403728
5,0.02045868005842396
5,0.049090599006776474
5,0.05436601342363323
5,0.02812613343812641
5,0.0243865913752851
5,0.03129382816042503
5,0.03799854225639991
5,0.018816406090825143
5,0.050708691472498034
5,0.03910266262814522
5,0.04062400955053699
5,0.046933445161889166
5,0.014851133180846618
5,0.02618551157320543
5,0.028003256197430076
5,0.01931441644276544
5,0.028689893616815076
5,0.0335056975665413
5,0.026239438279946098
5,0.03125912816832509
5,0.023586365356968828
5,0.04027102379281741
5,0.05229924454283837
5,0.028753725486931205
5,0.03332966899356281
5,0.026181878829255774
5,0.026239202470187784
5,0.04058696362700065
5,0.04742706629526925
5,0.032464845797500655
5,0.023841649806019893
5,0.037881955762118544
5,0.022912683030181548
5,0.05574533781695169
5,0.03971496147203863
5,0.05111220448257844
5,0.04059547882690233
5,0.02935428646301432
5,0.023249166661837344
5,0.04847273562502058
5,0.044354765573421176
5,0.032485483782336184
5,0.03529894584608399
5,0.035510278793741024
5,0.028769487202011317
5,0.01819283358670241
5,0.036619067295881304
5,0.031589280482771924
5,0.027664826840139954
5,0.038364238965033326
5,0.03215760946346165
5,0.019655556908231786
5,0.05063524369406822
5,0.04471535860049304
5,0.04842444287369233
5,0.03933766751551697
5,0.0440099259157017
5,0.027269145347860124
5,0.026344042684156455
5,0.028915522089903962
5,0.04772862965964874
5,0.03605959914306043
5,0.040219999890321864
5,0.03227396713773031
5,0.043399051320809894
5,0.03402182392316837
5,0.04304705109597546
5,0.03802304100687238
5,0.04010734646264259
5,0.029797380941059166
5,0.04450604498794247
5,0.032901202589663635
5,0.037421949978965606
5,0.040371561983426764
5,0.0398435360654661
5,0.04268418721472691
5,0.027162033035311072
5,0.02439306189455795
5,0.0389647307357092
5,0.03809569287893921
5,0.048130212978949455
5,0.04616414768608939
5,0.03788302146933266
5,0.04648432258392861
5,0.042440798689463266
5,0.027439433888460634
5,0.035979569554470486
5,0.03122960279368938
5,0.04261794524881038
5,0.03837210464942206
5,0.03274778115171402
5,0.024103070051721708
5,0.05290982134106585
5,0.0068851067494044935
5,0.04467725065474978
5,0.04643617123104407
5,0.03182313136143598
5,0.031408526634919
5,0.0442993070672922
5,0.030194650470557305
5,0.02326457889592807
5,0.03664584435151791
5,0.04440055480528553
5,0.0554639989370991
5,0.018145860978378926
5,0.041244249711989006
5,0.0270140856239596
5,0.024387902035926497
5,0.019721664158563006
5,0.053894481275561866
5,0.04224697751199129
5,0.03775064753746205
5,0.036896680240087076
5,0.029491746880108194
5,0.03247243065853041
5,0.029311679114998417
5,0.028548097659161397
5,0.027457034694519922
5,0.04611084192573163
5,0.023658245037411398
5,0.04267137476915702
5,0.037235108013416125
5,0.03577466864894049
5,0.02521752632560099
5,0.03449228151739262
5,0.029243851545279274
5,0.03950864841753401
5,0.033155786721598746
5,0.029576671135070544
5,0.029206885724669267
5,0.0472066772895771
5,0.03500744636599768
5,0.02841952784525914
5,0.01755298566790769
5,0.02989971527176317
5,0.025023093884415436
5,0.038298261653026466
5,0.03854485748001543
5,0.032506270980332055
5,0.03707922163793182
5,0.03576994429711429
5,0.041618547144171104
5,0.03218325139049879
5,0.040146267454343396
5,0.0428261180999364
5,0.032006308892617574
5,0.03491794644368705
5,0.03899437314606342
5,0.03146755531834246
5,0.021983917165460186
5,0.04250928667318597
5,0.029641344051993278
5,0.034105547329543066
5,0.0072663898677662875
5,0.020754912925297
5,0.05191131381113576
5,0.043226253349235896
5,0.013811195241154525
5,0.02761346089473582
5,0.030964417355943453
5,0.05632720868777742
5,0.027878160825327174
5,0.0272565556955766
5,0.037738225734043805
5,0.052484768642843724
5,0.04237200212322188
5,0.019741845498850268
5,0.026524005993925303
5,0.026971935564075733
5,0.025489823884147604
5,0.0469995450959992
5,0.017695408833912483
5,0.03222436771696505
5,0.027262221251796642
5,0.04083424474795493
5,0.0109582422818294
5,0.03267539472763489
5,0.037127056403314145
5,0.02276254477552771
5,0.039317701773218736
5,0.03302865526974523
5,0.029490312585937605
5,0.0295030128397131
5,0.013475734402018158
5,0.04159912027600226
5,0.029338958606650097
5,0.05110126950958438
5,0.04667748910529716
5,0.042330835084840174
5,0.03391537558265112
5,0.027802956203629076
5,0.04075799106100947
5,0.03724703683598134
5,0.03301162024028182
5,0.038277889730229366
5,0.044027984032832035
5,0.03579805416111585
5,0.03347031371442275
5,0.03930672105763945
5,0.03480478932782706
5,0.04744512013740709
5,0.030105992406491956
5,0.028372134087236385
5,0.03454054416395362
5,0.03235747941196036
5,0.03865734092355745
5,0.028054260247823065
5,0.02895474116861474
5,0.03316937063115828
5,0.028450734365277286
5,0.03422547578598072
5,0.05667077541584946
5,0.033265537353052044
5,0.03690974201351406
5,0.04216531627034144
5,0.0298584725126488
5,0.03976871842533523
5,0.022053818289601096
5,0.017729798250450863
5,0.04140717720305835
5,0.025091275813024207
5,0.01750478512882256
5,0.03435483767281748
5,0.04054841300489162
5,0.021211712652230142
5,0.034283760724071605
5,0.03324665540896879
5,0.03984785608778914
5,0.03456129644995382
5,0.04064455739884568
5,0.03415934815221766
5,0.03135342739405195
5,0.04447285764947728
5,0.050926329680244034
5,0.02260657574994208
5,0.03464737364234564
5,0.024198704616793472
5,0.03521147673456941
5,0.05660579481843294
5,0.03380910527826128
5,0.024902705464934567
5,0.028881197735002133
5,0.03262158048265613
5,0.044632323857567664
5,0.027974220009489143
5,0.03013546571685794
5,0.021078263766845122
5,0.01868178862170201
5,0.032025580226659085
5,0.032067846995650795
5,0.024858995963516317
5,0.029611699072393104
5,0.046565626340678366
5,0.03479334462385583
5,0.03413336238801172
5,0.02852525835695942
5,0.0354254083381729
5,0.023417798604842385
5,0.03606410951078886
5,0.038062532137776404
5,0.034952938688474
5,0.04718597584112031
5,0.04778788054403609
5,0.038135722194387045
5,0.031807879385423676
5,0.049097802086416044
5,0.03272792567697887
5,0.029614634426918772
5,0.03691188967398572
5,0.049058530065897554
5,0.05044656018002728
5,0.03507898831840572
5,0.025940874771924166
5,0.03010699685729774
5,0.03436210900039739
5,0.029710112820588684
5,0.034824559124100395
5,0.038441028899725734
5,0.037444302908987634
5,0.03715651875610297
5,0.041140453874695934
5,0.05324670278356684
5,0.01980393606699376
5,0.029762806896462168
5,0.05175718328539273
5,0.02853481896916122
5,0.03131436414964126
5,0.0300252546421253
5,0.03848782909856435
5,0.03708018963081192
5,0.01981807832094514
5,0.03090708004025598
5,0.027042170698674962
5,0.04137318283074271
5,0.031169372904567828
5,0.039600733003080923
5,0.04752651587648628
5,0.039105372440928425
5,0.04543681991930194
5,0.03487571120908335
5,0.04337289485107517
5,0.041483386589200644
5,0.023555102185411354
5,0.018796367073194663
5,0.04712359817037163
5,0.025178221870031475
5,0.04273050038759725
5,0.03431235183608282
5,0.040617141405981154
5,0.045498777625146876
5,0.03330663110020131
5,0.02865086013908925
5,0.04805289035961563
5,0.041530147302779354
5,0.019524155222797032
5,0.03944522430646014
5,0.04583639801332653
5,0.0322444829761944
5,0.038102967887666706
5,0.03370880060089812
5,0.042153397257067
5,0.04894235852112197
5,0.03558324870028064
5,0.04572225567005974
5,0.027535278654027762
5,0.025205538201946015
5,0.02268630974043566
5,0.01762858799412638
5,0.03895013600483525
5,0.02639265398915882
5,0.03914446209430112
5,0.041493320772353
5,0.0324078009866216
5,0.02345150619058196
5,0.029628284302853847
5,0.04870846463606088
5,0.03441425817732244
5,0.02232803814350487
5,0.029269639046596463
5,0.03005760268588707
5,0.02047988719157845
5,0.04436759161182151
5,0.030266663599127726
5,0.04094255428456276
5,0.01452627745360604
5,0.04439420078630579
5,0.029700052870194053
5,0.07371498897776617
5,0.030473063683243963
5,0.014810268759547395
5,0.03161815566136553
5,0.025931841609538042
5,0.048562787852601055
5,0.017322486721371162
5,0.04807291266675927
5,0.019417040726175207
5,0.03983017262928763
5,0.03435358977192547
5,0.028928995954325975
5,0.0455598102851829
5,0.03951137341377854
5,0.034710038277040084
5,0.0324230327641292
5,0.0340853409055997
5,0.0429458056521827
5,0.052554640728466204
5,0.044012165079301176
5,0.03801967749240186
5,0.033025960223263984
5,0.04630773727153368
5,0.029722179453631793
5,0.04660565568164832
5,0.0283497654381203
5,0.022889074102989668
5,0.011828470419136764
5,0.014811749468943074
5,0.03782922412986337
5,0.02779502846007369
5,0.03797656955221847
5,0.022193019827764383
5,0.028441458753766753
5,0.035072357429243875
5,0.044338217273669066
5,0.036785510893418624
5,0.03608644168619269
5,0.04795031715834237
5,0.04079086537524316
5,0.03441693911106901
5,0.02608967474527118
5,0.028041915352075127
5,0.0254757686510788
5,0.04594407824578199
5,0.01993602280094007
5,0.0455057278479416
5,0.0257853619350678
5,0.029203714407851595
5,0.030217747552032093
5,0.03321362650238867
5,0.032105137346376905
5,0.05470784761577534
5,0.028753480529821386
5,0.047724459448622136
5,0.028310606584345598
5,0.0379301316388471
5,0.035221460998965406
5,0.030420080703827023
5,0.044872263561426595
5,0.05045334266345101
5,0.03582180607352805
5,0.024940915074243748
5,0.042287176822929415
5,0.03468220712568505
5,0.05003597302603906
5,0.02120147901098942
5,0.04240027019419309
5,0.03389723076359191
5,0.044035447334618824
5,0.03836102035874829
5,0.0440711375005255
5,0.050447854222894814
5,0.021998945091162743
5,0.02801477536210578
5,0.03456101915868468
5,0.043189704480586656
5,0.025747985773600525
5,0.03321154677850791
5,0.020675715253527883
5,0.030601447321272908
5,0.03595565614022965
5,0.05551829192150949
5,0.03973195621054654
5,0.05253733102902909
5,0.04751640385169133
5,0.037205217281276556
5,0.034079765845749975
5,0.033300099287424965
5,0.0382912175639868
5,0.03774103699176403
5,0.03566882933621149
5,0.05179666608307247
5,0.024431983566754408
5,0.04763104801348782
5,0.03170773999839964
5,0.04400078446801557
5,0.047891978093051
5,0.04274565754125316
5,0.030960830596052546
5,0.04042201215204301
5,0.027763613358249804
5,0.0370398398639573
5,0.043110062901139216
5,0.035778028757769975
5,0.023183755717866666
5,0.0488797377269101
5,0.028369626397335507
5,0.03894990760055651
5,0.035366173621669966
5,0.01466948865609775
5,0.04241277370056211
5,0.016362669968330624
5,0.042981500863991995
5,0.04489941784736347
5,0.04320631731347331
5,0.0426664357906409
5,0.03237539256415747
5,0.024513267801644503
5,0.040939718786754495
5,0.046872334378951316
5,0.02370163861582632
5,0.020005894409622253
5,0.04145417490256614
5,0.040793352131388474
5,0.028234158495308803
5,0.052433623638684534
5,0.02874536526153184
5,0.040067799779205174
5,0.0429635656117444
5,0.03809238092734375
5,0.02395480554968728
5,0.04054930180655063
5,0.04532475047676278
5,0.041713317763436945
5,0.029138647899111282
5,0.04713576165617066
5,0.03889285498950966
5,0.02733247313723606
5,0.04035539033849668
5,0.021988769276004735
5,0.030444017872996852
5,0.04161111864928755
5,0.03989688583542493
5,0.027018672294739976
5,0.027209568169506825
5,0.03183155664149624
5,0.02631665827378198
5,0.04185987116099314
5,0.04262740627067706
5,0.03189108365686198
5,0.03015209475402298
5,0.029907626988796225
5,0.025131557398424563
5,0.02636391412513899
5,0.028404059948354588
5,0.032873629175924145
5,0.024323655022768544
5,0.020016225627405272
5,0.0397001634529912
5,0.04605583076002605
5,0.044211107219674195
5,0.04877379090024063
5,0.03857584476675104
5,0.03070612938032679
5,0.04091334032240188
5,0.03413974001684193
5,0.02948603988642746
5,0.029750047595379664
5,0.04067057780121815
5,0.02724156846354563
5,0.026559739798727066
5,0.04322446215231759
5,0.0371417259650091
5,0.05065900320436101
5,0.028651165382670884
5,0.0400566588056714
5,0.04575142302878867
5,0.02817418761212972
5,0.02724078966856507
5,0.029388755807947253
5,0.013467830081250928
5,0.02409200286732578
5,0.026164936080147645
5,0.03424659443312877
5,0.02315171560632841
5,0.03987616111550834
5,0.04657002683760146
5,0.045927832789638426
5,0.035701486405400336
5,0.02847016363042565
5,0.035060809891558124
5,0.030080625706950737
5,0.03396961730237237
5,0.025208712135121734
5,0.044285024908016134
5,0.01923515847442418
5,0.03197999882124523
5,0.03369921391139693
5,0.04213436859107915
5,0.037199649663823366
5,0.0394230696542455
5,0.03573724328632251
5,0.024983001400657484
5,0.0394731539414228
5,0.02500961841592155
5,0.03527448982127713
5,0.03717041679071252
5,0.03692031780636893
5,0.033023116160106294
5,0.062183500401460076
5,0.03854474256120716
5,0.026531271687028672
5,0.02411875468421866
5,0.03858978509826842
5,0.030357514723346146
5,0.04084178113423445
5,0.043686382847168685
5,0.029065345673721647
5,0.02655808969070893
5,0.030904904725549354
5,0.023228863253816994
5,0.029833874327309856
5,0.023712414375169445
5,0.030600089590048236
5,0.04185793628474477
5,0.027317497722004952
5,0.03164162687692286
5,0.0476189602800796
5,0.03400702189137489
5,0.02945958047881403
5,0.01876497910862891
5,0.020735124153692608
5,0.028019200200909894
5,0.03210058204556437
5,0.045533651333474104
5,0.042869502938229095
5,0.028165701815461713
5,0.03614468951898257
5,0.02117491381865108
5,0.034738679211843364
5,0.041863220130332744
5,0.03082341408128659
5,0.03604357990110491
5,0.01990125443839854
5,0.03849082150858668
5,0.0373190830367147
5,0.04334114414403201
5,0.03676938857380321
5,0.03336399167243189
5,0.03653527836619814
5,0.04112464934449492
5,0.03409855364893728
5,0.03746323795923551
5,0.03130593909265182
5,0.03664286245187871
5,0.03461926354560354
5,0.04154718596709568
5,0.037067051043581614
5,0.047234336544630995
5,0.04719023719409364
5,0.03519777983398886
5,0.022779094633296363
5,0.03457933410501432
5,0.03082132273514491
5,0.04933136265587803
5,0.03146078170124813
5,0.020790601799174285
5,0.042036759471989274
5,0.03702875541136651
5,0.039807450546208725
5,0.03728695995764164
5,0.029080380331905055
5,0.03584481346439971
5,0.03454862296241109
5,0.021354614711848165
5,0.03934841605007604
5,0.03283982864418447
5,0.016524573976317892
5,0.025639396133493753
5,0.034751034806953573
5,0.024045309960935117
5,0.0311753576699506
5,0.030605700531508472
5,0.030986987097097386
5,0.02315957686375937
5,0.0285092589705823
5,0.02205631374671472
5,0.04104476845409042
5,0.043895412739008856
5,0.04784269401271942
5,0.05074299990437704
5,0.015288270692659164
5,0.025873918924497065
5,0.04604382828559122
5,0.03512766267190303
5,0.04521529996846459
5,0.029807845303845826
5,0.03442330219764464
5,0.028396589880514918
5,0.045971856576246285
5,0.036369728157369816
5,0.03552126387862693
5,0.03254691677532512
5,0.053042377097193436
5,0.03798544152776639
5,0.03841022927342014
5,0.027864141501207897
5,0.05158975138873149
5,0.025638962184454987
5,0.03182177372051333
5,0.030376224322827078
5,0.047542105104452316
5,0.028210009794275757
5,0.031075823432584693
5,0.033715421457650364
5,0.041060814551069975
5,0.03705698532465507
5,0.03984734769219743
5,0.0643089628111065
5,0.03395299274010187
5,0.036625764646476315
5,0.03428993694552311
5,0.03394026016949273
5,0.032883025666362885
5,0.04210929426913858
5,0.03187013504551267
5,0.043035452455380895
5,0.051420833609901226
5,0.03498194860845412
5,0.034346899076979374
5,0.03557933824481578
5,0.03184476998931518
5,0.024159148316223115
5,0.03215558393001509
5,0.04261066140435544
5,0.03866113253510839
5,0.021255509866442462
5,0.04435510439529873
5,0.031075754324249406
5,0.029348363740408133
5,0.0323084800100422
5,0.023345149885950357
5,0.0529381031749143
5,0.04191787163146292
5,0.02199905799576977
5,0.034796955754062234
5,0.018448157722442952
5,0.033713468390249135
5,0.0332029031517103
5,0.027427365674685157
5,0.03836650981758862
5,0.02837488566144194
5,0.01811425499648115
5,0.01648987551151073
5,0.02189419780308745
5,0.03242766230385479
5,0.021442285465867378
5,0.038735868019363295
5,0.044357935137831817
5,0.03070711815979371
5,0.0420313272739584
5,0.03447167012599309
5,0.053906798171023985
5,0.03963420698083035
5,0.03542183239322011
5,0.03169969378341754
5,0.03856769722626774
5,0.03598601589553732
5,0.033362790771382184
5,0.02264590936188322
5,0.03887934131987091
5,0.028977892775602566
5,0.0354457552534776
5,0.032651239788459394
5,0.03770865809119631
5,0.02772538004495645
5,0.04209348796364178
5,0.0261582398463355
5,0.02871329229104322
5,0.040233291675344916
5,0.0325184739081375
5,0.03370504578098814
5,0.029373349880212524
5,0.024560592137408122
5,0.033787866987560804
5,0.023928502114235733
5,0.024838813740237796
5,0.02361765083186359
5,0.037649585809025596
5,0.035720756904148894
5,0.024595875670185008
5,0.03839927373785053
5,0.04780592023853458
5,0.019929369656420587
5,0.03515839175303568
5,0.04092617168415271
5,0.036751427981074156
5,0.03179336905713538
5,0.03091801774524087
5,0.01748542473826566
5,0.04921465441172351
5,0.021492799993412005
5,0.018215100219111942
5,0.030748889439217546
5,0.02635925348652632
5,0.030255756487207186
5,0.0421273044013509
5,0.03197628717453151
5,0.03894343261716492
5,0.03262802871203641
5,0.024914578069800748
5,0.04462687113988416
5,0.02751582370943124
5,0.03165598011451258
5,0.03621414884251274
5,0.051388987706875965
5,0.04368210881784863
5,0.03752515281612163
5,0.028134738028859758
5,0.03210145961386354
5,0.050945538072046846
5,0.01902640053303416
5,0.0408724267238728
5,0.06398382183627978
5,0.03605949032566392
5,0.04676207136882723
5,0.041376110854780185
5,0.03836402251888967
5,0.028839776475031904
5,0.021483296975160084
5,0.03349991013190105
5,0.0387799398546341
5,0.03938216887991841
5,0.05720134641170353
5,0.032621198758232016
5,0.041207367240444145
5,0.03785331922554448
5,0.0378366455118643
5,0.03569789846185399
5,0.036190116289481336
5,0.040432903861213995
5,0.03517961493867722
5,0.02640645519882708
5,0.035819789964395436
5,0.02837545235832715
5,0.04467238380816222
5,0.03593760687732901
5,0.04174137907662924
5,0.03608321716595818
5,0.032590995732447864
5,0.03717120162901473
5,0.02519661327684855
5,0.02046820234462819
5,0.05090632850449652
5,0.039783574609041625
5,0.031590308081976416
5,0.010087856521929076
5,0.031174151383519387
5,0.03149366758578218
5,0.027503378413870343
5,0.03476290217203099
5,0.0307573639645921
5,0.026669962361122613
5,0.015721838250540427
5,0.042201398656767364
5,0.027606478733797696
5,0.01830518513311293
5,0.037944111508667985
5,0.0241020947130601
5,0.03863044836547543
5,0.04762580555434114
5,0.038262165132832725
5,0.03423003856170696
5,0.041758841538224525
5,0.022501250229409124
5,0.03983778592749745
5,0.031214751085246073
5,0.019523737910861535
5,0.02776382931872511
5,0.052554612409816036
5,0.0373465437352513
5,0.01681502081076744
5,0.01189164875843773
5,0.021830729286663235
5,0.027760890073559585
5,0.03093010258169916
5,0.034554237490773534
5,0.04370822143064825
5,0.033545333541571076
5,0.0368836731792602
5,0.033257205989345826
5,0.03488050643332422
5,0.03940185603379617
5,0.04262975783201324
5,0.019416747839707517
5,0.0420302550204963
5,0.014257012891674503
5,0.049370128472697915
5,0.02966754983164339
5,0.027516988738240166
5,0.04329843013595662
5,0.027770397035548938
5,0.023577053889267983
5,0.02494104743429004
5,0.034692868910089714
5,0.03585048000502014
5,0.02495972795954652
5,0.03678603824342466
5,0.027195659032643947
5,0.04241906066655588
5,0.027843004686074695
5,0.039720568844318134
5,0.03163011156541143
5,0.02943481990857667
5,0.038004724258185345
5,0.03379251672854247
5,0.04167138610993144
5,0.03742491950241066
5,0.034050710334186336
5,0.025849448293933746
5,0.03637715627269531
5,0.03289233378061686
5,0.03929925703870084
5,0.027680756014204094
5,0.04969150957606035
5,0.04561302147038197
5,0.026672129039602692
5,0.04797693473833234
5,0.03531583923769546
5,0.027227809415555942
5,0.04515470983840236
5,0.022753719641060672
5,0.016275488794983577
5,0.02557185269236948
5,0.03953998599236491
5,0.021011366358422184
5,0.04583492072642618
5,0.05171352703514703
5,0.043453656939383425
5,0.026325513395955496
5,0.0413971415364726
5,0.0443964305451864
5,0.04120703914014354
5,0.032589968324051755
5,0.03360806879882467
5,0.04319144822724045
5,0.04370510525331943
5,0.035345657743982586
5,0.03136065953040623
5,0.028414168418210296
5,0.03096905854013794
5,0.033204631161449456
5,0.01957856910344749
5,0.03850433914690935
5,0.038695016338540764
5,0.04376571811408625
5,0.02524150280802332
5,0.02135227169722772
5,0.04234524675505917
5,0.028453927693078883
5,0.027541437733060576
5,0.028680166483125748
5,0.03575866076305704
5,0.055941117596692166
5,0.03509558408092698
5,0.03675418711350954
5,0.03249846703884857
5,0.03698102024000825
5,0.019849751517973017
5,0.04185890468002649
5,0.008001140295027312
5,0.0372526420894449
5,0.02198072047507437
5,0.04568031934600821
5,0.02597071513938489
5,0.030643475907160905
5,0.021022478708632726
5,0.028750141888153273
5,0.0342354524675899
5,0.047464554018573114
5,0.0368961116278375
5,0.029882977866777304
5,0.05194651324742763
5,0.03555086260967367
5,0.053882395129463426
5,0.01934705515463861
5,0.03272745032303355
5,0.0421912329620044
5,0.05778668372178893
5,0.021309519779942353
5,0.02825288055525498
5,0.025881717268720093
5,0.041195309006777966
5,0.014682229857698029
5,0.02173992809724046
5,0.02636001658373715
5,0.03348999853849396
5,0.027659630763054034
5,0.03368453391637792
5,0.02826518635423071
5,0.052682384607389665
5,0.03705655484032511
5,0.02110166750829225
5,0.01619132725245646
5,0.024445400783357614
5,0.033362022494381985
5,0.027455765120868596
5,0.03866784635258601
5,0.027013311563768606
5,0.02450518696573333
5,0.04109823731730176
5,0.03519077624388948
5,0.038539535600344954
5,0.0419058090869204
5,0.03493088896506684
5,0.030176887254627905
5,0.03835027812052666
5,0.03636415677857648
5,0.043055229257554124
5,0.053241712544482976
5,0.03442361864144778
5,0.05112449553182681
5,0.04515226789939463
5,0.03176302303331168
5,0.03081604931501226
5,0.02081646514443997
5,0.041846682614377274
5,0.034515843429598
5,0.04839290733026042
5,0.026794492300863663
5,0.049599180636113835
5,0.04086348692812354
5,0.048163300285473935
5,0.02941061210831919
5,0.02711786766125259
5,0.04278618532741639
5,0.042957043278236705
5,0.04683417037432065
5,0.0168546136702118
5,0.03171332910670862
5,0.022333803105056806
5,0.033068965208869296
5,0.03599896485197419
5,0.034262864475360554
5,0.037907663223809965
5,0.03698172418141619
5,0.017528795554792684
5,0.02652961804206096
5,0.04514456027179109
5,0.03701699235949611
5,0.02700994274942915
5,0.032479495883700485
5,0.03045672498172891
5,0.01699009989604027
5,0.03791663481825365
5,0.03876571204080926
5,0.037598273552902205
5,0.02603574248904091
5,0.030753623110021094
5,0.03288175691301463
5,0.029015758586451425
5,0.033794598403819306
5,0.04140371448781225
5,0.03629587610049871
5,0.024456978105664228
5,0.03867390711973968
5,0.03423619721340489
5,0.024371444646019397
5,0.021522070192955198
5,0.0422448635314705
5,0.03246790755524786
5,0.04599176903982381
5,0.036280272201442434
5,0.0508148374056243
5,0.048042729999189016
5,0.03305613192756842
5,0.03317310416281202
5,0.03678789919099511
5,0.04274052215914483
5,0.020836081818978076
5,0.028953097002836603
5,0.017322707856160878
5,0.04455744949774053
5,0.041464693939376226
5,0.04659701473405722
5,0.02214599863655827
5,0.05273219861911525
5,0.039452954011501465
5,0.04735962366221189
5,0.030175434457267124
5,0.04588339455367087
5,0.04663598520805508
5,0.0236147848468417
5,0.03779257671048637
5,0.03635574797859416
5,0.050720740167661926
5,0.015178289338672357
5,0.034926145386426244
5,0.03125059395796746
5,0.02546642115153656
5,0.01766136080878631
5,0.026214527708798292
5,0.043937148039034715
5,0.03008057509448412
5,0.030246292534377505
5,0.032706251609174286
5,0.03904074558080194
5,0.05427055376757728
5,0.053908878899565436
5,0.05183340200263735
5,0.028739911836091526
5,0.045711784518877294
5,0.030017356707572673
5,0.028953801135973067
5,0.03544220125461044
5,0.03215653723380798
5,0.03314350078854437
5,0.03928180285677327
5,0.028203821964293958
5,0.018411596039680195
5,0.039474112020422024
5,0.023458735010930484
5,0.022052102548250463
5,0.03859763010990851
5,0.028816770768920124
5,0.013702851503132326
5,0.034941134454783015
5,0.03968524233752367
5,0.021215090669278992
5,0.048282725459411216
5,0.03418517866284472
5,0.0416488536251344
5,0.02154214027357807
5,0.03886497248531806
5,0.038189400874555586
5,0.03656517018577656
5,0.02660995027646922
5,0.041534935625319444
5,0.047029272015757725
5,0.03393155758814516
5,0.0509563842003621
5,0.0206980226872564
5,0.03336604058454877
5,0.044234216378425145
5,0.03239911830734295
5,0.04264970290608557
5,0.036588818887631235
5,0.0320405305667119
5,0.03276500687180948
5,0.03701914057395985
5,0.02441678145560385
5,0.04056773713338967
5,0.04074199522084864
5,0.03954454227802654
5,0.0326054593706382
5,0.04049353791644973
5,0.04204892151647193
5,0.053135057370686946
5,0.05257491262454254
5,0.03472412244066268
5,0.012625446660340451
5,0.037976418665584544
5,0.03712290765009436
5,0.03411098543301084
5,0.024946751343676212
5,0.04639539280655007
5,0.045278558331965126
5,0.048592161992229085
5,0.03738445087445277
5,0.03364099970936494
5,0.03810022010735847
5,0.0354941737882805
5,0.01611400456516389
5,0.040729433461100285
5,0.02428294478984866
5,0.04115925161427307
5,0.030402835167310138
5,0.023910952132508483
5,0.024299004722807105
5,0.0376191609914681
5,0.05494835223427138
5,0.01890910673900878
5,0.022836345283456176
5,0.021390042082490943
5,0.032972396433082994
5,0.03831341875577458
5,0.03882356765448469
5,0.04771606297943174
5,0.033404027694765526
5,0.03441863127865757
5,0.0195300131326401
5,0.04175318583060107
5,0.03036964578830655
5,0.017566909845870376
5,0.03368143149000162
5,0.045152380998917836
5,0.04159900903453565
5,0.038223822017875206
5,0.032130740090052665
5,0.029437032690859753
5,0.011262509127542139
5,0.026706529406431312
5,0.03412564303471751
5,0.02745630349011442
5,0.031519105637767955
5,0.03524279726570258
5,0.0502284216860915
5,0.036546296406006665
5,0.05274246474214117
5,0.05504579096425163
5,0.02521808160774867
5,0.041797813505976986
5,0.046372067654617224
5,0.039992449270121945
5,0.027942798199987934
5,0.03613288211151672
5,0.03683831258378749
5,0.02470933668572915
5,0.022434602606295893
5,0.01828922228135767
5,0.03282817111045452
5,0.024867041220823997
5,0.02093659306952211
5,0.04427547919875593
5,0.05108045469575506
5,0.03799407382509631
5,0.03244396357677028
5,0.042729289539698914
5,0.025745673576065553
5,0.039075951334494194
5,0.029465388727279735
5,0.03939675506115735
5,0.03728441528375511
5,0.029093222235092496
5,0.037211558565404444
5,0.019768841143398812
5,0.04228233184241527
5,0.02472119370026683
5,0.03619922193041175
5,0.018359053505667425
5,0.0399846359606668
5,0.032951550781104996
5,0.03615620162137763
5,0.027912515211311068
5,0.04318447203015803
5,0.04285888389234767
5,0.0373504138469412
5,0.03488375922318325
5,0.0396705145575369
5,0.04348666994766433
5,0.03096544906152804
5,0.0697791985525352
5,0.023545419375564418
5,0.01967474791563108
5,0.028760451817554857
5,0.02824234994643015
5,0.050182996189719345
5,0.04341816711742439
5,0.02763203353496203
5,0.018131523064495378
5,0.04012676052470317
5,0.026831302718187195
5,0.036596878526832646
5,0.05222991218445877
5,0.031873685572432295
5,0.034799054805210394
5,0.037807371011722754
5,0.03407358573405048
5,0.036540507418604394
5,0.027589781365064937
5,0.04826541010332397
5,0.02256172719172294
5,0.03362506344536591
5,0.052624686704611026
5,0.040967625281228784
5,0.04299406792435147
5,0.02311342610322819
5,0.03171795207195124
5,0.025739166414068232
5,0.02778887530227453
5,0.036537733283890636
5,0.03198773015672657
5,0.0412484660334839
5,0.019267992656962663
5,0.014900913629898696
5,0.041212804724763685
5,0.03732180118779475
5,0.04997835470587841
5,0.026595810426886524
5,0.04091719592051272
5,0.020252089311341263
5,0.02763289159508566
5,0.025134917420902146
5,0.05146619324389914
5,0.026012845844822136
5,0.04336648984270607
5,0.04632131866762899
5,0.05248756657803264
5,0.038845913747234936
5,0.014632862291911597
5,0.04165533180455379
5,0.029849439881591354
5,0.034742168832006606
5,0.04210205396043427
5,0.04239022876312531
5,0.03419975941953228
5,0.02243567789204663
5,0.056162290208098195
5,0.03014710777282324
5,0.024065264612120052
5,0.024419008697118598
5,0.04789539249178931
5,0.045343697673725133
5,0.01927547749616767
5,0.046474968110210735
5,0.03511326965903226
5,0.03206913490100767
5,0.03486930609652657
5,0.05969283785210672
5,0.026983653191471314
5,0.02655453871386302
5,0.04222321967146826
5,0.050516809436355656
5,0.03255082953310502
5,0.03796114402011201
5,0.03478352323033848
5,0.04351882293950059
5,0.04485884330658568
5,0.04433840317990156
5,0.053503198781013214
5,0.04356357644685097
5,0.03757426633863195
5,0.05083379170662909
5,0.030967308046117935
5,0.03194766552211277
5,0.02357757557055267
5,0.04117069109109023
5,0.03388756392419448
5,0.037008606937431396
5,0.037940576208031596
5,0.02535077045897713
5,0.0375652262559935
5,0.04729050905202203
5,0.03294200991789842
5,0.03489607668825769
5,0.041164203853884765
5,0.04514662072487056
5,0.04185260261038033
5,0.025235543672667636
5,0.041077399692120056
5,0.036465272697149845
5,0.0372458700227117
5,0.026833427871788773
5,0.02930459406687468
5,0.03042717305215792
5,0.0262251276514396
5,0.03544551936910235
5,0.030357708106885817
5,0.04021094351967772
5,0.029364577040288102
5,0.027381955426919576
5,0.045346721226695044
5,0.025556941698014292
5,0.041949552695855666
5,0.0292671362360969
5,0.03368637131503306
5,0.016953126108034965
5,0.03560378777842916
5,0.03710548824593737
5,0.03737455416226873
5,0.029453620513847874
5,0.03838641382971729
5,0.02480201696801625
5,0.037368919447249384
5,0.02764508730873022
5,0.05024450101243415
5,0.032736053239943885
5,0.04025281649447872
5,0.03725300688779576
5,0.03546962213755762
5,0.043412285850632525
5,0.03987978527045691
5,0.035891758635141845
5,0.036572971865076874
5,0.03751003983773291
5,0.05510933039280156
5,0.049252762899323045
5,0.02343982772427452
5,0.035489788978514035
5,0.020720132790694755
5,0.05072502644932177
5,0.03597635038475729
5,0.035768758629352373
5,0.028698828814893655
5,0.04864667056823566
5,0.02410976421280465
5,0.04205535998431001
5,0.026243512702844234
5,0.04013615030271908
5,0.0275788034512849
5,0.03175193916810094
5,0.026790241740833227
5,0.04159703933400412
5,0.05155472723009524
5,0.032757598954174474
5,0.04495534828729544
5,0.04208604057161643
5,0.04103105453960957
5,0.04214966978265705
5,0.04498679646950361
5,0.02923511151730144
5,0.03878404706792543
5,0.02706643452800837
5,0.020610577025269222
5,0.032451861304238196
5,0.03367724789983591
5,0.051398940946932856
5,0.044332316378896106
5,0.02462285926487465
5,0.0404020616090372
5,0.044544042252826106
5,0.039956832768545614
5,0.03820627563630124
5,0.03665835852256917
5,0.029980201155602976
5,0.036981914587114334
5,0.03417157041779946
5,0.019359163346439195
5,0.024673572462357612
5,0.026325012247935986
5,0.025542015517980087
5,0.030186045105395094
5,0.033844683097694846
5,0.030136515866062176
5,0.041718223049614686
5,0.03156449946756082
5,0.05371030236824677
5,0.03630857522088455
5,0.039311002171027495
5,0.0322016076992227
5,0.04107082669060606
5,0.039746525374152616
5,0.019644080765090423
5,0.03586622246321387
5,0.024979788753010067
5,0.02336131138292012
5,0.03093478433984274
5,0.052219482543824025
5,0.04276099186217626
5,0.03053809070926925
5,0.02632290223434145
5,0.02964852741619129
5,0.04759548923802419
5,0.03437455504929341
5,0.04131229705022452
5,0.006973852325381558
5,0.05088813307590613
5,0.03023418376301824
5,0.04652419148482668
5,0.05059386218518919
5,0.03464213861617686
5,0.018397451391417175
5,0.04192775250016623
5,0.04191685864566493
5,0.03620996130735345
5,0.045710621784064036
5,0.03031196633456566
5,0.02583085197226892
5,0.020934302482277168
5,0.040481199447186686
5,0.046522879251674434
5,0.03964944765790769
5,0.02585578236967368
5,0.050768129191386444
5,0.04950290866305518
5,0.02327092501402931
5,0.03164143227366431
5,0.019429783571513905
5,0.02767159148049505
5,0.03231548134533429
5,0.03630015180961524
5,0.013690323409687549
5,0.03968939865617383
5,0.053187479537167535
5,0.05190397068866674
5,0.030202634395917177
5,0.03445145385826577
5,0.019949419090375113
5,0.04309362099943663
5,0.024301011752150752
5,0.050951833693545764
5,0.03486985943757788
5,0.03364099033915028
5,0.042485564680529844
5,0.03060629819816908
5,0.01798323729447217
5,0.026935897259970375
5,0.03699997666077163
5,0.03752329706343345
5,0.027998215373115715
5,0.037560684808941217
5,0.02897916673848802
5,0.015515461132850303
5,0.02707735690897522
5,0.02827753114818104
5,0.045387050413689935
5,0.04151737075126176
5,0.029637634922846358
5,0.039332828548187135
5,0.024376950773620613
5,0.03726690988656808
5,0.04247009826703565
5,0.053968712425438034
5,0.03517086256652392
5,0.0411645859149152
5,0.05130066491261724
5,0.03095171938008736
5,0.03247620653584415
5,0.03266011861758651
5,0.04179419310680351
5,0.040881123964315036
5,0.04328425570313728
5,0.027351532668073518
5,0.02939336078883962
5,0.04356792937406233
5,0.043999771530970865
5,0.06222705775989832
5,0.04447924162330997
5,0.03268862217374061
5,0.030222822908681723
5,0.047203332003134965
5,0.03224346757743805
5,0.0362298303266973
5,0.02920804720115321
5,0.043489228104626354
5,0.03615942747886193
5,0.03520027035746674
5,0.0453204207222672
5,0.02048953873746112
5,0.04016549437025697
5,0.030537849406534756
5,0.045629410285547144
5,0.032360338768493896
5,0.02381122881201835
5,0.04994160481523442
5,0.027917937573688704
5,0.04680867849558136
5,0.039738089643241783
5,0.021418638382768907
5,0.04112075409610322
5,0.04471428821143177
5,0.05492258854098121
5,0.039664010450159506
5,0.01731694043811539
5,0.041856783489277224
5,0.03605888867649761
5,0.029602766313103785
5,0.05355786108572198
5,0.02326237636939937
5,0.041322466121619876
5,0.026794696492566154
5,0.03545200946647846
5,0.028264112942785847
5,0.04707000209668778
5,0.034028420770104525
5,0.027300499499537455
5,0.039668886210930523
5,0.03340119002193433
5,0.039563978504630656
5,0.041000449354272155
5,0.017530473843253236
5,0.02966171878578272
5,0.034012820235947795
5,0.03057182672904151
5,0.03873424074353873
5,0.03263994528686086
5,0.037869802876855596
5,0.0378715126078026
5,0.02397118425550815
5,0.03412860475726585
5,0.03388343183921595
5,0.032293617582898435
5,0.04511421771770713
5,0.04013016166526661
5,0.030045450200066603
5,0.029955042474455795
5,0.02854973418906912
5,0.023573121982667478
5,0.03530047511460001
5,0.03876814751555592
5,0.028815964410966455
5,0.029045805819733716
5,0.03836312893296747
5,0.031356571730163395
5,0.02856166706568749
5,0.03531688009806832
5,0.03708910741332554
5,0.03564358430566601
5,0.03318043630870556
5,0.03268302957055209
5,0.03265453376615003
5,0.04310981871250689
5,0.06328653398674614
5,0.03480624621133995
5,0.027443106607166014
5,0.045685444097858484
5,0.02945986259231914
5,0.02721420163763949
5,0.03798330634469585
5,0.044949619460437726
5,0.038212025569247896
5,0.029794741527897108
5,0.03793044632397069
5,0.03512613443566008
5,0.014299056788345648
5,0.04686670669101152
5,0.027261817003367817
5,0.040242541848385674
5,0.022082241238049843
5,0.031463865221759486
5,0.040977407616902155
5,0.03401904379765556
5,0.041326512318875644
5,0.045137347697614925
5,0.027856259923153458
5,0.03790040986296857
5,0.04108785271393841
5,0.030020720410077927
5,0.03315889649010363
5,0.04545347350921978
5,0.02001726957056823
5,0.02475776054034442
5,0.032481342249229016
5,0.028468445492238086
5,0.055587467126845945
5,0.043171094144117975
5,0.03128464575817579
5,0.041523575418004624
5,0.04125094013038482
5,0.05478007302156761
5,0.040548639775319514
5,0.03135278737584549
5,0.02964164311671244
5,0.03181099438039229
5,0.04255363328650656
5,0.032698772341355056
5,0.04811514048386753
5,0.03828806050352236
5,0.027909839299600246
5,0.03092636408383841
5,0.03386243830396894
5,0.0194848677947266
5,0.03104603668533531
5,0.03075782069564047
5,0.04013456332179254
5,0.052470410885527875
5,0.053169691091134855
5,0.04368380727092972
5,0.034544511159602144
5,0.04646203686315726
5,0.04319243889758205
5,0.02749041400965626
5,0.04512916263790014
5,0.04602686270046578
5,0.05010711639432971
5,0.01680656155777204
5,0.035279740415749175
5,0.01946478778810098
5,0.04487339392337794
5,0.03504205914923958
5,0.03111931968566551
5,0.02925220859035052
5,0.026670767528846485
5,0.0334729635346835
5,0.04740856959827396
5,0.03854406898585998
5,0.047714413102550764
5,0.03820661947738037
5,0.02125553946473549
5,0.030241445259232808
5,0.04051645531342757
5,0.03180423771782479
5,0.04110046689257449
5,0.034686310486498236
5,0.039232992985099496
5,0.01978049879388335
5,0.02232467853178573
5,0.04797546847560077
5,0.029422653619126743
5,0.02942328382505019
5,0.043359444618866094
5,0.0336241200519438
5,0.04615439834354111
5,0.04724701426424734
5,0.03434541880493478
5,0.023074821084363067
5,0.030939002157744838
5,0.030770288707866068
5,0.03018723690394639
5,0.026766255127332977
5,0.04540327365035597
5,0.03524368506330801
5,0.042366771069775364
5,0.04656822007620279
5,0.041243965819912985
5,0.03463768975999591
5,0.03136698373347222
5,0.04351186884374827
5,0.03408597126537932
5,0.03988144098811823
5,0.03953028077377931
5,0.03143610817204846
5,0.05041343039746955
5,0.0338465334712369
5,0.040032350243123446
5,0.04483978870673775
5,0.021112388686159157
5,0.034568283172687446
5,0.036670242094941456
5,0.02530306078422136
5,0.023733742984204026
5,0.023142569528695145
5,0.0204395691669952
5,0.04286421745471981
5,0.04714279889890662
5,0.03580733749074477
5,0.044571059941054716
5,0.038378685675239804
5,0.029751948241565095
5,0.04011249563803203
5,0.08027619944262195
5,0.036944058554341186
5,0.0390799753468412
5,0.03635213153735545
5,0.029288183632238285
5,0.0500961056033191
5,0.04350152736455427
5,0.04073561928844814
5,0.046328040987134556
5,0.030009979003171032
5,0.03009998262014712
5,0.014006892451766548
5,0.029985744547473492
5,0.02155438375155907
5,0.043582322461050045
5,0.04158636341935042
5,0.03102403037508968
5,0.030092195105517243
5,0.044620491689921195
5,0.04082562633419816
5,0.03395549398463232
5,0.043498104019796535
5,0.034279464903636
5,0.040348027865243594
5,0.028677729590409262
5,0.04719356690089788
5,0.03564907501690499
5,0.015063402620779626
5,0.0318422219986276
5,0.04004791925170183
5,0.028031653987919337
5,0.035461610055325735
5,0.019755645345276462
5,0.027161714506470667
5,0.04123220319561394
5,0.011183681317073358
5,0.03986003208216684
5,0.03814828148974258
5,0.03749080587435601
5,0.03535439025293931
5,0.02804327611109613
5,0.033949435567841926
5,0.05004363112866683
5,0.039157241459509676
5,0.047568566094360956
5,0.04168963415470165
5,0.03533648881912247
5,0.04837195146706784
5,0.03820818748736981
5,0.030653374822829794
5,0.02322214823005213
5,0.024647715974166776
5,0.03680233773207618
5,0.03803492852151477
5,0.0527443344097699
5,0.04178004337625802
5,0.03449330597155284
5,0.04606498472386108
5,0.031248372774033563
5,0.05812514536887936
5,0.04279745368069485
5,0.029569097422816458
5,0.03807456217827678
5,0.031103960213720673
5,0.028063397408393802
5,0.04142574587537241
5,0.050606092554809044
5,0.050787392096833896
5,0.03247836434123427
5,0.036097904690240025
5,0.046342769813723435
5,0.04128635507898283
5,0.03556947418160617
5,0.031112168046713767
5,0.02921837355261389
5,0.033507966898612206
5,0.03621334566489512
5,0.040971886692840354
5,0.03254329730142734
5,0.03153910258509061
5,0.03243683490120573
5,0.045439782931987305
5,0.04598779678418731
5,0.04905858930677942
5,0.03759370150079823
5,0.04073094339729737
5,0.04520407649155864
5,0.03605899444554833
5,0.04146578415880643
5,0.03389947924281233
5,0.017611761234257582
5,0.015430738403093313
5,0.03631491617889851
5,0.04806766120415658
5,0.03682138640438452
5,0.03601084391272774
5,0.03940112005588058
5,0.05006568635982476
5,0.017144325175098018
5,0.04366907564373873
5,0.02143187834145471
5,0.047885219827690895
5,0.0395016255579408
5,0.02994753615221643
5,0.02072109201149106
5,0.028046761840935113
5,0.03129912498201386
5,0.0456977661630133
5,0.04173176997790064
5,0.03991810571111288
5,0.027480960483376553
5,0.04550603196676558
5,0.0495971810758538
5,0.0330835740998033
5,0.031685872003946215
5,0.04216289100790847
5,0.03095816660157124
5,0.044356484277798265
5,0.0387999821224773
5,0.034376699923141386
5,0.023183917100482575
5,0.035909477510146524
5,0.03904830382457285
5,0.026805289162393865
5,0.04040770329308291
5,0.02495592944743527
5,0.04941673942755566
5,0.037472720962602214
5,0.03793349107779538
5,0.025251519891413582
5,0.04201442842642872
5,0.03082812301630955
5,0.050088668874731936
5,0.03309874396101262
5,0.016996696463820758
5,0.035998668773242246
5,0.030966726757326056
5,0.02101102366108485
5,0.0450959776613691
5,0.04399960188700026
5,0.035407852274725544
5,0.04741436992415064
5,0.032179441031645994
5,0.01833387474212999
5,0.029248698275180136
5,0.05243211140520774
5,0.027434023564332156
5,0.048255566998183695
5,0.040147836955169866
5,0.014064438058014656
5,0.03079988225660557
5,0.043969445806272545
5,0.04329289538513942
5,0.027005534720797496
5,0.031351145019514914
5,0.057387824267664755
5,0.04138342438956229
5,0.029590475488189032
5,0.0494969240655725
5,0.04766997651640649
5,0.027367693600338742
5,0.04296192464224896
5,0.04033443791442802
5,0.026523468998821714
5,0.0298576560766091
5,0.04165224973137486
5,0.03214657120713742
5,0.04964010628298401
5,0.031468833542543095
5,0.033492772221244624
5,0.039732107868869715
5,0.03780972587621886
5,0.03133417369306958
5,0.04159962061942727
5,0.028058284362376385
5,0.03207512908789075
5,0.03878425935166595
5,0.03196851233995272
5,0.016861654010435028
5,0.033822013872772845
5,0.029309253149107085
5,0.02441734654631999
5,0.03781040807419174
5,0.04046411497964749
5,0.04902483849906212
5,0.042666883442325505
5,0.035794272953598036
5,0.047671045146895005
5,0.043505647688175525
5,0.03306833039369859
5,0.025479608118261048
5,0.026914082195766763
5,0.047349049161216544
5,0.04353223201690303
5,0.041423989863694166
5,0.023704369389396362
5,0.05212398744542537
5,0.045909065828082754
5,0.039731514197988815
5,0.04922971805555244
5,0.04651722955637501
5,0.04348215077773192
5,0.028976892818953225
5,0.015623449444326632
5,0.044169155697733345
5,0.04733018106889323
5,0.029700464598467913
5,0.04537547017118097
5,0.03634641553513803
5,0.03215956869688399
5,0.02465166863105317
5,0.03337254142477364
5,0.0393553639271197
5,0.04486620437395642
5,0.04034744013286679
5,0.044402056982958384
5,0.04078183574288326
5,0.03254020203729565
5,0.048054750957710834
5,0.028585738927861377
5,0.034935214625661314
5,0.03384817061457732
5,0.03247807957367425
5,0.01857165693841295
5,0.03010681421362215
5,0.03379155191216458
5,0.03266215855612087
5,0.029909018778053843
5,0.04906860992946212
5,0.04061067133425452
5,0.041784231012612416
5,0.030173327142899126
5,0.03492690897021662
5,0.043491279182504346
5,0.025513489058756767
5,0.04110837131221941
5,0.03170517500191335
5,0.04853005669166235
5,0.04599664658296089
5,0.025307763934379824
5,0.03800181914941874
5,0.030685753982498842
5,0.0380663207420742
5,0.03639006302979511
5,0.039179887082366416
5,0.026079032033045457
5,0.050912337431530716
5,0.03427561474877679
5,0.0412953588917961
5,0.03643529829237861
5,0.02048061650302497
5,0.055120114644407525
5,0.038296248888648445
5,0.023342829385275536
5,0.029803395557556865
5,0.03254170110154768
5,0.04414243124883891
5,0.03563313105244544
5,0.04804156621319096
5,0.042735968159267765
5,0.048748370023847444
5,0.020282445173619983
5,0.029947011519996913
5,0.031073140824825023
5,0.033105722889195194
5,0.03723423294742937
5,0.024477195867336154
5,0.0370118416113701
5,0.04662544623589263
5,0.033573278925557656
5,0.03137468276770367
5,0.03573062182927754
5,0.035978884689318015
5,0.041619967265313126
5,0.05445566180793693
5,0.04204297092125413
5,0.041604513006614455
5,0.03819231743691048
5,0.02518305193014741
5,0.02788359305892047
5,0.03845962880352431
5,0.03651046565940276
5,0.050580243313546026
5,0.03563443296250801
5,0.04085149911021717
5,0.029951545260565683
5,0.026479608016359246
5,0.03428664251208522
5,0.02515708263907478
5,0.03915358922678043
5,0.03232014356750655
5,0.03978186742702959
5,0.04903006884239229
5,0.04748701195633098
5,0.030997087977979083
5,0.058676300314539395
5,0.037815278268341045
5,0.031503043005427944
5,0.04042194975623851
5,0.04563996414021419
5,0.024773224664180665
5,0.025703512911303107
5,0.03964605586678249
5,0.04619393152408152
5,0.021246659928571048
5,0.036150920370649
5,0.025180260495250056
5,0.04076447975061561
5,0.029038595583999183
5,0.03980145114316712
5,0.0366802929136801
5,0.024508352760098256
5,0.023492976278731082
5,0.028931983030905224
5,0.021945829124059783
5,0.0496808568241442
5,0.044970392922783556
5,0.02975093738029248
5,0.026442928251241865
5,0.04949442973504977
5,0.03699599063763104
5,0.037647707494174384
5,0.03035791265733807
5,0.03948159476825981
5,0.04771980571607397
5,0.05370752318893433
5,0.04068682886173843
5,0.040101982130228815
5,0.01885513064361167
5,0.03686566528063799
5,0.04489972775810101
5,0.02631201088831712
5,0.03616667717658284
5,0.050517115202623294
5,0.033639715025010404
5,0.03809520954076588
5,0.03782164741146821
5,0.034714879576278286
5,0.037324463770650816
5,0.04061680714757658
5,0.03251456549389789
5,0.03479990467353509
5,0.025836319233297905
5,0.03418935976436864
5,0.050087382691688845
5,0.03683042130670261
5,0.03425037103324537
5,0.03801594620004255
5,0.04924624806290434
5,0.03452171259055923
5,0.026252568945681308
5,0.021988774383367153
5,0.035790391997344476
5,0.030802823867324768
5,0.02740073655487545
5,0.03166310853700101
5,0.0329192750481612
5,0.03681161280880217
5,0.028611536870710896
5,0.046367112104690196
5,0.037267864783745275
5,0.04358572786315097
5,0.031701425216097645
5,0.03495253706923286
5,0.04267931815860879
5,0.030986527650751404
5,0.0260904034709468
5,0.03672779196822394
5,0.03787525187463403
5,0.03310569320955536
5,0.02789522886198654
5,0.02617214821109634
5,0.02113190389729289
5,0.01782573958913889
5,0.021673079537775912
5,0.027819807643771323
5,0.028421538964435483
5,0.034229566316690975
5,0.03638577397540852
5,0.036524301114379806
5,0.033333463312441615
5,0.046581457373199305
5,0.03802289962021578
5,0.04477936105145462
5,0.03651645491672099
5,0.036953975355009674
5,0.047091488137257435
5,0.02919188188693298
5,0.041525173497170206
5,0.026703857821662808
5,0.04028403411029141
5,0.02995827857136938
5,0.03064822111431777
5,0.04080019754762261
5,0.024136284269416608
5,0.05467554488520644
5,0.04786669731270161
5,0.03543506941407109
5,0.04414563645065396
5,0.03280947512215634
5,0.04413815273496552
5,0.014605950686925323
5,0.03591652271267948
5,0.030828297485038236
5,0.030391868797600873
5,0.03732331505891896
5,0.04579262971531549
5,0.03961277183125601
5,0.0363881472623657
5,0.02438962020042508
5,0.03727064801115378
5,0.04538061607714296
5,0.042783360183792946
5,0.03161872287726227
5,0.04160612997824672
5,0.042022873018233056
5,0.029386127387179006
5,0.026565667996173305
5,0.05420891566942164
5,0.029991494387760876
5,0.02416966135432787
5,0.03947879527016993
5,0.04530305977602802
5,0.04674602276253896
5,0.05061887680598774
5,0.04627781014267213
5,0.04926732080611319
5,0.03829360835813485
5,0.021791831265453993
5,0.04320401210355801
5,0.04455414738509744
5,0.04568846756969566
5,0.02860329471451848
5,0.035362562202107005
5,0.022418515512131892
5,0.03644477376163706
5,0.03915996972319337
5,0.04022031868911299
5,0.03874227598022994
5,0.030291407616703132
5,0.03183189027702461
5,0.03539679159301189
5,0.023278911411967355
5,0.03425895225006797
5,0.031711643012924076
5,0.022803705091595114
5,0.03588380891368905
5,0.04034218788741678
5,0.02623243080426574
5,0.035810045515056
5,0.03882793149196935
5,0.027986389637797166
5,0.025399689249500767
5,0.04645794848704788
5,0.01647253201719386
5,0.03174590628740803
5,0.030800745945703444
5,0.040900769479757515
5,0.038371990340259274
5,0.029863291310320218
5,0.043034127935516184
5,0.0464887116781469
5,0.040125453648983636
5,0.03300390133544875
5,0.034846714726625636
5,0.029844119923989415
5,0.04225455993534087
5,0.037500075966124286
5,0.028365125255539424
5,0.02131733400534585
5,0.04528866705387922
5,0.038289638835221365
5,0.062263302044956684
5,0.04422000381577968
5,0.03637003960242894
5,0.03313744073058107
5,0.02894232169503057
5,0.05445935158038508
5,0.04746237314708901
5,0.03247535634274973
5,0.02022981767178572
5,0.030397482687737343
5,0.02925649932368408
5,0.03433128489840857
5,0.03638838942193893
5,0.03414639811611885
5,0.03225395614640751
5,0.03471896829987953
5,0.03995968825660664
5,0.03539716696218653
5,0.047738116282651386
5,0.03480838689107117
5,0.04229246538121765
5,0.03031067750862314
5,0.02354334218511483
5,0.03193142118608755
5,0.042447864952202645
5,0.030533651505289076
5,0.04379853226640521
5,0.03421963019349492
5,0.046395385123169146
5,0.04322582326362132
5,0.024419018149773923
5,0.03228312612078713
5,0.03175483330819621
5,0.026988782203481075
5,0.029627772023294495
5,0.024965767637499005
5,0.03516899539308878
5,0.03707314258971123
5,0.042771696589134
5,0.0468330177596877
5,0.03745790412202775
5,0.03128017301895737
5,0.04228280056110525
5,0.04150273015721987
5,0.04353404786270951
5,0.03705193881253698
5,0.033362679192542675
5,0.053912470645180524
5,0.04119176391513134
5,0.0338387267067505
5,0.028356888205467924
5,0.042585850311511936
5,0.02968831998050006
5,0.04037289635464341
5,0.012747726431079229
5,0.041555030340307914
5,0.04832676233208776
5,0.028480999365228615
5,0.03975540846756512
5,0.04090219774124082
5,0.048116843060091
5,0.08274428875938053
5,0.03772451830428607
5,0.04711980031737761
5,0.025355251686602097
5,0.03371507253031833
5,0.029420579118751
5,0.03877666392392882
5,0.05207601064220829
5,0.0248557146039213
5,0.04404875696936135
5,0.02520668067948136
5,0.03204861260295964
5,0.03251750278422769
5,0.041448878277735815
5,0.049137209577548316
5,0.026858501352540236
5,0.030691219377142493
5,0.045460162085481134
5,0.03063600539069706
5,0.037570171898085564
5,0.048792718303594364
5,0.04927698292435643
5,0.038396006985568186
5,0.03719110720372465
5,0.03096414985111013
5,0.034676837402986396
5,0.0343038959786532
5,0.029046117424940156
5,0.023689644558840317
5,0.038017086951334725
5,0.03706420072052178
5,0.03317465010674582
5,0.02400863520819179
5,0.04257404525298463
5,0.04147041737613826
5,0.026204555413344245
5,0.02108922710383054
5,0.04162426689213978
5,0.03861808845101118
5,0.03813893518451495
5,0.02033115370099912
5,0.03933376965027156
5,0.02789254513549714
5,0.03371521384750971
5,0.021927444657169524
5,0.03164889804546587
5,0.031065567651655617
5,0.039368695968722875
5,0.0371851654753462
5,0.02554861160326728
5,0.036745914247804615
5,0.0463289785636235
5,0.031735358038914266
5,0.03991141517502416
5,0.030968490359889744
5,0.027581556578134513
5,0.038698584128575436
5,0.04350257899624943
5,0.022478405839076853
5,0.03974751619921056
5,0.03011508299482532
5,0.03763159335184827
5,0.03238877325702246
5,0.025526012274241096
5,0.046481309473418865
5,0.031137979375260916
5,0.03361994327654468
5,0.03157802530310193
5,0.03253262203047471
5,0.054467302782902405
5,0.030713545347309107
5,0.04199952668319804
5,0.0366254210123967
5,0.03499737249675259
5,0.039698162600914036
5,0.04993443314514665
5,0.05350672733472002
5,0.04658468973358308
5,0.039503957022807554
5,0.027045549078895708
5,0.03247930152600338
5,0.031260349829861506
5,0.04819026647768508
5,0.032908261023654586
5,0.0205516323081262
5,0.040824278733785226
5,0.043350548835789184
5,0.03894391158865046
5,0.03270882517124924
5,0.03455460396512498
5,0.0338570528517178
5,0.02439391188868104
5,0.05298318952577251
5,0.0276929141757839
5,0.049354099394355436
5,0.041074816825845274
5,0.0444231090665439
5,0.043017097592526414
5,0.032935020223772024
5,0.03549379604619762
5,0.02990121577127438
5,0.043465065770103305
5,0.041200127644471854
5,0.02360725412852439
5,0.03384055316315494
5,0.017627815689073227
5,0.049494373628878215
5,0.03096540677310484
5,0.037074345809589855
5,0.028834814780188324
5,0.04475670439246369
5,0.04056440536747589
5,0.04234513969864328
5,0.03283310121398711
5,0.045127335604391125
5,0.034072533277600084
5,0.024553947243312786
5,0.03697293478838642
5,0.03322837120846337
5,0.044228461237200326
5,0.030097689584477415
5,0.030518519840017022
5,0.031017405257843616
5,0.04778875135591846
5,0.03456728774769381
5,0.053140020241112154
5,0.03730773212798457
5,0.0343125110144628
5,0.03616540937773873
5,0.03910999335972182
5,0.0330092560007078
5,0.03601607872163617
5,0.04079573237754697
5,0.048057434289230726
5,0.02763202782098818
5,0.03569329146666041
5,0.012658578152225337
5,0.038364608657955025
5,0.04770931569012553
5,0.037912406785306
5,0.04148141343820455
5,0.016846702912160803
5,0.03450398437699254
5,0.03475437720131226
5,0.04510937801159105
5,0.03724336124416658
5,0.03278327297693713
5,0.04219960603624216
5,0.035471249604628705
5,0.03668375408967277
5,0.047609635171026586
5,0.04631249656789045
5,0.025815661070803818
5,0.030982744603837098
5,0.03982198734292338
5,0.03665773370964105
5,0.03135852237689193
5,0.03992195507543513
5,0.06207760117596302
5,0.035027456623138
5,0.0426953351384903
5,0.03498239891958658
5,0.0350587417978374
5,0.03562308226348862
5,0.03787819736275489
5,0.02788023361122443
5,0.044735023588375875
5,0.03507701508753629
5,0.032085540844650165
5,0.043689782006585874
5,0.057439242523991976
5,0.011270472236942174
5,0.017375544000100253
5,0.025844918374641236
5,0.05047023758678776
5,0.0531906885453252
5,0.0460193040476059
5,0.03564359800922025
5,0.02738439444375749
5,0.023101440953981135
5,0.033749893968818265
5,0.03719063450560948
5,0.02152389442092887
5,0.046753620578452115
5,0.03839139084421812
5,0.036457246105186594
5,0.042259439446438576
5,0.03711693199057293
5,0.05889139887882659
5,0.041084927263304066
5,0.041531941766193715
5,0.026945352082069846
5,0.04026222414552581
5,0.03421439237077055
5,0.0349042626972821
5,0.033582100639453535
5,0.037592083109988024
5,0.029942997881083143
5,0.05512250385289197
5,0.037174661300727815
5,0.03720051792481173
5,0.031575205388898395
5,0.047280267737049006
5,0.053536828944613334
5,0.03847795300468919
5,0.03785464443070473
5,0.023109930569643892
5,0.033485658461866394
5,0.035675443413149065
5,0.029229483657499812
5,0.03991532030787979
5,0.029135510876091664
5,0.03493695779760395
5,0.04978402260024706
5,0.03179219735187165
5,0.04564022378900734
5,0.02504320737559253
5,0.03601474090582159
5,0.03384435065752216
5,0.02033995850587223
5,0.040120890933245466
5,0.053328193440525806
5,0.03093070463613327
5,0.057714094411649285
5,0.028791126568275788
5,0.039104226889242796
5,0.03694479418595971
5,0.041465356485354425
5,0.04939634938531408
5,0.03414139266009021
5,0.03472577951144671
5,0.02532445555322314
5,0.03671017587822281
5,0.043795698941226036
5,0.03672719967153234
5,0.04324426500777253
5,0.042026059541620496
5,0.03436559688970929
5,0.023828367976919628
5,0.027100546808467622
5,0.04478711466331821
5,0.03473664150781486
5,0.036724150988914094
5,0.04578986093323887
5,0.03574372332559238
5,0.0408535422125615
5,0.0421326784625388
5,0.03708965050693587
5,0.044749098546982294
5,0.02734156333305886
5,0.04017174232615461
5,0.03919192685568396
5,0.04850832012903032
5,0.031568965438614476
5,0.048786086697469505
5,0.03111456300526489
5,0.024957243975212158
5,0.03371489092351361
5,0.054509425243646305
5,0.04101614090266641
5,0.02747714663543228
5,0.03212020469902606
5,0.04252328282996372
5,0.03035930475860956
5,0.041790512758941065
5,0.04366464171661132
5,0.04985837132423245
5,0.04133466074867122
5,0.06031524856309981
5,0.04352918749760791
5,0.03638121309615516
5,0.02518938369787324
5,0.05563669846826872
5,0.0422088499705046
5,0.020620625843007872
5,0.03513371153307815
5,0.02964742429803694
5,0.045712113764578
5,0.03884439168209801
5,0.06038935657384903
5,0.03840054475980234
5,0.03892535275512164
5,0.03758657290963998
5,0.04650625139381495
5,0.03792668342915058
5,0.02028259213549202
5,0.03894669753076817
5,0.045693472376390834
5,0.0359245279465329
5,0.050299898015975376
5,0.03922533526197135
5,0.046023149032230704
5,0.04108117573073915
5,0.04847336732387247
5,0.033973591453946794
5,0.03157636061687584
5,0.04764348149162161
5,0.023682758421894594
5,0.02928390613454926
5,0.04478226443532742
5,0.03478478400879468
5,0.01570610562143901
5,0.028842483620989273
5,0.049354861979508044
5,0.045249684121376435
5,0.046004525497509205
5,0.03723940840058696
5,0.056988909936832866
5,0.03288233044346635
5,0.033245059117535544
5,0.046034902045634055
5,0.03165806076500758
5,0.04532532665676002
5,0.016267418990343542
5,0.04394089546053788
5,0.036870172793275015
5,0.03388691699560743
5,0.048423636897506485
5,0.028451072207729133
5,0.03011283203766455
5,0.04208158950642828
5,0.03483613175034434
5,0.03888454398787122
5,0.037965155541859294
5,0.056872757063142695
5,0.03055497111006441
5,0.040508784514761156
5,0.03312344465992194
5,0.023774782085458038
5,0.022952778870296293
5,0.05181092100823424
5,0.031391701542893405
5,0.03573627751621415
5,0.031326603552661425
5,0.037496536782831755
5,0.03288601174551502
5,0.02133391424428851
5,0.04272040157348414
5,0.04919581632261792
5,0.0427435155220766
5,0.043973041766206575
5,0.03238526248433419
5,0.03558751212601214
5,0.03313553588152619
5,0.057438011611795126
5,0.04435785044491862
5,0.042621554192094416
5,0.03275437827406189
5,0.029765123330468435
5,0.029921475137408882
5,0.03703402411391109
5,0.026299704885490754
5,0.028380455863554376
5,0.03577691647985112
5,0.05827419415836883
5,0.03412748391758158
5,0.038683569534949995
5,0.031044942004183396
5,0.053422645795317844
5,0.03651186632598734
5,0.04401454665562562
5,0.04539933629717789
5,0.03058749443661395
5,0.029109247005480586
5,0.03630967614540427
5,0.0314809984851777
5,0.026982538860143013
5,0.03508207892747943
5,0.05522292082291783
5,0.041147732521180466
5,0.048370040414176765
5,0.03912079610791597
5,0.04060572173546147
5,0.04339541037993071
5,0.04176083683936435
5,0.037535456868652235
5,0.03532566148764263
5,0.02905108031717249
5,0.03146518603684194
5,0.04459207773322542
5,0.033205582252673546
5,0.03840423842532753
5,0.04403439219041472
5,0.025817580035318848
5,0.03618206878064607
5,0.05923735184352112
5,0.04180571485557081
5,0.04268733460071357
5,0.03797928773661479
5,0.02398115064522525
5,0.04229818125994395
5,0.015960972885237866
5,0.03495170557496996
5,0.03826858966764914
5,0.05071944118968923
5,0.03795030125293895
5,0.029702822559710563
5,0.04128823251075921
5,0.04020662758320506
5,0.04702681960947243
5,0.03766776232040081
5,0.03445576646843908
5,0.03963843504302201
5,0.03518318724243568
5,0.021162492245563096
5,0.03944864730979841
5,0.03366022794035668
5,0.04616137671540239
5,0.02764196617725745
5,0.02997204972161529
5,0.03976095843493853
5,0.043708289618828736
5,0.04401591419978358
5,0.028602211702901538
5,0.03429685318885608
5,0.04204290782406318
5,0.044101289605182115
5,0.03416817983778556
5,0.04598404793987776
5,0.03502945694690435
5,0.030399922998513358
5,0.04687819476118043
5,0.028655917945143418
5,0.05393593045855517
5,0.013162723223108769
5,0.02385628194823165
5,0.04015647731658286
5,0.04858773489938838
5,0.04061824827898314
5,0.04220855993566784
5,0.025290753327105304
5,0.028510004329877946
5,0.02752266358990907
5,0.03334163016375753
5,0.04201941187549933
5,0.03742862543982912
5,0.0360320766195835
5,0.04130263990315556
5,0.03861908038848163
5,0.034098776913187065
5,0.050864633857173526
5,0.032200596893820536
5,0.040686303046241296
5,0.035357010705223305
5,0.045286256480371344
5,0.026859949313856053
5,0.04879152508640741
5,0.050897168945050045
5,0.03848109539534407
5,0.036305165801279606
5,0.037137073688847146
5,0.03526239414290712
5,0.026421520605132188
5,0.03045618076374972
5,0.04488268000787421
5,0.022077253708845303
5,0.028228760527405687
5,0.033030854201326135
5,0.03784294895090583
5,0.018993769905433028
5,0.043647313443151356
5,0.0485695381002221
5,0.04789266517510855
5,0.04712478816520995
5,0.0440102891160435
5,0.043788752219592754
5,0.05374490331548224
5,0.03419931783620332
5,0.017199329602747063
5,0.03383178486469385
5,0.04454818216155234
5,0.04548106382525478
5,0.032257010264393385
5,0.04633985683597854
5,0.04545998615386939
5,0.04775146775780302
5,0.048946299090446906
5,0.02413606917602843
5,0.03591658210938136
5,0.033088731262426674
5,0.0436380170073775
5,0.035020469116091926
5,0.02918091440670536
5,0.04653158206079837
5,0.03993031074692498
5,0.03629650905714617
5,0.03243415419178676
5,0.024885985838092112
5,0.05545105442529856
5,0.02597853286844711
5,0.05076199689481307
5,0.0346723455643918
5,0.03262705756183671
5,0.03126688975678991
5,0.03543905791419153
5,0.037447753321213764
5,0.03777559863677472
5,0.04706784705757547
5,0.03184182472002648
5,0.04213053112217185
5,0.02589242754371701
5,0.04280112724790979
5,0.03802868907885013
5,0.030143803334293055
5,0.033195860783096096
5,0.027821957889218728
5,0.032386939179570244
5,0.05086039913916958
5,0.037216123851464875
5,0.028774951977948427
5,0.046583264566903655
5,0.03179346647422778
5,0.03644908812104268
5,0.03237112286684023
5,0.038927799353329975
5,0.030939518336730316
5,0.0411120487833801
5,0.02689343429671543
5,0.03459648431557103
5,0.0364833823373232
5,0.025012528486442913
5,0.025306072608013937
5,0.03587123072331253
5,0.02828420175161847
5,0.02971614843689252
5,0.02382815143236668
5,0.031649003051506995
5,0.038621576106466174
5,0.04226270866435008
5,0.02872820132524907
5,0.034454210146550625
5,0.028486012136996797
5,0.022895644870146087
5,0.03540895815013666
5,0.031518294581577
5,0.040814933396788496
5,0.04386841236809821
5,0.025097728760431363
5,0.031892718366343595
5,0.03262853516779353
5,0.027674696834477035
5,0.02565019190852962
5,0.03025229406372219
5,0.017459434595457336
5,0.04120379131378307
5,0.04898174111548844
5,0.04987449026631296
5,0.03767893340017451
5,0.04658747748194801
5,0.03602212687346722
5,0.045426079913110394
5,0.0415083396418548
5,0.04511550772642585
5,0.045499744927276535
5,0.008501987792749775
5,0.03005200069646714
5,0.04370083448422403
5,0.017758427754905156
5,0.048140843076344544
5,0.04996429369877228
5,0.039566507469705595
5,0.030953590835253664
5,0.04876974073670838
5,0.046683559618970596
5,0.04437518924428894
5,0.029606455132521824
5,0.02389498958074445
5,0.038179025155598297
5,0.04752834352971787
5,0.04369345841514883
5,0.04724570202093138
5,0.04060990977149592
5,0.038060404652967936
5,0.038236623550755036
5,0.05113159401283577
5,0.04319183646082558
5,0.03131584493695962
5,0.04867856487423467
5,0.036586632513830486
5,0.05011878056241818
5,0.044841415119398556
5,0.027176876410005844
5,0.014059021224402873
5,0.052072604844081806
5,0.04419210039191129
5,0.04423808876443176
5,0.027694695560496002
5,0.023053509402487998
5,0.02653564700601955
5,0.042774590018075126
5,0.030100562418651455
5,0.02273280717207459
5,0.035648459963076015
5,0.036502518702904684
5,0.030687211968014556
5,0.033694682976632584
5,0.03457904018382803
5,0.03617198921099037
5,0.060676177527737005
5,0.040491071029597904
5,0.04405345282844979
5,0.03300060611017325
5,0.04961302309846498
5,0.04069849963643811
5,0.03048822654868642
5,0.02859563096594997
5,0.05284365375619622
5,0.044751251160977355
5,0.05319176696521064
5,0.0345601905921719
5,0.027558541538849922
5,0.03577393125278709
5,0.04282498898248836
5,0.04039402574493118
5,0.030851185040069434
5,0.04614816994758489
5,0.024258812905238382
5,0.03194160402406841
5,0.04518731204613521
5,0.030168737888994622
5,0.03185259500784741
5,0.039556400554428314
5,0.05330226797040995
5,0.029701605374498997
5,0.03905529568478758
5,0.029447587981568064
5,0.045055914724675745
5,0.041093125567526305
5,0.03543654714469259
5,0.05096165684837596
5,0.021620664599552482
5,0.04576856525339127
5,0.02713365148478532
5,0.028265366001737735
5,0.03388034635283113
5,0.03078382763688627
5,0.0476399689647752
5,0.03894369429888178
5,0.03224058153484347
5,0.03149429493930768
5,0.038296776647879026
5,0.04127352076184329
5,0.028173034392782452
5,0.04651008405222753
5,0.038931851269068375
5,0.05466862449852796
5,0.03151998824729449
5,0.05265409464509765
5,0.0543028024435645
5,0.02146359378032898
5,0.03823863656654232
5,0.025271513513568145
5,0.02054953269024831
5,0.03678299185902574
5,0.038644383844061554
5,0.04174240035863932
5,0.030354616770524635
5,0.0313171445833276
5,0.03445560060559898
5,0.03904512115216197
5,0.05319612582353187
5,0.025709011851921492
5,0.030519205014838745
5,0.036339725356987325
5,0.046870477231359536
5,0.04773196988163594
5,0.02816712895867255
5,0.04961884911868046
5,0.028344008983333537
5,0.03931454552143687
5,0.03442525163370597
5,0.05233751448344731
5,0.03486903177235599
5,0.03296504429778832
5,0.02995526240991005
5,0.0493711255988357
5,0.04030219888818503
5,0.038718960773590765
5,0.04844858575670865
5,0.04672094426743993
5,0.035287537854034115
5,0.0364580107561057
5,0.03157635654645137
5,0.0245561625104518
5,0.03137898333756424
5,0.02129083166649266
5,0.03509155748373487
5,0.028677569637214483
5,0.025789780865744506
5,0.03464515732598686
5,0.04130817136696431
5,0.030418075313454564
5,0.04931118590417198
5,0.046460820665379834
5,0.02938739435105849
5,0.040657164257899336
5,0.05533868415408607
5,0.034347645223324244
5,0.04007104281480141
5,0.03335566063799118
5,0.04925644162146434
5,0.02885417935865512
5,0.02585805406733337
5,0.045815692532717715
5,0.02951150087488636
5,0.03990432436971397
5,0.028657621715900507
5,0.034918941140159324
5,0.030218337119930244
5,0.042076177844803574
5,0.04576839057114409
5,0.04987067306220536
5,0.03422889973831118
5,0.026052005259673855
5,0.04109412595365076
5,0.025779787705459495
5,0.04191913309230665
5,0.028772271135895377
5,0.03955658518061768
5,0.030993921936894507
5,0.041866877544863526
5,0.04324328383336841
5,0.04743660945830199
5,0.03378693335833592
5,0.037014971587229425
5,0.035978673315999715
5,0.021420576212451144
5,0.0390108388488347
5,0.043023871465458094
5,0.029996231007726665
5,0.04319715316199095
5,0.047961668110839364
5,0.04523205139818888
5,0.0450232346015182
5,0.04473726482291358
5,0.043647578821778034
5,0.03086429527991505
5,0.037239171249006185
5,0.055963110374208744
5,0.03893915747090213
5,0.03814817681840342
5,0.04021898421575357
5,0.046924845320267396
5,0.03803139570327123
5,0.02821657619869731
5,0.035071061779463716
5,0.03640660085635722
5,0.03945700091242006
5,0.02588310627339164
5,0.04299942039388517
5,0.052352514464427825
5,0.0364783294314872
5,0.04293354534114058
5,0.04730088614459284
5,0.024610875038211327
5,0.027299071293270548
5,0.03036791480443878
5,0.0346825575158749
5,0.024405465415831388
5,0.03425506506017685
5,0.052152541382277526
5,0.03988843032455343
5,0.03233381892768714
5,0.026817812556568142
5,0.03413018532111926
5,0.03654045309349562
5,0.032888759770491494
5,0.03457034135127098
5,0.04051093256598155
5,0.037263837695956856
5,0.04314044548923092
5,0.04336496322483823
5,0.024384922274618245
5,0.03182310629176975
5,0.02644641814625078
5,0.021973851800769155
5,0.03075838833220896
5,0.04333452677723255
5,0.04877574379559997
5,0.049052112263735695
5,0.027357988756583816
5,0.03363440627420739
5,0.04101880354444733
5,0.042838226441230434
5,0.03893648940838364
5,0.027195787434536982
5,0.04454991508982858
5,0.0321476156454128
5,0.03585503175375569
5,0.034175204049313776
5,0.03591338267751213
5,0.04103013971873719
5,0.03370225403031435
5,0.03334637843438402
5,0.03831450885690179
5,0.04799007948938595
5,0.03325212834245049
5,0.05415750064420012
5,0.028163878196436943
5,0.024303905872610453
5,0.025550511517050532
5,0.03321780130507537
5,0.019005538154146566
5,0.03272990376728769
5,0.05116924893546708
5,0.041448948378429905
5,0.033756819235377475
5,0.03680268244928067
5,0.03757454913620315
5,0.03749726602473846
5,0.03363322061477626
5,0.00883341111950785
5,0.045324986218960105
5,0.03443617920829617
5,0.03522110875734706
5,0.04097935910883147
5,0.027050095035272392
5,0.03804281287050027
5,0.030222265283648415
5,0.0331969936102053
5,0.04793728799514838
5,0.031144289082140498
5,0.04857293062956727
5,0.04823955750560542
5,0.03127092619210199
5,0.03400426179512845
5,0.026547577799259942
5,0.04225906524062993
5,0.03557027911486886
5,0.039643166429257935
5,0.03436515422195251
5,0.05229637794390377
5,0.04196281523489706
5,0.0351014668956601
5,0.03474407152414375
5,0.038697592753201907
5,0.0311472287629882
5,0.03173872845155344
5,0.03662430158154402
5,0.03498689735210279
5,0.03338353493715655
5,0.03995676162665608
5,0.05478663723371489
5,0.054673721074270445
5,0.034179607466456444
5,0.03650549309062849
5,0.027996849880442615
5,0.04288902210962713
5,0.0446651207455695
5,0.023335015732728413
5,0.02823189058190977
5,0.03536036921412548
5,0.029161527161339428
5,0.04275784416295318
5,0.04383545527858641
5,0.032022232373650525
5,0.04674632058046648
5,0.025093232661352716
5,0.03604446811313448
5,0.02378967420181235
5,0.04533329172445801
5,0.0224474325413134
5,0.046072210150421886
5,0.009785202133533538
5,0.040694662160435366
5,0.025397779988537574
5,0.046569559657697955
5,0.04595111273572291
5,0.02667721395810129
5,0.03202247905787954
5,0.04972417774661092
5,0.029987100241650667
5,0.040089352152047494
5,0.03701495249725993
5,0.03763213765603579
5,0.043321577764697
5,0.04599612767523368
5,0.028100938218093702
5,0.042322511249634334
5,0.031261777742855636
5,0.03924101017514577
5,0.03945657158185349
5,0.054923076268546624
5,0.03422292251575284
5,0.04538763336836943
5,0.04996366950525866
5,0.026437821321213563
5,0.044231730490832
5,0.041974403100773924
5,0.03159745737978043
5,0.03196941767763525
5,0.04001599136354752
5,0.028321024757450873
5,0.04220245355426268
5,0.026313841392939935
5,0.03462791991554537
5,0.04962110085436
5,0.03880161119994448
5,0.0342617684573705
5,0.024406753600428654
5,0.03958549113502805
5,0.03409026232829895
5,0.036047324749794926
5,0.04423337083240455
5,0.039172957095166286
5,0.036773843793872614
5,0.053083623656713985
5,0.03905179618451156
5,0.04403834435391505
5,0.05047911698241035
5,0.03201405723132247
5,0.047012013166726874
5,0.054402296769674466
5,0.0350138372369526
5,0.023281526406616883
5,0.03568696078945163
5,0.04397627022984958
5,0.047838815868267714
5,0.02503865041905976
5,0.03490910955230746
5,0.04668099440014524
5,0.05589999041710565
5,0.045044909074382064
5,0.03525070363194337
5,0.03740280822337393
5,0.026364191752106893
5,0.04682820966001651
5,0.04075168330475306
5,0.04907480579358202
5,0.02278874177272374
5,0.04100162842357908
5,0.03840302233362383
5,0.015508730476905746
5,0.033514790232973136
5,0.047206807687716436
5,0.024413387573342993
5,0.04441776178146993
5,0.04077333954185368
5,0.022855658296423137
5,0.022524904532815082
5,0.028709090042380307
5,0.02674555530741733
5,0.04534078545013338
5,0.02793052294951361
5,0.02871294465744758
5,0.042040538866705834
5,0.051625519691960456
5,0.03603431036867512
5,0.028988266886663318
5,0.027389008656376324
5,0.03253571751660771
5,0.04143750099354988
5,0.034650419702584104
5,0.032154976351336094
5,0.03502666679821591
5,0.028209544277885933
5,0.02937595529965888
5,0.038476048878326966
5,0.05221288283948773
5,0.022723973279763908
5,0.042490518307213905
5,0.035070708613695704
5,0.05008491083772968
5,0.05767523675834746
5,0.03624290647658151
5,0.026344062242974982
5,0.018887444805248888
5,0.04384046791441851
5,0.03831561703083399
5,0.03413111451770977
5,0.045731443434028254
5,0.03514050758950186
5,0.04297650360448017
5,0.04426571371191513
5,0.030973757855672395
5,0.011814800456471947
5,0.047795169212038434
5,0.03637557386772804
5,0.02828580968601836
5,0.045397840928084944
5,0.03401379010981516
5,0.033136463539274755
5,0.05198150311151382
5,0.008109880077659068
5,0.03234006530205138
5,0.02232241463096621
5,0.02205624182299342
5,0.020685164513098542
5,0.037462922684079344
5,0.03174533399689762
5,0.03872510981088327
5,0.03588180155213489
5,0.049952657545080346
5,0.046922084059806454
5,0.030834742810086947
5,0.04710168076759626
5,0.03866525841068451
5,0.04701024207417036
5,0.036131938268737215
5,0.03370680317224713
5,0.03888301896917879
5,0.03669347860103737
5,0.04857218512595959
5,0.0468274204476186
5,0.04423878250023612
5,0.04418855456682553
5,0.04246189053942317
5,0.04589056750904049
5,0.02221095070706375
5,0.04304586446026601
5,0.034139583994883496
5,0.03925130269094381
5,0.03149128503978082
5,0.02965682077115502
5,0.024164754279310967
5,0.04666644385547273
5,0.03772189570381655
5,0.046469620721184005
5,0.03593257708339192
5,0.011655072576693137
5,0.03019069383530759
5,0.03788852443848553
5,0.055348809821593806
5,0.043253375427665094
5,0.04585569417594363
5,0.014659077229169582
5,0.04656288242909935
5,0.04402830632751937
5,0.04692901089225936
5,0.033452620958983804
5,0.039550474590230374
5,0.03566611588541555
5,0.0484604226834627
5,0.03409555007700066
5,0.038100914237479466
5,0.02937144096630992
5,0.026273319108884453
5,0.029871407728660426
5,0.0408849654572573
5,0.03898902005551898
5,0.037004387672287496
5,0.0434344607337757
5,0.04478071128835332
5,0.03162739284486431
5,0.028545054358850908
5,0.03736750626190016
5,0.03179157737314912
5,0.029958549653588396
5,0.03951331534704257
5,0.034314747339700837
5,0.04299528547438895
5,0.050347086032894936
5,0.03090302250830081
5,0.04574234583345949
5,0.040958873576527124
5,0.0423805098204626
5,0.04297444105918134
5,0.033562459640406564
5,0.035842828084926164
5,0.047098996206619934
5,0.05056592977263039
5,0.041876429700632344
5,0.03949797425762549
5,0.04110250064463163
5,0.030182444065426493
5,0.02749420182102751
5,0.03424366338865937
5,0.04444753771619033
5,0.05703743718043066
5,0.04437708786384868
5,0.04236350347384029
5,0.04377326233148722
5,0.030471157182427665
5,0.03751682936612533
5,0.044482354768959544
5,0.057274404253113864
5,0.04450319952449554
5,0.03801071037073165
5,0.030458723844265945
5,0.048440037435150414
5,0.035002032742661136
5,0.040723208877657444
5,0.045980357678252676
5,0.03825108137122707
5,0.028878805723055477
5,0.04480572898286127
5,0.042881662924563704
5,0.037725427584105055
5,0.024600489050636797
5,0.05012595375108343
5,0.06285924136135287
5,0.02696669122044723
5,0.056819072700828824
5,0.04222171344631108
5,0.0369211982487442
5,0.04956839043055541
5,0.052405981509690315
5,0.02603225564563034
5,0.04326634437965782
5,0.03754380743167771
5,0.048789288919748555
5,0.02639240408324105
5,0.04499210020326516
5,0.04114739119224732
5,0.030928208105840183
5,0.02983017662557374
5,0.05124922407223883
5,0.029276033797271967
5,0.04218062268144098
5,0.03747950345864512
5,0.03736474672394915
5,0.03945384102779091
5,0.021896393992554115
5,0.028676377381274237
5,0.043952900980986635
5,0.03958176490219257
5,0.050801859153367136
5,0.03997201872966195
5,0.024701371218757175
5,0.019835419112921988
5,0.026508278733839614
5,0.04554803722121224
5,0.032431773886762646
5,0.029743468453229692
5,0.03714383688787502
5,0.0372334128138768
5,0.03031520755556073
5,0.020433120174721146
5,0.022784829594240153
5,0.04135796578440223
5,0.039581075855946196
5,0.043703192284491446
5,0.03941305147714934
5,0.04355844390549692
5,0.04198085262932094
5,0.03140486252635573
5,0.04585289642754345
5,0.04923432221760814
5,0.039580162077092425
5,0.0368715626222061
5,0.04702171192869441
5,0.041387621899502756
5,0.04141956733447345
5,0.03469378618624083
5,0.03276077205010129
5,0.040696803948816265
5,0.045675686369764615
5,0.03775134623153063
5,0.028616337044752516
5,0.03292721137333465
5,0.030467302087997854
5,0.03084731441749953
5,0.032819997776395146
5,0.03024265594724187
5,0.05245322958819432
5,0.03132700316693794
5,0.026831979059717282
5,0.023338247682421653
5,0.029901907195348625
5,0.04776917871830118
5,0.036509407096009285
5,0.0371593350031216
5,0.04000341310696048
5,0.039356536852777804
5,0.040048644484602575
5,0.023707968085408565
5,0.020787291519011743
5,0.04221248789452994
5,0.04071743452304172
5,0.03629378970853697
5,0.04775516949732262
5,0.03211713481589562
5,0.03363539924911434
5,0.02781571541813337
5,0.045002802484354384
5,0.03937452631967014
5,0.029091123430237276
5,0.049308876009554886
5,0.030485815067522994
5,0.04761163701990663
5,0.045833479489960305
5,0.01542873646417026
5,0.035922340834125856
5,0.03340555173665131
5,0.040200918508987236
5,0.02963153680818953
5,0.043440442666672394
5,0.05570592290928773
5,0.03688502195063602
5,0.04313042800182729
5,0.029576736393508447
5,0.04075366919593047
5,0.02887902616303385
5,0.033617273361457214
5,0.026597040985426063
5,0.03134428811410933
5,0.02615258969429496
5,0.03077286565586474
5,0.027365804906334473
5,0.04399255182626765
5,0.02235312687840519
5,0.039210864329471004
5,0.04238107917809314
5,0.030200151290184503
5,0.048958903637977724
5,0.03951083656041952
5,0.01868522995362502
5,0.04422801508844222
5,0.04779385318702045
5,0.041378460487356106
5,0.03676382178299137
5,0.061895222292948526
5,0.023798375032276674
5,0.041257818548436104
5,0.03855566972079698
5,0.0496526796265425
5,0.025071991525568986
5,0.01702148525022939
5,0.03275372989804983
5,0.036173335373968614
5,0.05607649906125878
5,0.018728650080790887
5,0.04136972735028763
5,0.04896605345612302
5,0.040303110938628164
5,0.049886854589608155
5,0.02543271060594976
5,0.04126020180572574
5,0.03873989821440392
5,0.04705414639395202
5,0.035864958669118964
5,0.03383041478693873
5,0.04220246846648175
5,0.05050680470088964
5,0.0365244542702621
5,0.03117784489380306
5,0.04674775810543849
5,0.03898116972247586
5,0.04169744130590593
5,0.03271430485777144
5,0.028261835771748844
5,0.055090526959437794
5,0.02950523148849543
5,0.04140777297340764
5,0.04504174523323933
5,0.023868799003680493
5,0.04906955904733577
5,0.03150991934684701
5,0.031190574304996173
5,0.02812724555005829
5,0.029055960103981437
5,0.037151484197117404
5,0.03586217290278743
5,0.03167413719457615
5,0.026530411799931597
5,0.04898188270326751
5,0.037092505173799535
5,0.025035894123334713
5,0.03737001481511344
5,0.05065883211286613
5,0.03784685766443822
5,0.041003569327708336
5,0.03903716001078254
5,0.037510213445708235
5,0.040086943898452035
5,0.04178676823554111
5,0.04425738202096491
5,0.040163435434117045
5,0.027959675559450538
5,0.03189812379880812
5,0.039386788451706164
5,0.042719834953663
5,0.041983242735251974
5,0.04511962308211212
5,0.0314035681144171
5,0.03975185164360481
5,0.02717416190463131
5,0.03314978480396456
5,0.03269886780634288
5,0.03885622236800201
5,0.052859645148042075
5,0.03405950064994732
5,0.03972502383794736
5,0.052731583731095155
5,0.02751536779015471
5,0.03788708209492414
5,0.028439037890612806
5,0.042491713678640096
5,0.03019234816532228
5,0.03378871871950132
5,0.04818781927186022
5,0.025643228637173665
5,0.026299547836879506
5,0.04797538853842066
5,0.03202488244299319
5,0.04156494551803279
5,0.03983782530947216
5,0.020299323266410686
5,0.03928672135781639
5,0.04385288125432629
5,0.022113613279132888
5,0.031116005435050074
5,0.03194193566598736
5,0.042599483162215616
5,0.04759099680320533
5,0.011686391130652073
5,0.04433221120347923
5,0.03321225128644515
5,0.043489760062153625
5,0.05029163074911232
5,0.033370561333489306
5,0.03760897576027552
5,0.04091465609756907
5,0.04995965042460991
5,0.029823646109764686
5,0.029588516319972502
5,0.04977448604510499
5,0.037063922592490486
5,0.03823804232184707
5,0.023505249286991884
5,0.030473051953683467
5,0.03929836921200859
5,0.025434097165303142
5,0.023676630650133097
5,0.04477747066455522
5,0.04562650859821837
5,0.03814470524332272
5,0.03575911329004433
5,0.04430377317105578
5,0.03502409387875778
5,0.03992739358048712
5,0.047254533254438305
5,0.032968935532920345
5,0.04739543695162483
5,0.0496940552229073
5,0.040096323924673265
5,0.03714216486952787
5,0.03889139853236515
5,0.032995971571717186
5,0.03188582589626367
5,0.04159826458157612
5,0.061210461377571135
5,0.040765297640983154
5,0.042338057603910725
5,0.045077992196256335
5,0.038102490103247566
5,0.060645382962266646
5,0.026637333846432958
5,0.04011151619832608
5,0.0395820413271367
5,0.024577740790443624
5,0.030008494570216177
5,0.04096575723173532
5,0.04002237714136529
5,0.04986182366865853
5,0.027603745975147614
5,0.04045028613596386
5,0.03477075475105187
5,0.04778081906927582
5,0.02535722927608918
5,0.04445647316518046
5,0.03957500085629901
5,0.022421199409539648
5,0.019628042572681983
5,0.04357040157808491
5,0.026428804797024762
5,0.021022390299542604
5,0.03911821507171205
5,0.03429361982856307
5,0.03818134296184607
5,0.030006526419063134
5,0.033473134980525135
5,0.025855306322235743
5,0.040475571747915565
5,0.043913369338513544
5,0.023661651436364593
5,0.045336172938142974
5,0.032076359606972096
5,0.0320500514584182
5,0.036265830432684706
5,0.039774609339257576
5,0.05654080149268461
5,0.03203353981518917
5,0.038086697109016035
5,0.046522626986353496
5,0.03821744997129976
5,0.04446782971874539
5,0.05138249320304553
5,0.02007440043414426
5,0.03326580990835585
5,0.016479157258915723
5,0.029355903619877555
5,0.03898413452485407
5,0.039074430817246215
5,0.04199973783818186
5,0.041136176653763006
5,0.04804793044931285
5,0.03627539685018316
5,0.035624556903860356
5,0.03506270575294474
5,0.043960996050100384
5,0.03589264723240215
5,0.04549165465485343
5,0.049862582537165634
5,0.04660792168859684
5,0.03520226549754342
5,0.03738317839474453
5,0.051554945310097175
5,0.03496490657082856
5,0.03483771664765123
5,0.032617240910027406
5,0.03624102127155643
5,0.03743304105774373
5,0.03652615131634602
5,0.03993677482973908
5,0.044312911021082514
5,0.030944773623776317
5,0.031628801617461524
5,0.039628800923493426
5,0.0232176284214905
5,0.03888109067136686
5,0.03394045222350551
5,0.026595911561240703
5,0.028869771926389738
5,0.0420549263576329
5,0.029633730754924637
5,0.03639400463806679
5,0.048282980607613275
5,0.03700563642143907
5,0.02883195621782002
5,0.011793119736698807
5,0.03526721438715961
5,0.03648998111698625
5,0.018449382784173806
5,0.05502225794253224
5,0.03439075417295175
5,0.043279603882829636
5,0.0404204244343014
5,0.031332696570194246
5,0.04892326692397477
5,0.04285290376920816
5,0.04107908782120155
5,0.02611807326809167
5,0.04130332076382016
5,0.04019074624168375
5,0.02892161938473367
5,0.04515894289792582
5,0.041980103641785255
5,0.04008823157000772
5,0.03996684451382762
5,0.043274850169878275
5,0.031026348828507955
5,0.024879976588529203
5,0.04473828258293956
5,0.030830154145464795
5,0.050952014052759245
5,0.03394411801857307
5,0.03978728806453966
5,0.02041733388730191
5,0.013351834475209207
5,0.032186176524003754
5,0.045909868375890325
5,0.018648423436871796
5,0.03194665242952562
5,0.04960555787733288
5,0.034999654427531765
5,0.03993700213311396
5,0.040484946291751985
5,0.04100294714931339
5,0.04325031454189542
5,0.041836243530158336
5,0.03546247923638028
5,0.04894571919349837
5,0.04081848961075611
5,0.04620192096696281
5,0.031181011565285736
5,0.04732532814207948
5,0.03440321262203487
5,0.031580636447724894
5,0.03350104342379871
5,0.025236557840654004
5,0.02114313301286806
5,0.04606745225654089
5,0.0509173781931858
5,0.04688210241563706
5,0.05300348999050053
5,0.04092979230177557
5,0.04048179435255514
5,0.04194783303796855
5,0.04860345681133511
5,0.03740313933745172
5,0.0417143301719499
5,0.02908180586632044
5,0.03995073704241009
5,0.03745949154374832
5,0.03054143710496094
5,0.048598499741769795
5,0.037802302090895405
5,0.034737788120117866
5,0.054134110524903
5,0.04103795173145384
5,0.022130846812918877
5,0.047416964309951556
5,0.034942793338680514
5,0.041793351632941934
5,0.033116824792508784
5,0.03765746595557084
5,0.029023361920048625
5,0.04176638537542428
5,0.03603905966498326
5,0.04225926527891839
5,0.046728913847532985
5,0.025973102990089213
5,0.04971708469244867
5,0.02989192464047217
5,0.03736705523174062
5,0.0499362612825506
5,0.05011274843157885
5,0.042798431976424536
5,0.04770762974771707
5,0.03003544373594778
5,0.046510014776497736
5,0.03827360056065484
5,0.035313629542388134
5,0.05160398471844322
5,0.03308293772041597
5,0.040429516968347866
5,0.034797004934462715
5,0.03505220020875365
5,0.033911122955009185
5,0.03519634234487379
5,0.026470410504491344
5,0.04818057764334496
5,0.05260771560222781
5,0.035550317661104655
5,0.028663319465947357
5,0.04438673912944295
5,0.049894334532907585
5,0.04296652201944855
5,0.040038335063891366
5,0.03716778214530335
5,0.038195424164772014
5,0.043765285291026454
5,0.049869430269777505
5,0.05382585080587342
5,0.029158721573139857
5,0.03359557868380958
5,0.04999673342158667
5,0.028468639621135706
5,0.03729801701947699
5,0.0253909719771359
5,0.03882227770036758
5,0.03245331821791853
5,0.04307156690839725
5,0.06056829437515675
5,0.0439007031878528
5,0.03970191655589616
5,0.047443094518333444
5,0.03575376236859461
5,0.027874001807949265
5,0.042558039385609835
5,0.03042669619564701
5,0.0453434666421152
5,0.03214544164923867
5,0.03790376240555425
5,0.04130681574197083
5,0.02754893119518382
5,0.021341928256112357
5,0.04614046958074932
5,0.03167281752775472
5,0.039423168501259105
5,0.05099869809755273
5,0.03736173356597115
5,0.03455264478705968
5,0.025001101775895197
5,0.04569773847638132
5,0.030325538848062616
5,0.04428269146866008
5,0.031067597449893302
5,0.03724360895263652
5,0.04735934082394842
5,0.036041073624535215
5,0.037387533402227564
5,0.030115777342694345
5,0.044541984080340304
5,0.03350235996622743
5,0.02863083400767432
5,0.03864784495891726
5,0.037919531886749444
5,0.023276106973245787
5,0.05388163107519782
5,0.032613266654728856
5,0.036322520995220556
5,0.04088210173689018
5,0.02154564180412563
5,0.04451013597673375
5,0.029652972478702834
5,0.028323977717528794
5,0.039482125603999454
5,0.05255216756960006
5,0.04304624772657975
5,0.02489540462894018
5,0.039676744925622155
5,0.04888314837513151
5,0.0261645507139354
5,0.04794801893001477
5,0.06280465857093381
5,0.02431424328486099
5,0.041905085166783596
5,0.03755917306570329
5,0.029146670021866335
5,0.021859957834281254
5,0.03078596590967427
5,0.039792306233525046
5,0.05555316850254392
5,0.04512823065607388
5,0.02466884778145022
5,0.04055196692212216
5,0.03481348222358771
5,0.04624623842177648
5,0.02097108330545099
5,0.04631736121783863
5,0.04596532576818257
5,0.027729047755906323
5,0.03689494309649766
5,0.027391634642858032
5,0.040508777334410224
5,0.025711364815233884
5,0.029240143612649993
5,0.0277123387381272
5,0.054311480218040095
5,0.027853543299219873
5,0.03566319515946006
5,0.033206640043037916
5,0.02594478929855547
5,0.03851166249530306
5,0.055656029549655296
5,0.023077446596164442
5,0.05655716135575288
5,0.034931509360510295
5,0.04571612914290826
5,0.048957885992917026
5,0.030992266541841847
5,0.03274095562243835
5,0.041767297456552874
5,0.03508663069745251
5,0.032433188150077646
5,0.05200334126602785
5,0.04610690327217909
5,0.045209071987380195
5,0.039363866473816476
5,0.026003663761616124
5,0.04892735494828884
5,0.0498721316618442
5,0.015232950809575787
5,0.030277649330132144
5,0.04088584370757502
5,0.050568884121702705
5,0.040563545078833765
5,0.03618842113868479
5,0.03634313486023993
5,0.028057492250158182
5,0.036064085924954165
5,0.033420438826310725
5,0.028296544247850323
5,0.03087249573271969
5,0.05356507775741237
5,0.0387237219013984
5,0.044532213281785374
5,0.03925316941121867
5,0.04444673744551754
5,0.0314201152114726
5,0.01793817816757276
5,0.040741613371312865
5,0.03916801998506849
5,0.06083647335416291
5,0.027005467813910576
5,0.029847811572051908
5,0.04253672592775851
5,0.043613769263487846
5,0.03434929226746967
5,0.046311637834230875
5,0.04281821134917709
5,0.022672828952065266
5,0.023030753981973393
5,0.05060131178834493
5,0.052036661979699014
5,0.050927095147942025
5,0.04293506600472673
5,0.04061803865849782
5,0.02235417134712565
5,0.04631839735034415
5,0.04150441099636341
5,0.04239955951165687
5,0.03519706622465176
5,0.04360197215929517
5,0.03571425480990718
5,0.03145684276027231
5,0.02439246600134648
5,0.025401243090630226
5,0.03014606717692404
5,0.03433342515441314
5,0.012913116452989393
5,0.03629114010053385
5,0.020487957860244828
5,0.048844771743978645
5,0.03785759432649262
5,0.04634177572638178
5,0.05001633729458137
5,0.03442212537590853
5,0.04559838558822703
5,0.03599719364581065
5,0.04925400551895805
5,0.03300080045849021
5,0.04430464295497567
5,0.040673330598411855
5,0.0252102545850847
5,0.029163757742760327
5,0.050974142221304045
5,0.06038038638695159
5,0.04470581807014227
5,0.02399755789944157
5,0.028769622097642722
5,0.035368064063117655
5,0.03860539708839297
5,0.03639223120092479
5,0.04530665818277849
5,0.0366096125912174
5,0.03761587360554894
5,0.0370647280430069
5,0.03867290889601258
5,0.03504264494832594
5,0.0438064335037968
5,0.05009618658129483
5,0.037979069602150424
5,0.03445782160442325
5,0.04679107205003058
5,0.029067236355855973
5,0.0358662361679218
5,0.017909073745476
5,0.03238186120340615
5,0.041088369120993076
5,0.03883991617715019
5,0.026055542619777328
5,0.03992228613992466
5,0.029583218921874377
5,0.0439792886710247
5,0.03061049332433169
5,0.03316915165787142
5,0.0382026070647941
5,0.04056311704579084
5,0.05252256095028914
5,0.03296685583009733
5,0.04042886516036552
5,0.0531795511515072
5,0.03838115269898633
5,0.04452519498905882
5,0.04475017137492842
5,0.04366067155147587
5,0.04972623347936539
5,0.0535198556518421
5,0.05118066283715289
5,0.03780300994447257
5,0.024900884015957137
5,0.0351988596748888
5,0.035120742076820824
5,0.03602468251471709
5,0.042874165353756925
5,0.03303832541401924
5,0.033608935587283215
5,0.039327199205237015
5,0.048330221281892856
5,0.03826307334569031
5,0.03385597752963939
5,0.0430105074098512
5,0.030957594610603788
5,0.03322160246924938
5,0.044701267657820454
5,0.03467090721217607
5,0.043379378994983356
5,0.04925605456959815
5,0.0444962972072955
5,0.0302889636519375
5,0.050095313545036935
5,0.050019885678887044
5,0.05296590974308246
5,0.041313457093377935
5,0.020723455510828152
5,0.04599055608748646
5,0.05001334158039485
5,0.03113548111826899
5,0.038871846218350346
5,0.04168957350194741
5,0.03709265875332906
5,0.020471405155809107
5,0.02712213249863632
5,0.0314800433255245
5,0.042163634709830464
5,0.046610208031129016
5,0.019514459946340774
5,0.028910667384866105
5,0.05126295241089881
5,0.02867980910530924
5,0.02475401977805376
5,0.03222495036551547
5,0.03535693015457749
5,0.04246680434627644
5,0.04381922461498149
5,0.043567827007725664
5,0.04565564562197523
5,0.03591214824635202
5,0.03991300838101412
5,0.05260765082150447
5,0.032043790101862556
5,0.032953166846365414
5,0.042070790869061
5,0.04506856841126992
5,0.03918790575720038
5,0.04058411684763026
5,0.025183100921968175
5,0.01395956356201795
5,0.03060729740334923
5,0.0505107368608785
5,0.03678805451922252
5,0.031930265543152744
5,0.03441384421309937
5,0.047821288333575754
5,0.03202880311777766
5,0.050983131311673535
5,0.051444533276524665
5,0.029925917188172595
5,0.05149466692442313
5,0.035877306856186876
5,0.05412379157194084
5,0.02150643061125007
5,0.03677846583912157
5,0.03912130383156716
5,0.03912265312706598
5,0.02177709929380638
5,0.02910754709222484
5,0.04653896847096277
5,0.035931390746788125
5,0.036047614158022045
5,0.03992383698408912
5,0.0360844924840986
5,0.04554275562947045
5,0.043413974272230337
5,0.026293864452765454
5,0.03320394160886519
5,0.03536908790857848
5,0.049455159406815954
5,0.029790445638187675
5,0.05001017272614581
5,0.03771461473080513
5,0.05218186928309272
5,0.03508088692175343
5,0.02802985147139505
5,0.05108845461323076
5,0.030949881132680285
5,0.03275256838366811
5,0.031137612029126804
5,0.023994208392770083
5,0.04436544090791618
5,0.04311195068609682
5,0.03537977558812754
5,0.032523603712320305
5,0.04798363171107488
5,0.03988099798378789
5,0.037447969566531264
5,0.03345849753965576
5,0.05007489217868495
5,0.02560830217212129
5,0.050182853182652296
5,0.04088863475159101
5,0.04528756014874637
5,0.03553893583971033
5,0.029793425825226195
5,0.02487056573082076
5,0.04162107120239827
5,0.034092050817017085
5,0.03383592978560518
5,0.0395558882207014
5,0.06233265303690003
5,0.04793995644119393
5,0.023403164447464507
5,0.03253348332147491
5,0.018205937007987703
5,0.04919208677396482
5,0.03115502174587379
5,0.054496674180494864
5,0.05144143824870371
5,0.03878693445974677
5,0.03683106489449297
5,0.027984831800934067
5,0.04471524308284762
5,0.04346802838200199
5,0.04109948298564689
5,0.047520759852954786
5,0.040961625242471884
5,0.034643712153216516
5,0.0621656619087315
5,0.06320289825388366
5,0.03946809565643616
5,0.03903982933203766
5,0.03959490465207905
5,0.04820798136521343
5,0.04342411786837928
5,0.028484098401595624
5,0.04317925854720256
5,0.041273510177912795
5,0.04284900043426851
5,0.0409631016612136
5,0.030142815825339075
5,0.03133528174389181
5,0.047617775002283425
5,0.033084090140078876
5,0.04844753900263461
5,0.04452986272883831
5,0.046272596074559635
5,0.03561873483149101
5,0.04794758378761409
5,0.04641623874560357
5,0.04010135021642765
5,0.02868511071702288
5,0.05122096215944429
5,0.040910381150528786
5,0.035718304358738365
5,0.037632383384548704
5,0.04818580442492987
5,0.031077548175943225
5,0.03830670981476915
5,0.03654416305475415
5,0.050448175814919095
5,0.037145612844573045
5,0.04143107198739519
5,0.04422893638629557
5,0.0436117134133175
5,0.02778798047094943
5,0.0320396599424259
5,0.051051760496658806
5,0.04600578348848676
5,0.04856057322036853
5,0.046836661951840566
5,0.034678282744739226
5,0.04182788959597045
5,0.036662456008751315
5,0.03435240954917682
5,0.05302069653641084
5,0.04058397460487963
5,0.04955025710066538
5,0.027421706167547417
5,0.026611353788970303
5,0.03021893614672198
5,0.03223068690355271
5,0.03317598204748928
5,0.04608163090720184
5,0.040343593574921656
5,0.04074554545327226
5,0.06489089341652729
5,0.01777010902853212
5,0.045850093545844475
5,0.03445655861582238
5,0.032047329311168556
5,0.04054250601651334
5,0.046498693880681896
5,0.04686623872002331
5,0.04016907098208046
5,0.03788714666318128
5,0.04009950516955652
5,0.03767620807605491
5,0.03115055236847512
5,0.04273852934659355
5,0.04408233031268921
5,0.05062970127285339
5,0.0351049287398987
5,0.03540804916594729
5,0.02673363697712831
5,0.03518998681528822
5,0.01680372890721407
5,0.036329018604235555
5,0.02704803620541312
5,0.035062589714550174
5,0.04762150801317093
5,0.045359248860708606
5,0.035828600519804917
5,0.030662091836888068
5,0.0385964448372321
5,0.03389327581588332
5,0.04212550618126156
5,0.03463290878650216
5,0.04672378070530657
5,0.052343788570791104
5,0.03068360699460066
5,0.035624175169697916
5,0.03732918268389289
5,0.04111194778189823
5,0.032349748038538496
5,0.05288805701564633
5,0.030325182111233084
5,0.04395296518724257
5,0.03363312775135585
5,0.031644388609715766
5,0.02272338098185076
5,0.02854416280867953
5,0.04719369878837858
5,0.014583719672991702
5,0.02771348925444292
5,0.04352201455942417
5,0.038948938738302186
5,0.04593334971627777
5,0.03773496871254652
5,0.04021050507932503
5,0.04699596639557653
5,0.0330882068011439
5,0.030984295848115094
5,0.04410114365131128
5,0.044499339832305806
5,0.054489647546773524
5,0.033332220199182964
5,0.03042737942264865
5,0.042404375129176185
5,0.05897954250441624
5,0.037308332676430786
5,0.029592070611860467
5,0.029713648611216958
5,0.03155177530968057
5,0.0335370333487328
5,0.03418589612242311
5,0.026122398177731303
5,0.02758671563025026
5,0.05220779231144228
5,0.05229495881805289
5,0.018015821682343613
5,0.03913782631466614
5,0.030689968369299415
5,0.0355795987031976
5,0.04383572036454936
5,0.04841216107824144
5,0.024538334447612088
5,0.03626890813730606
5,0.022224327532533665
5,0.036025763459583984
5,0.036927185792895265
5,0.04580189145525708
5,0.039355606962949645
5,0.0370165098115645
5,0.047782295361403174
5,0.04561725182302086
5,0.041772661428847044
5,0.030221652933423
5,0.04156488921257313
5,0.044540910710364354
5,0.05190547508991868
5,0.023378830580178544
5,0.01903484162528453
5,0.0256062518745029
5,0.041737221921374315
5,0.027146667742361817
5,0.03384544122668252
5,0.04591053245400659
5,0.03851569940774298
5,0.02795813723471265
5,0.04848190408393453
5,0.040598588711333206
5,0.04200564267451629
5,0.04388349939515324
5,0.04265394927472267
5,0.03907194369915126
5,0.04193588755051139
5,0.02499472391077401
5,0.032963717974150174
5,0.04200934566430642
5,0.026385227991270993
5,0.03805010077090546
5,0.03530436232942305
5,0.023918275378612287
5,0.031394971745185025
5,0.03642370235597853
5,0.0546356166698274
5,0.043729060121916685
5,0.03389096142526592
5,0.036323389924034305
5,0.04400938498674156
5,0.0396186612811312
5,0.04119172352623871
5,0.048318971698588065
5,0.03410688432977588
5,0.044505095075847954
5,0.04302885741726844
5,0.035086016221541234
5,0.037628223311161134
5,0.030879284010148843
5,0.0446428503639526
5,0.02991679928815375
5,0.06204196509882073
5,0.05317002691390934
5,0.044462651307625674
5,0.052397246268305345
5,0.058476497072712116
5,0.03973951956268579
5,0.03265589425890559
5,0.045545961128305154
5,0.06509573456838184
5,0.031919328259871003
5,0.04973038986740027
5,0.0331764832926379
5,0.027787618477737436
5,0.029551771021395824
5,0.02766184547418233
5,0.04235722909781675
5,0.028689228758153006
5,0.028077288008116964
5,0.03784613017554316
5,0.04577498119029846
5,0.034173218461734906
5,0.03932886169558882
5,0.04050852822343189
5,0.04419164802796808
5,0.04170873810659857
5,0.03421553241373325
5,0.042295891700485956
5,0.023550261638821124
5,0.046268566790943315
5,0.04954405674610266
5,0.04319563468057913
5,0.06210467969318145
5,0.03286540029332004
5,0.029169490737930494
5,0.030683973552918593
5,0.019654988955047376
5,0.03726361991002936
5,0.05283525612547228
5,0.03213118353420383
5,0.03756716390716985
5,0.03983316698513853
5,0.03657721562447599
5,0.03322283875180469
5,0.028453773582188556
5,0.037735993047301374
5,0.02942325548778677
5,0.018385541838547896
5,0.04163393517570332
5,0.04388882378250421
5,0.026205638994426416
5,0.046955441975916265
5,0.035162410777138095
5,0.037707771657586285
5,0.06400528572225114
5,0.032163137390437135
5,0.03788864867123999
5,0.03996022927771971
5,0.04173885366981953
5,0.03116923057818053
5,0.04885184817162368
5,0.03844219724365363
5,0.05428536014766648
5,0.03176516268491332
5,0.049850558359809186
5,0.052173453670648864
5,0.04309938437047729
5,0.04807260148921676
5,0.029994978438295898
5,0.04588008361917869
5,0.05103230628729301
5,0.05010892935535255
5,0.04535814830141892
5,0.049009656001646716
5,0.04652869667997842
5,0.03419822821487946
5,0.03926123614401057
5,0.034115784664565815
5,0.04474229903569813
5,0.04732799936430575
5,0.04396391581915245
5,0.037532038556907205
5,0.025297504224146748
5,0.04295424041131026
5,0.04729443179105032
5,0.047250776787341145
5,0.04665847570566597
5,0.032026995556834005
5,0.048394075158307966
5,0.04394478162559233
5,0.039792852754298225
5,0.030120311605772
5,0.022748692134725825
5,0.04174334446124154
5,0.04228884794988532
5,0.038146837138662
5,0.04919715571240979
5,0.053296322050943604
5,0.03912131945155124
5,0.047343471746980406
5,0.054293289392820375
5,0.035048053222443046
5,0.03226566013191542
5,0.03432234149053774
5,0.0366237319585574
5,0.05158057648844544
5,0.04362492162781033
5,0.0616974713264535
5,0.025011799982843474
5,0.03768328769369991
5,0.03909949554364634
5,0.030650609487415475
5,0.05160474784651542
5,0.05188207217973996
5,0.030556885680011747
5,0.04929633829847645
5,0.045003015529853384
5,0.02513062561574434
5,0.03889970565069923
5,0.0454201637116224
5,0.03627718856366581
5,0.04336236535148836
5,0.050346947119771814
5,0.04724257507059091
5,0.06208934777336491
5,0.03740489330622364
5,0.04742388600984017
5,0.033081896740742384
5,0.046969183039063486
5,0.032448839208263816
5,0.05700894334504505
5,0.04337288336972285
5,0.04064991762923376
5,0.027237276287712754
5,0.03780748844149602
5,0.04489495217943985
5,0.032996120189064525
5,0.052627069845957386
5,0.04790985216427315
5,0.044924651953291435
5,0.03618263919059675
5,0.046204135606332825
5,0.04856289301424879
5,0.03154265169899544
5,0.0355470103003089
5,0.041346471200840194
5,0.041132195941889695
5,0.03870598969628006
5,0.04449882736439092
5,0.05209700443760614
5,0.03734275285302612
5,0.041879650286957865
5,0.037445731522239685
5,0.025661557067340784
5,0.05274943478629004
5,0.04072453930642154
5,0.05399955884811902
5,0.03025887483758667
5,0.049581538059254124
5,0.036543256960660034
5,0.032173098447840096
5,0.033642724688897674
5,0.05094960280718552
5,0.041095720122999946
5,0.03886625892519997
5,0.03512253794290182
5,0.034190085613916246
5,0.05240500274638708
5,0.06224793160693189
5,0.043318531987528955
5,0.050469627304345045
5,0.03842754534514843
5,0.04186227850144517
5,0.03359682998110642
5,0.03417776981578228
5,0.03467547232866656
5,0.03594760744289962
5,0.05292332362453646
5,0.044942031861484454
5,0.0517922948756606
5,0.04409302575266501
5,0.04380134093859549
5,0.04083686522214797
5,0.040741014453953124
5,0.03392056832271835
5,0.043921204307995745
5,0.026238341540294596
5,0.042585639995981306
5,0.028994502951752286
5,0.03386402748774096
5,0.02566206625223691
5,0.02552104408305783
5,0.030166502421753484
5,0.031384240776782424
5,0.038754824929885814
5,0.052228539885117144
5,0.043427518047573374
5,0.03168493546079234
5,0.04002995837932182
5,0.04280302374781941
5,0.03838151323580669
5,0.038676310519106874
5,0.040354082784510706
5,0.038232212760427306
5,0.030562954208376632
5,0.03406151204117126
5,0.024097216926018895
5,0.039236005010478144
5,0.05005620151444138
5,0.0384632220110884
5,0.021561784272501366
5,0.04044509913651782
5,0.041725625906301744
5,0.043278861047803
5,0.028833750084139076
5,0.042219311563091846
5,0.0392776690060943
5,0.04544854110467981
5,0.05939289324739947
5,0.02853959225155936
5,0.03465237230899058
5,0.05766811745602359
5,0.03470270602166947
5,0.029564381242818145
5,0.04149304369576618
5,0.041197202177695784
5,0.035339341557660595
5,0.03521103991613151
5,0.030774755879365845
5,0.029553341361291584
5,0.02872109658065562
5,0.03682140815420396
5,0.042349289589143135
5,0.044633458471382725
5,0.029935553995552526
5,0.02692241056361778
5,0.0450834328200192
5,0.03987242060620141
5,0.04392091825742183
5,0.04311907975725417
5,0.04433602609244303
5,0.041499229825154305
5,0.03968536383443098
5,0.036406982138646224
5,0.027997714576229692
5,0.03220137653526431
5,0.02678312164496367
5,0.037108853030732816
5,0.04208345327014732
5,0.03723081430932013
5,0.026318125143307353
5,0.04719023442470314
5,0.03922505496725724
5,0.05684034268699595
5,0.020621878179003468
5,0.02099720822955776
5,0.024909246308618793
5,0.03264216825285109
5,0.039482600489254324
5,0.04210836728653113
5,0.03926668873910697
5,0.03465175735942244
5,0.05038904139287894
5,0.04407591140484347
5,0.01662846740004693
5,0.05637127526358641
5,0.053662926997780636
5,0.04674550208205609
5,0.033109781813737936
5,0.04009134677923941
5,0.0334011535644896
5,0.049798666457705164
5,0.03455604383703513
5,0.032970970702490054
5,0.0328687785361405
5,0.04703769672217102
5,0.04643409147048141
5,0.03786188621987958
5,0.03074350971057106
5,0.034423132272605725
5,0.0375280695753545
5,0.044088115119583784
5,0.042911913454449946
5,0.03343837621432049
5,0.03834176235479389
5,0.03968084118131869
5,0.03525393107654443
5,0.03183184669768049
5,0.056234678771268275
5,0.024934794733383236
5,0.04297520838990708
5,0.021200456032816166
5,0.04587037956354484
5,0.04162559093950048
5,0.05005427628592868
5,0.05111164189402956
5,0.04295211749763737
5,0.043045628195771554
5,0.03206587990386327
5,0.039859925981616605
5,0.027860300387779167
5,0.0394333860310991
5,0.052723465838753016
5,0.04074952129608498
5,0.04556405600537189
5,0.0346826648020795
5,0.0396527606471439
5,0.042437690276659015
5,0.04104540479407107
5,0.03172617011327992
5,0.02183333622562637
5,0.028346425929567053
5,0.0404771129804061
5,0.034631377059266145
5,0.034927789190882186
5,0.040093353350111494
5,0.051155406680453895
5,0.03038396838026125
5,0.0373139009174524
5,0.032127113907558444
5,0.01607307101097864
5,0.05411158664290468
5,0.01872555292250923
5,0.046970192837448785
5,0.04428166504494558
5,0.04780422514830065
5,0.0419918804203448
5,0.036365789457114585
5,0.030811405798571435
5,0.047388047007362905
5,0.042761951605106374
5,0.03779719825636859
5,0.04323254086747603
5,0.042031847050703904
5,0.05470441047851169
5,0.054184259198034566
5,0.0441170187358667
5,0.03425122819846258
5,0.027643402191304667
5,0.033988742525230285
5,0.047660325265638154
5,0.04471934966682736
5,0.039716968378892534
5,0.03329465242876026
5,0.02887452365884565
5,0.06271990138325384
5,0.023289894077366043
5,0.052961104267876834
5,0.03673410117505121
5,0.04332748031729879
5,0.04095416926184653
5,0.03471701986684932
5,0.0435708868505023
5,0.030059033060790268
5,0.03544278619025115
5,0.021766657451218245
5,0.044963209069728276
5,0.028886251508118365
5,0.040522754537910724
5,0.04363560996851916
5,0.04842129716179968
5,0.04564373246787149
5,0.03408427846494662
5,0.036369055867033276
5,0.04750029283273294
5,0.042308600962542096
5,0.03700808790439623
5,0.0402768858168852
5,0.045363662971899595
5,0.05529546557491997
5,0.03494252686688483
5,0.04873452968680479
5,0.04462170759998065
5,0.040528670226567025
5,0.02616533283781545
5,0.0267428666412921
5,0.04971197667693085
5,0.04561549898500297
5,0.04967012063016744
5,0.029915972178192213
5,0.0399738641782388
5,0.03572915286039106
5,0.030341401652894867
5,0.03641453939173066
5,0.02373425070185093
5,0.032946551796968
5,0.04011578475965359
5,0.0302224632034911
5,0.027651739523685576
5,0.04180316740170951
5,0.06703844438410023
5,0.039188180587790056
5,0.028605528410289998
5,0.028714384131412446
5,0.0460721462160931
5,0.043925839289171556
5,0.03189675704485941
5,0.045976878725052114
5,0.04773821638936958
5,0.037004164293381464
5,0.03388847943415731
5,0.04652851263614127
5,0.015500971757419879
5,0.053089968960469455
5,0.025933574444649214
5,0.04996477466884225
5,0.04316815795327822
5,0.03802746816126116
5,0.03987277159542203
5,0.033202714094425365
5,0.044420837296683335
5,0.041045433187003925
5,0.04233736301478198
5,0.04690871716074609
5,0.03944152022186239
5,0.031182665684248257
5,0.04909685972715598
5,0.030416201768519724
5,0.03636118179603727
5,0.043974728243523054
5,0.02614512079992426
5,0.058776739311336965
5,0.051789551651463525
5,0.042600219583607477
5,0.03359611297941204
5,0.05276658696036921
5,0.02820971043937266
5,0.06333557845920437
5,0.04278416726198482
5,0.044389112461708055
5,0.03135784676178732
5,0.03559665251192064
5,0.02117071829838942
5,0.032193949642284926
5,0.03691191593358742
5,0.04581441630087337
5,0.031727792016210433
5,0.0381174460509647
5,0.045027399172713076
5,0.027614476928237503
5,0.03779937293186594
5,0.03462335059786168
5,0.030367363994936024
5,0.057762511568777056
5,0.024873036786371087
5,0.04025666819253498
5,0.04379655427063904
5,0.03228343105935834
5,0.053257530161683234
5,0.03866213986375917
5,0.04394502077261249
5,0.03409940950142339
5,0.043119494737936206
5,0.038293887299905
5,0.03898523357261653
5,0.03766471894600705
5,0.044725218337140465
5,0.059878255590679344
5,0.04608591953522321
5,0.04262998853233453
5,0.049459377844585976
5,0.04173462120136456
5,0.04411000392265808
5,0.05016782437115909
5,0.04162004581385261
5,0.026279715973951113
5,0.049049598323083594
5,0.04792871338165271
5,0.03315942484149718
5,0.03298987410406295
5,0.03403419443527035
5,0.044520959759389925
5,0.040677284786205116
5,0.030900536896509512
5,0.02970672313517706
5,0.04899759976129746
5,0.03658271648930171
5,0.04062721378705768
5,0.0330194581809888
5,0.047881590103257744
5,0.027136848078806886
5,0.0278865363843272
5,0.028812644123416144
5,0.029696750137777173
5,0.04319995335010153
5,0.03520718574684318
5,0.0405803753980112
5,0.04595144823071423
5,0.03816673140758463
5,0.03083301497305071
5,0.035631895686917534
5,0.031530953240271546
5,0.02467311880722401
5,0.04910095217471251
5,0.03876642648844837
5,0.02227266718216391
5,0.041741743915795555
5,0.040948495808363954
5,0.04355935814037659
5,0.03983906701094683
5,0.03253139599636292
5,0.04647602321342553
5,0.048296171234082794
5,0.04329879032648905
5,0.04343542351710068
5,0.026665735043436372
5,0.02537715253281208
5,0.04510210287929497
5,0.05352428159218271
5,0.027323834011054354
5,0.03987840251380877
5,0.03103385629221463
5,0.04537243835861411
5,0.04762890548335351
5,0.031457864918059755
5,0.028204210462279576
5,0.0464618396739274
5,0.047149420474248284
5,0.04266892220247904
5,0.036821545049685246
5,0.027444225733525986
5,0.040941493560062034
5,0.044379556884753826
5,0.05286826588473896
5,0.038751684778792185
5,0.03433372315242686
5,0.02951383018443704
5,0.023799466585146055
5,0.049264801129339654
5,0.04477878302475519
5,0.05144835350456457
5,0.048540047343698274
5,0.04592292521277762
5,0.04654660012016506
5,0.0479401142184564
5,0.034541003167324044
5,0.041138230497227715
5,0.03127993612283184
5,0.02273728456302316
5,0.0428726608905977
5,0.033836648076315104
5,0.03373563714282929
5,0.041037925438396586
5,0.06723008150450988
5,0.04096951186845804
5,0.047607187382886926
5,0.04232087452422521
5,0.040680561632592926
5,0.04637163332256296
5,0.023692986179670278
5,0.04583036182058362
5,0.028652785138422787
5,0.030511322573398447
5,0.022914233234119334
5,0.024555190294787775
5,0.041432472454407336
5,0.0354332919256403
5,0.057823738592799566
5,0.04005045181995767
5,0.03257801529609999
5,0.03767811351064383
5,0.04034334189728962
5,0.054459015164520966
5,0.03503573808570782
5,0.04020604945501116
5,0.034366352631081835
5,0.042649348476204066
5,0.04270630612794464
5,0.04362614097725019
5,0.02881415517497212
5,0.048250423935652556
5,0.04034980142355084
5,0.02771785499776761
5,0.04802577258803416
5,0.04683650102180115
5,0.0538800985236628
5,0.029713747985608042
5,0.02610688544290024
5,0.028411769351744758
5,0.03855553038810813
5,0.045334806202252685
5,0.05233973919729433
5,0.04727534883826982
5,0.02892018720211522
5,0.03914653229754862
5,0.04835540060424473
5,0.04090794794545989
5,0.0271628929530738
5,0.04307182511415846
5,0.039998331924353495
5,0.0426759394145616
5,0.04066497464338595
5,0.0274696439847577
5,0.042827191998173725
5,0.034283680592794415
5,0.04716026239501771
5,0.037425216692685094
5,0.029398460951373977
5,0.05050765423686675
5,0.056956333967947546
5,0.01894522333922513
5,0.04422407310306454
5,0.04211713149685746
5,0.0217409449301093
5,0.03301244247107965
5,0.042413710783883424
5,0.01930485002263523
5,0.03746263106783067
5,0.03173998780697734
5,0.041261567066436654
5,0.049773335816688434
5,0.022363694715818488
5,0.05161041464026692
5,0.05091280396618484
5,0.04589406993993293
5,0.050857299061071407
5,0.040141654439353316
5,0.034340819616889895
5,0.03872919062298101
5,0.035196253095392184
5,0.03723644288244098
5,0.03462039121127094
5,0.04630959915325851
5,0.03034582448804287
5,0.04303453179758744
5,0.042983225007917014
5,0.04006632909992984
5,0.029601624815207672
5,0.0598058830752355
5,0.031670886708065504
5,0.031243083408070395
5,0.06628385689231522
5,0.0454852163972422
5,0.0503654351437232
5,0.0440517228550037
5,0.04485250473744004
5,0.041141700946853675
5,0.02692373870833805
5,0.04824143368080807
5,0.039966462864156914
5,0.05327120441596169
5,0.028014253989651357
5,0.030859243202519527
5,0.04729115928785539
5,0.038140338529836074
5,0.053549872970307534
5,0.04864993020208598
5,0.03326868188380174
5,0.04906158442397063
5,0.051848687880387954
5,0.04086476973323702
5,0.0435307818510375
5,0.04326503065413938
5,0.049697001569342314
5,0.047745708921487315
5,0.04374634212148548
5,0.049326021393153834
5,0.03023828072799619
5,0.033310429358678686
5,0.04286688113449093
5,0.038139112773001936
5,0.027515419544436797
5,0.04146977210047865
5,0.05105102420939582
5,0.03185782735453402
5,0.030260450431272866
5,0.04759329074095391
5,0.03934620202206794
5,0.029783554987857654
5,0.03138570137847931
5,0.02361974953995996
5,0.03804110161783754
5,0.041639654614080354
5,0.022024875164468428
5,0.04800545927993506
5,0.03531214691624824
5,0.053631268247266065
5,0.03924212440252858
5,0.031239057210658817
5,0.026041661427930914
5,0.03470718739973435
5,0.03947746517207743
5,0.04092358223189173
5,0.027315800680990997
5,0.0374877825777358
5,0.023298858721391563
5,0.03652881833972453
5,0.040490823694203364
5,0.04479429956126988
5,0.04848069051230627
5,0.04679329979997987
5,0.0550830702075379
5,0.06395633944623198
5,0.04134315974624237
5,0.039413499869284455
5,0.03973091616729189
5,0.04185863234574064
5,0.03265505990426633
5,0.05657006784706663
5,0.05191673738073125
5,0.03833761969051961
5,0.029361035635366194
5,0.04918300157806884
5,0.03801528267099378
5,0.05269038071882344
5,0.030803084316795633
5,0.045385969384935
5,0.04013309143112886
5,0.03524808904168995
5,0.022259338532014707
5,0.04646024984530184
5,0.05742131267339543
5,0.04422273051635736
5,0.03363679727928062
5,0.01647323299133867
5,0.027770167863370908
5,0.020659681888707156
5,0.04976911696950763
5,0.029799335056355635
5,0.029024341998083302
5,0.03262408946881825
5,0.040837368903898705
5,0.044907414594416585
5,0.03880859172963859
5,0.05104605195741356
5,0.019823765624990088
5,0.0499980640846639
5,0.04252092636140002
5,0.03343639950879064
5,0.04227555316662379
5,0.026598550952404664
5,0.055714126658668664
5,0.03777449188256512
5,0.018100701511397477
5,0.03619878926069976
5,0.04283845583987318
5,0.03822836022837347
5,0.039395840128544135
5,0.032459937952020734
5,0.03786740669134917
5,0.03200969238991154
5,0.03035969941937028
5,0.03361308463972686
5,0.04830481275243765
5,0.04383831469240519
5,0.03538439775479937
5,0.05418695351572843
5,0.05146619627168077
5,0.043093494167858695
5,0.033546889630892515
5,0.04033699683233176
5,0.04551598708229353
5,0.03926935768702856
5,0.026780643185980134
5,0.03715004859510238
5,0.04704293237933368
5,0.04293739274661894
5,0.03691321829287618
5,0.020616263769830206
5,0.053020404551199274
5,0.037804937724755724
5,0.03460259397402633
5,0.04349378722544128
5,0.050952778678593894
5,0.04791752195550679
5,0.027857633360976696
5,0.041589114644458074
5,0.0389886443323725
5,0.034355979488291485
5,0.026670386485286635
5,0.04676123220469365
5,0.04156685364170475
5,0.03507611379945145
5,0.019689953851825353
5,0.04528675993969898
5,0.05440955973460661
5,0.04388100723524546
5,0.03388373506200744
5,0.03884419825131582
5,0.023037187764472323
5,0.042871175174635776
5,0.047932372881850115
5,0.03506742156586073
5,0.03946721999512093
5,0.040619740096568685
5,0.04004649769917811
5,0.05786978038129844
5,0.027149780574897066
5,0.026966883108992656
5,0.03018941073013619
5,0.03543524020621886
5,0.04799854268064212
5,0.02595054785221153
5,0.0327468488365689
5,0.036488338728309144
5,0.04460811518482494
5,0.05262343484209738
5,0.024880130749721226
5,0.04531453783745123
5,0.05383589273668414
5,0.043151056853129865
5,0.016416297893036776
5,0.060019377372541496
5,0.032048502430846
5,0.03738480407317375
5,0.061111497879098066
5,0.03447808275105578
5,0.05579035720019056
5,0.04811387259084018
5,0.03903079725651279
5,0.05219770643187358
5,0.05955219350356775
5,0.0586787322743198
5,0.04324519552195676
5,0.03983396652683634
5,0.04010801846847331
5,0.03599467905989718
5,0.029200769719075724
5,0.05379160567636532
5,0.051033164580598776
5,0.017745349153618223
5,0.02913375158976897
5,0.049403199293476904
5,0.044264979763705456
5,0.02304869195984744
5,0.04723457744944705
5,0.05200893801486284
5,0.050034312040699455
5,0.03226506512325716
5,0.03542404556812527
5,0.051640090106437
5,0.032691159217620516
5,0.039468768279384885
5,0.02790483556582509
5,0.04966951130724135
5,0.03918436214997582
5,0.02720862202790597
5,0.03280524371218909
5,0.04445251443256435
5,0.038534173686358905
5,0.04658820116659941
5,0.04023349849886319
5,0.045615859530284
5,0.034111996022743354
5,0.04694556792539284
5,0.03990301013632937
5,0.03458835761666253
5,0.033155695176813674
5,0.04566428568711003
5,0.04135297107075327
5,0.037244472033390104
5,0.05164406611067568
5,0.021553121197694418
5,0.028774311821706432
5,0.03444213687494353
5,0.038013464709409944
5,0.04250462884041757
5,0.047136335024382046
5,0.05101904958988694
5,0.03430489368167659
5,0.04351994059915691
5,0.03816872506473175
5,0.04798244398290401
5,0.041160094204667076
5,0.029727873023635436
5,0.033331310350576425
5,0.032485171951044625
5,0.04334655605455069
5,0.04942724584195039
5,0.03424455845724193
5,0.033670565098246355
5,0.04247860222656672
5,0.041197169411855986
5,0.025101097295811427
5,0.04556486921415762
5,0.03991064059123668
5,0.050509265738749455
5,0.05103407885735729
5,0.04714333835490334
5,0.03860858198715792
5,0.03495378569267593
5,0.05754236871243651
5,0.03638321196973421
5,0.029906322270874475
5,0.037787422465002905
5,0.042207968214239215
5,0.029509990104875972
5,0.030878652457029608
5,0.046453350694464324
5,0.053817214617917705
5,0.04524197125176066
5,0.05755862807190122
5,0.04848981205990794
5,0.043107160174146376
5,0.040087099033861484
5,0.03851171008391101
5,0.03983347745410941
5,0.029051031190012795
5,0.05926359685572748
5,0.031171187755626682
5,0.0590999436464467
5,0.023850000993599792
5,0.04226070748977352
5,0.037843354920293684
5,0.05589279389809885
5,0.039323127277235345
5,0.039053759913883004
5,0.038368353978653874
5,0.03709564688146711
5,0.029279633835240848
5,0.0493181699861935
5,0.050727350385016266
5,0.02802907189031375
5,0.03891203107173773
5,0.03569193278446152
5,0.0376012340496281
5,0.055188629319546136
5,0.04361432551350465
5,0.03353769795588646
5,0.049494432045106895
5,0.05506043575432952
5,0.03267345986462283
5,0.03053201392779903
5,0.045986018123313425
5,0.049753208604797414
5,0.03318948951568147
5,0.03721116670951271
5,0.042526993446653345
5,0.04871294267424215
5,0.03330593598930535
5,0.032070339145589
5,0.0449931586817265
5,0.04183483723588522
5,0.052036380353857194
5,0.043964736835168945
5,0.039104098918621114
5,0.03863150617265638
5,0.03907634794383018
5,0.05673225516262802
5,0.036801387122553535
5,0.03272895403790051
5,0.03047340486610272
5,0.037665201954188654
5,0.03244963308283209
5,0.03312140527551921
5,0.015141392009639331
5,0.05242595623529102
5,0.05034670890561447
5,0.026401844082328464
5,0.04204472131512573
5,0.049987116553889606
5,0.02359905178615431
5,0.04338683331548273
5,0.031040489509867524
5,0.03648084164035095
5,0.01881651772614436
5,0.03724974880417412
5,0.05038196932195081
5,0.04547506220790244
5,0.03426253742060002
5,0.04505486603373434
5,0.03007561603033272
5,0.04020959758262863
5,0.033273735496747184
5,0.0461781691801781
5,0.04889793254909358
5,0.03493688411539745
5,0.047303817485383114
5,0.027008302045903522
5,0.04271430531159083
5,0.044472751292984336
5,0.04721333933859016
5,0.026093693836971403
5,0.028905724463596256
5,0.042252223206891884
5,0.05247650292750716
5,0.023828395022706412
5,0.04902646466787162
5,0.0352751979956378
5,0.04667908527241382
5,0.03825946058200814
5,0.038017865540541214
5,0.04214516098703538
5,0.03538410383005645
5,0.042227040113323774
5,0.04331665441881166
5,0.0525750287934586
5,0.027901634478424808
5,0.034691082741630276
5,0.040443000755536
5,0.03805526523902163
5,0.029120560508444915
5,0.03629117160910124
5,0.05235793781314959
5,0.028751053015182465
5,0.051182279383520726
5,0.03562426799569887
5,0.028995721699007593
5,0.03624277950147649
5,0.033173628861168106
5,0.044410004400965195
5,0.041395738326137396
5,0.040344574463444575
5,0.02801375662520584
5,0.042394314172989674
5,0.04187734430378741
5,0.04676004342264946
5,0.03838668620744961
5,0.055054114647718456
5,0.04541813175407013
5,0.04480063778143041
5,0.03164911713664483
5,0.051204023232607
5,0.04641802856507662
5,0.03994135900167773
5,0.033466937422597084
5,0.03609600296252173
5,0.03396501325667749
5,0.03092611384953372
5,0.04766367944937668
5,0.026732003272702014
5,0.026550092181967376
5,0.03683400070271263
5,0.04091470973448065
5,0.042521630129653244
5,0.059960150871372464
5,0.04309029049990633
5,0.03985916360774601
5,0.05011574938282994
5,0.05619890360453811
5,0.04687495204642229
5,0.052448319091323005
5,0.048103059607229874
5,0.03775444808399149
5,0.033145109206936196
5,0.03893530070894231
5,0.024597350362065656
5,0.038083706956771386
5,0.041577779140533865
5,0.030857777325126547
5,0.033748422189157086
5,0.04004046351167093
5,0.04342200620799529
5,0.03507190221579256
5,0.024512022419651648
5,0.025259703828708457
5,0.044221967847501355
5,0.04649180002562527
5,0.04079129832488755
5,0.04206877519193949
5,0.05322882494251256
5,0.028184091187211102
5,0.029931311962092293
5,0.02602372536909815
5,0.0385729318597949
5,0.029643365392166436
5,0.042714621666206355
5,0.041435862701833207
5,0.04075759844744566
5,0.043698836867720275
5,0.009198341519643494
5,0.038116960179401756
5,0.05495773432285909
5,0.028090475643139295
5,0.052141690765406645
5,0.03920265429339848
5,0.04688992549297114
5,0.029683886189709276
5,0.0477535550306222
5,0.04178902472501985
5,0.05535701375282918
5,0.02172700424783865
5,0.04158243428013199
5,0.04012379274491523
5,0.026445979274247522
5,0.010523384709386695
5,0.03669058069614536
5,0.048733576164211034
5,0.04437573611420047
5,0.04360910115094875
5,0.038406110046425454
5,0.042831717750936346
5,0.028864439291381792
5,0.027762009966576528
5,0.03800344618534911
5,0.038840280008736065
5,0.035976149190567845
5,0.038275514300466204
5,0.04144964844901454
5,0.041493494244727286
5,0.049121777708836356
5,0.03174492992022562
5,0.035326258333235716
5,0.048822679025908304
5,0.04089005135445622
5,0.04538393051253496
5,0.05744607877601966
5,0.03964197298130938
5,0.04214200473781642
5,0.030608070154398
5,0.056409515002942535
5,0.04603607976566583
5,0.04210533781331356
5,0.012939680085693836
5,0.05573116411713529
5,0.04377412841260324
5,0.037840480961748406
5,0.0342618156869188
5,0.05326588461550896
5,0.03841806038855624
5,0.06894390840194613
5,0.040768493304785935
5,0.0386297618722586
5,0.04694876287690046
5,0.04357118733792725
5,0.053995227204416504
5,0.04037435950604071
5,0.04221151148609946
5,0.02196194666215733
5,0.04081626644246473
5,0.045642854766249394
5,0.04210481500451867
5,0.04706290147003458
5,0.043241924503604035
5,0.055430521460670526
5,0.050418818957265986
5,0.030501301413335118
5,0.03465668570635687
5,0.03748602744537608
5,0.031188253522591202
5,0.03998025208434046
5,0.044651801828668736
5,0.05599446771374665
5,0.03150198596784852
5,0.03641225880943046
5,0.03824037539148845
5,0.04751016800829828
5,0.03735307845936168
5,0.037639655056412626
5,0.03904623162597671
5,0.04578315052993867
5,0.05088448660229224
5,0.04876468692697421
5,0.05601300463211084
5,0.04285537233184255
5,0.02993870404573786
5,0.0437056033656903
5,0.04632291189712122
5,0.05830915592883033
5,0.041357495703513256
5,0.04674441026434264
5,0.04338747687861368
5,0.05081418132298957
5,0.05038581090216061
5,0.03748452403596472
5,0.02565720951918956
5,0.040535333327621346
5,0.04971559773289046
5,0.02993226109846999
5,0.04366814607142091
5,0.025603526318407732
5,0.03848983159128013
5,0.04144583783782958
5,0.032685301234524775
5,0.043689614550776946
5,0.016539047444517497
5,0.04132713512241012
5,0.04353249646354708
5,0.05763313319688712
5,0.03767586759523869
5,0.05776435461287306
5,0.043784867049415234
5,0.04475589921415089
5,0.0443610903328309
5,0.04207240930128568
5,0.0379652325375577
5,0.043128044858723756
5,0.03872305029532911
5,0.062482781454923676
5,0.039524003468594825
5,0.052423608111876685
5,0.03767453723462281
5,0.03947682139052905
5,0.034355551541366484
5,0.036484840605570425
5,0.027816597162566008
5,0.042999462382403215
5,0.03474168484313818
5,0.04539113874330743
5,0.04232579541314382
5,0.04034616616503757
5,0.04347718423914011
5,0.040192810963772266
5,0.034957317122054764
5,0.06213821524316927
5,0.042834789232334206
5,0.04025948376743455
5,0.04462047097385663
5,0.035004611363233004
5,0.03042504050386901
5,0.05019865536646453
5,0.03995680437913256
5,0.027110108563854256
5,0.04284819681838057
5,0.043122316708181625
5,0.028509534319921072
5,0.03195667408495963
5,0.05322705335823676
5,0.03173205217455763
5,0.04676402643090817
5,0.051555277495908824
5,0.044353739654650684
5,0.047177675430490784
5,0.04830024460298107
5,0.018972620839414502
5,0.036140644676591796
5,0.0233676356448445
5,0.03256725802605579
5,0.026363414602201107
5,0.05166347888122058
5,0.04957209922839831
5,0.04491295758857199
5,0.020229311380888917
5,0.03564409793942046
5,0.03412793777520018
5,0.04378482593759951
5,0.04961834869115574
5,0.03268852683942898
5,0.03432459019030491
5,0.048246094402908044
5,0.02848967313921739
5,0.029922146586645614
5,0.044422582879334774
5,0.04579754813927542
5,0.030957281067091873
5,0.05607980837192704
5,0.05455753502755767
5,0.049680337415232825
5,0.04451429396255897
5,0.06251208965847008
5,0.02496065487733077
5,0.04673588555392354
5,0.03354981239507275
5,0.03841992456401103
5,0.04394430847989718
5,0.04417182264114108
5,0.03112915321014952
5,0.03734970307526008
5,0.027147084487154288
5,0.04983115533592718
5,0.036763037701606716
5,0.03780728218110668
5,0.03697259736574946
5,0.02600563659226931
5,0.03845122683819244
5,0.0445801017941198
5,0.042853566703342706
5,0.03213518144881507
5,0.025785240535618748
5,0.03430740763662517
5,0.05110126590229336
5,0.019056835838475603
5,0.0503098381415237
5,0.05343414760214414
5,0.03416906579320583
5,0.047174678531842755
5,0.04124516111859951
5,0.04980506043645048
5,0.04354853061428894
5,0.04402131222848219
5,0.048929392878472144
5,0.03261060543459997
5,0.034748575360764325
5,0.05637901171663764
5,0.03215259280880424
5,0.04615542956989273
5,0.04342953203724516
5,0.032285838441636516
5,0.04488408246632936
5,0.042463412117265335
5,0.03055892379674748
5,0.03138189536229226
5,0.043666233600973305
5,0.042011662635153435
5,0.049442666225608986
5,0.054518594802369355
5,0.04658109313767957
5,0.04517305282746538
5,0.04892486645950175
5,0.0396907554964815
5,0.03319559800588885
5,0.03234971128545976
5,0.021017631236520402
5,0.04110636753366422
5,0.03143015761138266
5,0.04927394831083655
5,0.0443562632523446
5,0.05227739636041175
5,0.03711798366181174
5,0.04032039977768104
5,0.03668947277020941
5,0.044288720215605024
5,0.03660820689127706
5,0.03163642202987657
5,0.04669923296592062
5,0.03645954458278407
5,0.03856823111509766
5,0.03426896531427967
5,0.04402638523410868
5,0.060179505248226774
5,0.04276210504857998
5,0.03254888888074027
5,0.04683940874777305
5,0.037223168545248604
5,0.05202233119402348
5,0.04059910506720761
5,0.03193987102781905
5,0.031860755325998434
5,0.035715746862440965
5,0.033894839249464556
5,0.0203134667284458
5,0.03935233887949372
5,0.036056246045510484
5,0.03839125012642684
5,0.028275985095944377
5,0.036142713096877645
5,0.03772676428946863
5,0.048980896242936035
5,0.02706006749438426
5,0.038460334936216256
5,0.05133324800339663
5,0.040818096813175685
5,0.04838940215148859
5,0.024933191525106597
5,0.028125365767527576
5,0.035806451624801415
5,0.05334113374436259
5,0.035868530766987296
5,0.03849201602228462
5,0.04623169607848572
5,0.03045307930075044
5,0.04804373176287582
5,0.05054890581939283
5,0.053226089017468545
5,0.03744556698794461
5,0.04783433144286109
5,0.04095135834161626
5,0.049261759558637784
5,0.04040465149648136
5,0.052333486448422416
5,0.046944190288025524
5,0.0530406521272229
5,0.020818873070119114
5,0.03484813192851217
5,0.038893909588424626
5,0.02720083560419958
5,0.05348924433583905
5,0.04819545415682282
5,0.024946723320601043
5,0.045704881349592205
5,0.03979560447469088
5,0.02542130631189089
5,0.05075285020393265
5,0.03759703243552577
5,0.0424802307729472
5,0.03720204442819203
5,0.04396651414961726
5,0.03541227748169504
5,0.057068275904909746
5,0.042769615355148394
5,0.054380580170524086
5,0.022258396121168245
5,0.02079647039604628
5,0.04690172806088197
5,0.03491605212758555
5,0.03405847616898394
5,0.028524877548879456
5,0.03325283987153645
5,0.03922590254684124
5,0.03859371510689345
5,0.0437069048937567
5,0.054993555588981835
5,0.04204460519997401
5,0.018903684222257085
5,0.055465873583135886
5,0.039971374046504075
5,0.038742776173743596
5,0.04935136165354833
5,0.04151854709761389
5,0.028419539273395487
5,0.0417815385476852
5,0.03416185947694169
5,0.0473157667215033
5,0.042040306205933374
5,0.05143633919827456
5,0.034230681905568536
5,0.042668261790786866
5,0.038378360188936145
5,0.04965296655042806
5,0.050876715290626096
5,0.025239567585710748
5,0.019639454509213745
5,0.04644779374327836
5,0.04748841665364021
5,0.05179909211302756
5,0.07144258610058214
5,0.03498105578827308
5,0.06722403023082202
5,0.030541186242433925
5,0.05763650012537569
5,0.05258344484267047
5,0.04713215676639136
5,0.03369186167334524
5,0.043612809758293514
5,0.04501143542319384
5,0.04898879444569131
5,0.03918242919495165
5,0.03132795876427929
5,0.03986867487787238
5,0.04137430194268969
5,0.032882389305745316
5,0.038928103929878916
5,0.04264213455037756
5,0.04952982832463493
5,0.031102085356410413
5,0.03375611228403063
5,0.02503328970386185
5,0.03984482810465419
5,0.05183855724404314
5,0.043234164122370536
5,0.0422982987347056
5,0.04604858794828527
5,0.028977117562811062
5,0.03905205180961034
5,0.04715046905881341
5,0.04666714340282937
5,0.04195380011771918
5,0.04489961790070656
5,0.05192396707266585
5,0.03946354733762959
5,0.033634768506103155
5,0.05050094150801282
5,0.043448892260813665
5,0.034975289542412066
5,0.03700560682094178
5,0.04039886264357175
5,0.050875866871480255
5,0.03714386467634749
5,0.035337759222827295
5,0.040644935836712436
5,0.047166508899443446
5,0.023006066533445304
5,0.03836865612380446
5,0.04992156950357303
5,0.01974396525642058
5,0.020466819375435725
5,0.02671028076588574
5,0.03558888863492248
5,0.043882205347107954
5,0.03801958249643063
5,0.03256298404923932
5,0.05253136032844643
5,0.03709913646031292
5,0.04922143929034765
5,0.03716325442733604
5,0.03233939751150132
5,0.03909856414325597
5,0.03601206294709782
5,0.03968833951733571
5,0.039462744927121554
5,0.02960687493799507
5,0.03335357452016988
5,0.03066330528005861
5,0.0507617822178809
5,0.05545009504214556
5,0.05742784720766647
5,0.043260977384955455
5,0.02237847240882248
5,0.04048142906101297
5,0.03987581717650661
5,0.04073561847646763
5,0.05469381647973785
5,0.04857963344574827
5,0.04513096121709145
5,0.03663154115582133
5,0.0511270352245209
5,0.04835550424636006
5,0.03758590889845374
5,0.03578805228332081
5,0.035247843586954
5,0.029779727889560088
5,0.04814712861842546
5,0.03841898534952628
5,0.04183779091624065
5,0.04233392710794159
5,0.043956536355929436
5,0.04182979236496985
5,0.04276216703696217
5,0.040890066540637114
5,0.049503462395561866
5,0.03424709769091334
5,0.037458762359513814
5,0.053945452388804084
5,0.03719071561924077
5,0.03171161040952361
5,0.037360068115904185
5,0.03538216967045784
5,0.04183926511896692
5,0.05298773444200865
5,0.015292640390999063
5,0.039898969385908964
5,0.046531897867030034
5,0.04548495858624983
5,0.03676785470533935
5,0.033345689053241076
5,0.045795276157757546
5,0.04743004136348899
5,0.05342111671339135
5,0.039561492002276114
5,0.04895149815784666
5,0.0246973705668836
5,0.05103776034394662
5,0.03973159678393703
5,0.03554570663777977
5,0.04735889137815162
5,0.04826327605366522
5,0.04969593892106746
5,0.04863844069833907
5,0.04565002066488216
5,0.052956902715255175
5,0.04415868637274993
5,0.040726868769701795
5,0.02082906224678443
5,0.049934250978013385
5,0.033187280854720884
5,0.043374942590259924
5,0.041297365198277626
5,0.03298590488437171
5,0.03999891912829408
5,0.030960040954833935
5,0.05372415983546126
5,0.04891119838532952
5,0.02942061171901449
5,0.04541466031540341
5,0.04921630460232364
5,0.051179147576782644
5,0.04225976220043266
5,0.029162389501498055
5,0.043779094653358
5,0.04081346908557641
5,0.05130461748890688
5,0.0482830017665989
5,0.05402764770215947
5,0.03768890180014771
5,0.08431528575795973
5,0.03584189012402033
5,0.049454632269732436
5,0.044098989143801094
5,0.040358825807880416
5,0.04241247902700213
5,0.04576372721546151
5,0.033935409716788226
5,0.05006227631457705
5,0.04272404909760143
5,0.05012368320826545
5,0.024963501611819372
5,0.03903876345425348
5,0.030798983657703023
5,0.040639710231956866
5,0.024821426926042937
5,0.037065805319348936
5,0.0280911653990285
5,0.0337715996430788
5,0.034939196390672625
5,0.05729494764516595
5,0.04113810955691162
5,0.03520704513448913
5,0.033240815371636256
5,0.03068683199946872
5,0.04218631010920873
5,0.04345267417874252
5,0.041543326929060556
5,0.04000319868255259
5,0.042688251225217154
5,0.048115599582049355
5,0.026986655231837253
5,0.03776441176348771
5,0.03361465463211931
5,0.04269251165368378
5,0.042055516575491864
5,0.05082866283414422
5,0.042091518272678055
5,0.056831751450957216
5,0.042758881890655645
5,0.02773849195886987
5,0.05760001237789334
5,0.04035675073565802
5,0.03993252956459289
5,0.04027721561615477
5,0.048723443031489
5,0.02941389972629093
5,0.03303275766739167
5,0.04510996312889777
5,0.02863529884526403
5,0.015656292293067975
5,0.04834859082044514
5,0.025181149886027532
5,0.04883149049844452
5,0.045675649778118374
5,0.042899055461903576
5,0.034341172315070265
5,0.026246915300125052
5,0.051884156627556244
5,0.03737529985535498
5,0.040500766482750014
5,0.03475912910443123
5,0.0551461593036592
5,0.06304647282078937
5,0.023570884158885787
5,0.030493216191023027
5,0.04006632434040673
5,0.04111421206700423
5,0.03861307510416414
5,0.041678999765387005
5,0.039599153678201694
5,0.038094055608491495
5,0.03135986697465848
5,0.04806656312910571
5,0.03870247927438118
5,0.02590932772375857
5,0.047453503872177484
5,0.033462182932208435
5,0.04261147317750808
5,0.05084189007974421
5,0.05333770811013845
5,0.05281723107347156
5,0.04282640334539321
5,0.05239467487285558
5,0.04171176127998475
5,0.028030026458619673
5,0.045080180300182016
5,0.0461666157645914
5,0.04264664007635288
5,0.07554593074425722
5,0.047532233407640234
5,0.05866993325307919
5,0.052415815162679166
5,0.021567214721090015
5,0.03588891670380672
5,0.03822264075474312
5,0.023614198350154846
5,0.0641139531337254
5,0.03823284754927647
5,0.050869251261499916
5,0.03136110156454075
5,0.028684354946636327
5,0.060083758683119125
5,0.02852106171242022
5,0.04449917815102493
5,0.05320984481393317
5,0.02667068134750804
5,0.03508838225324072
5,0.02519082710567975
5,0.05513499704761735
5,0.0371567115463145
5,0.033041006424727695
5,0.04720340842131392
5,0.044836349658813716
5,0.03773244196464588
5,0.04315381366676513
5,0.03482916770258048
5,0.05612396092030001
5,0.040195384325701036
5,0.05202179310811692
5,0.03635541888522826
5,0.04698200964032815
5,0.041201276470445795
5,0.011677891248893868
5,0.04207793178696208
5,0.02915301235992404
5,0.052553097695180705
5,0.05148452257977835
5,0.057222840296862955
5,0.03177761517178092
5,0.028142792554882622
5,0.035291594059658905
5,0.060528556393097066
5,0.033438161472409564
5,0.03595401128041259
5,0.04390934960231516
5,0.017017281819741596
5,0.03438325226950649
5,0.04298877352517222
5,0.046348283775994474
5,0.03923957317197629
5,0.027620176301443578
5,0.03792863721584013
5,0.05376455922746877
5,0.03817191424114425
5,0.0212256846228814
5,0.05103421235417349
5,0.046780950918474985
5,0.04364438066919667
5,0.026572252452030883
5,0.049146904241739106
5,0.047555833911713294
5,0.03693481047790232
5,0.03047105213413141
5,0.034910388792536204
5,0.04988689717032779
5,0.045627901228059
5,0.043027448317854426
5,0.0450066304189309
5,0.039031611703046316
5,0.021199770593534516
5,0.050954494966937616
5,0.04408739946582213
5,0.05046768606258446
5,0.039321053342128834
5,0.034904946358256174
5,0.03518036534196858
5,0.04284006716958823
5,0.059222527541727146
5,0.06420271944931892
5,0.04546529638316153
5,0.027813187594875038
5,0.03204353730705565
5,0.042278442349623815
5,0.03442037893084707
5,0.03779978013639752
5,0.05222821570069014
5,0.035289582563934774
5,0.040905831692601036
5,0.03815234928788737
5,0.02159511569405404
5,0.05047755061378566
5,0.04736298421140759
5,0.04816208495096713
5,0.03984356629427723
5,0.04574689082114155
5,0.04526595464578277
5,0.05432212652842783
5,0.04966331844861712
5,0.03858351901257863
5,0.04402996040627506
5,0.03282789023516112
5,0.049118014712068746
5,0.03805053785916716
5,0.03907866961501192
5,0.06080308986845904
5,0.031428688233184364
5,0.04545980738978298
5,0.03912248400354177
5,0.045069360725173514
5,0.041228733477987264
5,0.03877640829228462
5,0.03879748237256928
5,0.038556570347586486
5,0.025489326669927183
5,0.05464818082306233
5,0.06800149480613477
5,0.036221244464807144
5,0.0564424338011477
5,0.04999684146164698
5,0.03026466551197699
5,0.057206550451070204
5,0.03178459367637697
5,0.03616090838455027
5,0.03922747582748608
5,0.037698094965518056
5,0.05387981130786766
5,0.04349517098701786
5,0.02270195144171407
5,0.042652531569254186
5,0.03990528135087297
5,0.020090305270142172
5,0.04076659387404034
5,0.013457111896994691
5,0.024889406093117055
5,0.05381004040056743
5,0.03280058815367197
5,0.027499119305387437
5,0.04025857629234793
5,0.044607217693344005
5,0.04140978205117773
5,0.05336912406118345
5,0.03391180295870841
5,0.04823010457317413
5,0.029499515978327406
5,0.03730350715459925
5,0.047487207563390546
5,0.039440144741564334
5,0.04271577174120224
5,0.03783854542622498
5,0.044078433137212304
5,0.03231729864015469
5,0.04438878615143661
5,0.04779434400310145
5,0.050698055537609796
5,0.02544708849829967
5,0.041820757671228566
5,0.037869567947726265
5,0.04272902978187537
5,0.05178902952582799
5,0.023862262127363226
5,0.04893797891908651
5,0.02324214707422859
5,0.06168599960049435
5,0.026510473630805154
5,0.03498115808382811
5,0.043561494313147306
5,0.043010913906526685
5,0.0486110908563888
5,0.03901801945090948
5,0.04868710293556899
5,0.0447468400722655
5,0.04828257043810329
5,0.04785519598364287
5,0.03756776466711268
5,0.026959172593394254
5,0.05026311612602219
5,0.038845694976926894
5,0.037803939631743506
5,0.05815828428498906
5,0.036805658990426995
5,0.04323542120432232
5,0.05739818472507986
5,0.05264068772077009
5,0.04932644394775528
5,0.04611049729842588
5,0.040855201446707304
5,0.03169090385954128
5,0.05414465605789631
5,0.03994060894389734
5,0.04589836821733284
5,0.04332357508239957
5,0.044327485443065265
5,0.049369396702441656
5,0.03563224255995519
5,0.03602385319599529
5,0.04598294503246403
5,0.053731725033075786
5,0.04896917832714719
5,0.04001153265870148
5,0.04096319037490706
5,0.038912329475413635
5,0.037381745758215394
5,0.04523371489033801
5,0.04310738301067406
5,0.04651163263496187
5,0.035274389521682166
5,0.04029202504167347
5,0.050552789661406715
5,0.05252391764422938
5,0.04973712411261817
5,0.04236671811353324
5,0.04277535276623969
5,0.04352330310120802
5,0.038222956588546714
5,0.046693564314957636
5,0.03318058850785003
5,0.06105453146286792
5,0.033165453506808815
5,0.06879386147136828
5,0.05534186996615413
5,0.040458768012798844
5,0.050242889653513464
5,0.04887980123126046
5,0.05047511452999356
5,0.04854620305230196
5,0.041191152407682424
5,0.027798630403958892
5,0.055103621268392945
5,0.03992000154467871
5,0.030431390615135372
5,0.03241444129255598
5,0.04359488249444195
5,0.058197470053214614
5,0.05594419897135905
5,0.06173180712816928
5,0.05231524158661961
5,0.03378737535415542
5,0.03944300756773532
5,0.06296256274628734
5,0.04132663368593525
5,0.03234894260389215
5,0.04984059002702458
5,0.04808349994778853
5,0.041710074679421685
5,0.04265954106119291
5,0.025964002838676625
5,0.049842293289887735
5,0.03613806517170216
5,0.043070173235368825
5,0.06341632432247364
5,0.04509667578354742
5,0.04491342010696679
5,0.051503607103321525
5,0.04785802492275204
5,0.03196413859190582
5,0.05039402605954875
5,0.03857351410957634
5,0.050919340077005416
5,0.06014912881532262
5,0.049239957246495505
5,0.03220814843886744
5,0.053228641273513566
5,0.02763500948985344
5,0.05735332857756016
5,0.0576800897031053
5,0.02733052650756933
5,0.043784002316791235
5,0.03918709094304269
5,0.04739311978917477
5,0.051558049032501795
5,0.052119885660498945
5,0.047576894573682985
5,0.041631648187612565
5,0.03890030179278608
5,0.018973732843248083
5,0.036869202800128405
5,0.04873166230040894
5,0.045868677189552856
5,0.0419625974141634
5,0.048481575708589436
5,0.0392067545725282
5,0.03619906238515286
5,0.03850065891735517
5,0.0466381366247511
5,0.039543687367804684
5,0.03942778875836696
5,0.03639066592264684
5,0.03483344949304891
5,0.03932057929628774
5,0.0490903694791182
5,0.0347284021978289
5,0.04682782481267421
5,0.057526035719353885
5,0.029293324966352265
5,0.05314671353251167
5,0.03569339592233738
5,0.06971224151237967
5,0.02883894204012254
5,0.048080871746629526
5,0.0368895509413005
5,0.03503303436213514
5,0.04110929356498004
5,0.04737942258407444
5,0.04747439190175208
5,0.03470631952268978
5,0.03222307773462859
5,0.05657918795561613
5,0.04200405767468881
5,0.02920674799556764
5,0.023661774102511957
5,0.05067656894488269
5,0.04996571933440273
5,0.044294269456233805
5,0.05145387735377617
5,0.036842637570240346
5,0.03942778844167543
5,0.04165136908202919
5,0.04600165280961903
5,0.056043544178154756
5,0.0477381775636156
5,0.03569892302821883
5,0.051759831776883855
5,0.036898035052923585
5,0.03074316665964556
5,0.03146545421735153
5,0.03984726377744495
5,0.022873387425270404
5,0.022018911427233244
5,0.035885367071023785
5,0.044550976101331116
5,0.040297426029349645
5,0.030507747241154765
5,0.04619635495194485
5,0.041197559334596845
5,0.030917770554799707
5,0.0490204965440014
5,0.048417843566928805
5,0.04051760267413056
5,0.047740324653246916
5,0.044733992991002045
5,0.03629575170569031
5,0.039865946139906835
5,0.03382218636622694
5,0.03937958312179513
5,0.05125503809879974
5,0.03743396963515257
5,0.03218030339012309
5,0.04721205100097148
5,0.046436067351373844
5,0.031059457484069807
5,0.045228357761596005
5,0.04736868966714636
5,0.04968128375303671
5,0.039962930650568926
5,0.04358879301455924
5,0.0553198256030165
5,0.02692528655227145
5,0.038851538958942874
5,0.042322874483153826
5,0.04535135316658935
5,0.03891349337080274
5,0.0362256555840292
5,0.03928966890740136
5,0.04053368863775621
5,0.0662421396149111
5,0.045734894295000605
5,0.04174588723082577
5,0.04464898981542478
5,0.05044422877032556
5,0.08579330178797626
5,0.0229864816599307
5,0.047216479118710096
5,0.036983867783595456
5,0.03434386742430253
5,0.05357599251125198
5,0.03817388238729971
5,0.03961313885975515
5,0.04841276883879041
5,0.03346887373107103
5,0.0346456858078101
5,0.030512822193643874
5,0.03999712371488862
5,0.052716700432215415
5,0.047661886345213934
5,0.03507143679358332
5,0.0316063473512204
5,0.03507797245324869
5,0.02750662769435998
5,0.042415024242192165
5,0.041367974877327865
5,0.05838561476817694
5,0.052958706627385686
5,0.048962037129785405
5,0.03297815625072632
5,0.03339897718498945
5,0.034450808777948795
5,0.05179151187710053
5,0.034292852249058994
5,0.0503637991935734
5,0.037391000471549495
5,0.04582680590923598
5,0.027385364168216998
5,0.03605083124142221
5,0.030428563389448587
5,0.035832427329001694
5,0.043332344107840794
5,0.048889083358474486
5,0.023499564462345045
5,0.046604494153450825
5,0.040687381465026116
5,0.058200274195972845
5,0.04553829600264518
5,0.049259112989680255
5,0.0388638033031017
5,0.047565178527818754
5,0.03947477985559499
5,0.03510835875227043
5,0.044341254806972305
5,0.04454534977587332
5,0.04757343826049768
5,0.04259693639478658
5,0.0336648900285761
5,0.039654026465004766
5,0.041968940555006676
5,0.03389834903867495
5,0.02171281596210337
5,0.05622470907959084
5,0.0419905643506122
5,0.039843283926150073
5,0.03462517700662267
5,0.05494282680584968
5,0.049303711970512726
5,0.024180800994182745
5,0.04636939624464677
5,0.050218984578869266
5,0.039345223775274815
5,0.03451674351872592
5,0.03689657139184364
5,0.03951741078129422
5,0.034510322516037285
5,0.03488355834437274
5,0.04285331978653452
5,0.03931687970738318
5,0.04203532729508985
5,0.03942640468543922
5,0.04399617555313695
5,0.03994734349525042
5,0.050733794786874696
5,0.0520303097760893
5,0.04171217517596236
5,0.03316301166470258
5,0.04193230896646707
5,0.02624636920231695
5,0.037139742102005116
5,0.03719238182117651
5,0.0417762030464638
5,0.060944332583591665
5,0.03534291148420179
5,0.031228105385140176
5,0.03323811935643967
5,0.049074154103358046
5,0.055304725090231856
5,0.03769015749816833
5,0.05272070284080795
5,0.0486447412061587
5,0.03900680076936409
5,0.040222757119095745
5,0.042338415532888606
5,0.046169848326703976
5,0.027037344305704564
5,0.051205272031368154
5,0.04659796886739305
5,0.04807785353431306
5,0.03258946347651173
5,0.052537828660108435
5,0.022211248009840246
5,0.059501190723557154
5,0.043392811132913545
5,0.051350536626436516
5,0.022955719875413234
5,0.04286061569813558
5,0.040816181950290485
5,0.058935966796450426
5,0.04133823945588575
5,0.038066989414157405
5,0.04092076556873791
5,0.038816774313923844
5,0.036604988891803976
5,0.05267359739815762
5,0.04206312572653688
5,0.04870994695513388
5,0.024867254033576223
5,0.05401587551038249
5,0.04124483278181855
5,0.03923966708027797
5,0.04212363140818315
5,0.03524706636540338
5,0.039171435453690354
5,0.0550905448730488
5,0.04036474176713697
5,0.04332258429371326
5,0.03851576879555602
5,0.047182243489924135
5,0.03485725718001612
5,0.03089157920856602
5,0.024910130764605076
5,0.03882862305912946
5,0.03817873639836271
5,0.04329698706938849
5,0.057144461063507034
5,0.02420548632096393
5,0.04243014983278035
5,0.060061133393100985
5,0.02102645641248685
5,0.0356205990681233
5,0.04707959189195175
5,0.05104609100943357
5,0.049447248088084296
5,0.04742456354007311
5,0.05256448381991603
5,0.032003827800967846
5,0.04179198991897094
5,0.05036831572514764
5,0.04417851488946118
5,0.04640125763845634
5,0.03545274158028557
5,0.03876921391940351
5,0.047750307355349776
5,0.03379349818035045
5,0.06337108526686233
5,0.039551784024151354
5,0.04311539043448922
5,0.04662653673775622
5,0.050394797018034544
5,0.027983262047099677
5,0.02713239805606743
5,0.035581860184552075
5,0.02753663647968363
5,0.041111116567754465
5,0.043546173828569006
5,0.02921016562823276
5,0.048912143841201114
5,0.04695827678702789
5,0.036222109008095325
5,0.04297007767111673
5,0.04715123879568421
5,0.04705900100289912
5,0.039772861396071335
5,0.04083235634427243
5,0.030466343325266505
5,0.05568091721204227
5,0.04854967310245393
5,0.05458934196498703
5,0.044404541459041186
5,0.04866797052852669
5,0.03863344685378305
5,0.03961864380365733
5,0.04460107989006108
5,0.03909910111533081
5,0.03990795973677817
5,0.07031089714715219
5,0.0394512999930562
5,0.04323899293453275
5,0.05244647742665265
5,0.030028084390556542
5,0.03632025233865145
5,0.04739170755596808
5,0.05384179148093911
5,0.06053275683869317
5,0.04348101189293048
5,0.024938557239856808
5,0.024223033538359674
5,0.03756669604672771
5,0.04553443592259895
5,0.03756544121646255
5,0.037094741962923394
5,0.03195497387104933
5,0.04755076156667688
5,0.0487188246343915
5,0.027831070253210577
5,0.05127878957860784
5,0.0374178525241018
5,0.039734555132959044
5,0.041379457767717134
5,0.05028936181383772
5,0.05400137122916739
5,0.04411603177823854
5,0.03055119856018749
5,0.03150979806412896
5,0.03470561751997618
5,0.02956411790501882
5,0.04982923428308109
5,0.046789690486721644
5,0.045109209879106923
5,0.04609469776144551
5,0.041198726260146465
5,0.05055879363857176
5,0.03242275632867789
5,0.04032341910775168
5,0.036045955896941165
5,0.04670202970600388
5,0.049700094309799235
5,0.04296269291141937
5,0.049271106359930275
5,0.038424912411052524
5,0.035450187573093594
5,0.054768798729617915
5,0.037556716972675964
5,0.03906758324930538
5,0.03266445614484244
5,0.03595768204214595
5,0.040824080938183946
5,0.05053732942392357
5,0.05201592338046503
5,0.03009847871582514
5,0.045603857503928556
5,0.04861013108844596
5,0.05032723491966198
5,0.03627380897618696
5,0.04559973963066374
5,0.05122051104194982
5,0.038027695613576315
5,0.05612545858277066
5,0.044922496136398746
5,0.046418614018590196
5,0.05343659092086619
5,0.030538235073480004
5,0.028564440732962444
5,0.035613340321593925
5,0.03892674118658416
5,0.05076539281295578
5,0.048551536276936716
5,0.042208213773342884
5,0.026842077267578413
5,0.05035003457204834
5,0.0349501784076214
5,0.034584025519766706
5,0.0237674781606236
5,0.04357270277248551
5,0.04472766287976358
5,0.036036251065365545
5,0.053565121685028805
5,0.01335177137870087
5,0.0460204040009711
5,0.06655296835397215
5,0.054086971874630685
5,0.04843961850341708
5,0.04259980392343562
5,0.042778472636273365
5,0.058711258918574885
5,0.04076917654451641
5,0.05401226338792511
5,0.058396836042827846
5,0.04535778265133872
5,0.039898741075559345
5,0.0424360564263979
5,0.051215179683267165
5,0.05816606564835508
5,0.03249963767510129
5,0.05214620823842094
5,0.05144292132070374
5,0.028435301799244316
5,0.04865953513884089
5,0.056063511819791946
5,0.046484540774105854
5,0.045781131151485965
5,0.041100787228193304
5,0.047290224888871586
5,0.021669340272620567
5,0.046707883634406575
5,0.042226611078490246
5,0.056299099872584926
5,0.054806741549393335
5,0.034086926990496084
5,0.01816053218451521
5,0.04722497470983339
5,0.047298369832081064
5,0.043713935403305385
5,0.039997943598630535
5,0.05937735997566877
5,0.04799358168003135
5,0.044090992239725194
5,0.04331519694244985
5,0.047660560727491155
5,0.03847731941746022
5,0.033717518082986765
5,0.04021434781357392
5,0.03635030174323607
5,0.02505987743174261
5,0.020713124308547874
5,0.03542642312007159
5,0.027307389871174436
5,0.061396756914089065
5,0.03587331754184135
5,0.05185622355570396
5,0.074877221149961
5,0.04786175879394304
5,0.03998840258960755
5,0.047037057242619904
5,0.037014783299889734
5,0.04677290345763939
5,0.040409899532790436
5,0.034083820629513026
5,0.05065442722566227
5,0.03194756912762152
5,0.05196788260415408
5,0.03629387489421555
5,0.04334297777972477
5,0.04263147792675277
5,0.02372139334080443
5,0.03655572044034826
5,0.046068649670809474
5,0.0467129736423479
5,0.04778763466435262
5,0.03494768043686214
5,0.04464127748221427
5,0.023780903147522257
5,0.03756549576927866
5,0.04362345352576469
5,0.030945113587858324
5,0.036536791663801436
5,0.045619437222821475
5,0.03381463376183559
5,0.04564508280045874
5,0.05598178035441538
5,0.03789165999662756
5,0.028044547621676165
5,0.036797290584041416
5,0.04313684197964629
5,0.06174185341377005
5,0.04328687689970597
5,0.027366893336469765
5,0.04203809638232113
5,0.06356831555537829
5,0.049421138412683495
5,0.03990705088708947
5,0.03035160849120932
5,0.03887551298407842
5,0.037005117601671994
5,0.05206966082072373
5,0.04122302488053103
5,0.032193262072690465
5,0.02037189576411396
5,0.04967769933745771
5,0.052748251550049266
5,0.03968064629810543
5,0.051238735468589626
5,0.03998652928841953
5,0.034700110986571414
5,0.03927856662903228
5,0.0459591549356193
5,0.031261570461130254
5,0.03758483034956154
5,0.033087378281318476
5,0.041092338372044436
5,0.022396213454688927
5,0.0271453024815761
5,0.04507321666856406
5,0.025160097591223434
5,0.042343726898623625
5,0.054228349904136094
5,0.05802845587353047
5,0.055188927699461085
5,0.04747394500361184
5,0.035934065427601275
5,0.05807062089729139
5,0.03105146335706998
5,0.03425856815223192
5,0.03675044167393279
5,0.029847536037859983
5,0.044589545075427235
5,0.06438159913564212
5,0.04666434277919805
5,0.07738026081426926
5,0.045137004909840295
5,0.053608988604434714
5,0.042362328934710744
5,0.07587524827165129
5,0.045322532556676766
5,0.04789649182721087
5,0.04386881320145432
5,0.035629219339032944
5,0.03372653113240699
5,0.02942720000279945
5,0.03489128178353913
5,0.036232090480805154
5,0.032809244301204535
5,0.047293996277888786
5,0.04434892179640611
5,0.04792445140239949
5,0.03451740299259746
5,0.04915563753459831
5,0.061298398548089425
5,0.03845667164805876
5,0.03927653205434769
5,0.04288145452740581
5,0.03839792428966375
5,0.05539019705657629
5,0.04852438108015979
5,0.059257335180736906
5,0.04504721762836324
5,0.026296029580534407
5,0.03507416546129918
5,0.055862236482620634
5,0.046498033484360164
5,0.04807749597069481
5,0.057877737746141356
5,0.03637775850313728
5,0.04344194961285638
5,0.041994984406972205
5,0.03873281719174266
5,0.06369936973938607
5,0.03234598088567378
5,0.04030659882082679
5,0.036414112458227246
5,0.05036833460954564
5,0.04012620225124768
5,0.051477438764199704
5,0.05716881725831481
5,0.05709671053673844
5,0.04000528638786335
5,0.04917397608881098
5,0.04832146350822908
5,0.03484478228248986
5,0.04893384783815281
5,0.044903473139814506
5,0.04729750601670382
5,0.037592900579220705
5,0.038099391056816166
5,0.03572480717236054
5,0.04948445018600424
5,0.036958262725456194
5,0.04464107382636721
5,0.048871693584953274
5,0.04391527577240336
5,0.04493087130646225
5,0.050389241551099764
5,0.049956781950324845
5,0.048023649406125045
5,0.05659345309038342
5,0.05491144990022515
5,0.03947812905978422
5,0.05007927034063438
5,0.04670020664283233
5,0.03339050364533459
5,0.03228461095985409
5,0.06386760213504453
5,0.03555864773899038
5,0.06397867915169597
5,0.043806541851083756
5,0.0461959421939002
5,0.060543054880386596
5,0.04752164255737626
5,0.03798911781351677
5,0.050128285250372495
5,0.04402320575518416
5,0.05757389990212454
5,0.021965512252874343
5,0.04330133221514796
5,0.04912751431763683
5,0.05145502151095309
5,0.06191028537254821
5,0.05453076652738868
5,0.0431304949722876
5,0.034298523556745994
5,0.04805650919857456
5,0.030979402354097414
5,0.04368443085503435
5,0.04840116113998415
5,0.034573516028503
5,0.0427519838847582
5,0.025898196037121245
5,0.0425348223039502
5,0.04985202849958051
5,0.031091854538427492
5,0.05268519119808877
5,0.049609201334228206
5,0.03886833818109487
5,0.025790274104755824
5,0.05717463650094062
5,0.04701665464465567
5,0.053012301414034846
5,0.037585446892575244
5,0.019731593245325803
5,0.039994257678699976
5,0.03537094717764666
5,0.050549160723207254
5,0.046824595068569994
5,0.04102511945335696
5,0.033836339733919626
5,0.03569343478092535
5,0.0480283803088298
5,0.040981871449353204
5,0.051861439605444815
5,0.041807076809449076
5,0.04202441629053751
5,0.02996467932899608
5,0.03639179238456365
5,0.05649815919240725
5,0.02311823920872837
5,0.04301396754053126
5,0.04500413643351194
5,0.03893060328520589
5,0.03703494258023655
5,0.06535690708401687
5,0.05858787688054391
5,0.03651864094818391
5,0.03598662248582239
5,0.021522425068690603
5,0.043424027569730725
5,0.0462283528479512
5,0.027418546758586654
5,0.04069564976818638
5,0.051196337429260316
5,0.03302576993987085
5,0.04626729401659204
5,0.033823061749370754
5,0.03545459187636955
5,0.039731834832898646
5,0.0549622288534443
5,0.04040347204796257
5,0.05080482496090165
5,0.04359252974396336
5,0.036207649284305796
5,0.050038578815589416
5,0.04999119537415451
5,0.053685880868586736
5,0.038329077653311894
5,0.036296548585648666
5,0.03336375997541713
5,0.04999980581252235
5,0.02262385451102387
5,0.03883728756991552
5,0.03584189458028375
5,0.05099638140107785
5,0.047989755799292454
5,0.05468359233383707
5,0.026373397381306212
5,0.04275416797283901
5,0.019515110909791286
5,0.05058917040171344
5,0.04718460735426781
5,0.03906203958233363
5,0.03683967616519489
5,0.047702909041748745
5,0.04293778256755466
5,0.05594142570956012
5,0.04322449306688765
5,0.04511358414421721
5,0.026811299243074287
5,0.04129126075337981
5,0.04540185459396783
5,0.042156126907635046
5,0.027062008571701174
5,0.04737442599206619
5,0.04318789004641662
5,0.0344031080365921
5,0.04328752917701752
5,0.04757611622362379
5,0.04371593202426785
5,0.0324851139440042
5,0.04411571312753265
5,0.04292917442978341
5,0.035855553433467365
5,0.04209976836007342
5,0.04835375560399767
5,0.05218672204216945
5,0.08087399360639543
5,0.04024443224509265
5,0.02542341026829361
5,0.032504012839846635
5,0.0373337588893984
5,0.0526993756258415
5,0.041034270811470624
5,0.03810186375513743
5,0.04295689003377993
5,0.05253584723783587
5,0.037869817678709686
5,0.035819237694205884
5,0.04659729096702015
5,0.03044281720964896
5,0.05330693941098451
5,0.055405753089590025
5,0.04996610126996101
5,0.045221579218814034
5,0.02916670659880427
5,0.03763239415702961
5,0.057911637267086404
5,0.03752623003322766
5,0.027338508321871773
5,0.042063733624841865
5,0.04464373220836675
5,0.04865443548364611
5,0.04933269069492799
5,0.031218773283842427
5,0.04404840219849648
5,0.03793612471103196
5,0.03619127421878372
5,0.035720755222303745
5,0.04609688833932287
5,0.05195695280963841
5,0.03886361704493427
5,0.03647006005421913
5,0.04557265411526322
5,0.03837441387953632
5,0.04920068612671832
5,0.03381389322407282
5,0.04166420666386087
5,0.053092783698528254
5,0.03694120605229989
5,0.03792195939561534
5,0.034227756765282336
5,0.04253128644326161
5,0.03531761911499229
5,0.057699735044661124
5,0.060111943266817104
5,0.043630034265004544
5,0.05167226045472532
5,0.05748292258587282
5,0.04386594727898165
5,0.04052586162847335
5,0.04233537019857848
5,0.04915459919417036
5,0.042785760858444474
5,0.042885233146308474
5,0.033020568305828654
5,0.04333799484765022
5,0.0327588628538117
5,0.05191564974009215
5,0.06040120450820415
5,0.03247375742231591
5,0.038070626143041936
5,0.05813981576955969
5,0.03461499205261982
5,0.049038636556278256
5,0.034066593817434196
5,0.040969058214568366
5,0.059489570937810966
5,0.05015051420399978
5,0.03125795289659065
5,0.04725265177245009
5,0.05334503339341958
5,0.05458727963081948
5,0.05315650382385534
5,0.05747629477133652
5,0.04357668467534494
5,0.05115164264254658
5,0.03993038487096776
5,0.0838031114101998
5,0.03623828093557357
5,0.05090761416031557
5,0.04524767414421819
5,0.05724633409566408
5,0.05356662153205886
5,0.06327958839366266
5,0.04418081028703512
5,0.04339262842949293
5,0.04107620086111981
5,0.048089124029740596
5,0.05078446643167143
5,0.03063908941202733
5,0.05190955050451411
5,0.047298585415535895
5,0.04740999082656731
5,0.05486170549703373
5,0.04893130042425062
5,0.03777529312707685
5,0.050659539893417316
5,0.04166425405796824
5,0.027400282548406773
5,0.0363695755196944
5,0.03458982726134892
5,0.045954862871655525
5,0.03087165338372852
5,0.03984926018389521
5,0.0351227777315732
5,0.05032674935989177
5,0.03921047835810636
5,0.032633498144312933
5,0.07803154545687223
5,0.018086771401362924
5,0.05132861642105611
5,0.046147551907882334
5,0.023331909576548286
5,0.041636289399229684
5,0.05626797735964419
5,0.049503425213227044
5,0.03924650649597807
5,0.02892048644156952
5,0.052737262592479094
5,0.0676981232219495
5,0.03797079883952072
5,0.04242337237705359
5,0.03018488636894734
5,0.04828480567267467
5,0.03713195876770995
5,0.03386026554827307
5,0.04444835845352972
5,0.04751629432937597
5,0.05277747918802578
5,0.037689401671440845
5,0.041570534942069776
5,0.02904257368918945
5,0.06423245002416451
5,0.04475370530013961
5,0.04156618677572699
5,0.05173436437114565
5,0.05061493349295101
5,0.0426476179644336
5,0.04589490100411519
5,0.03299752272601024
5,0.0474904982479674
5,0.051506122793416195
5,0.044894202366918504
5,0.045527332924212155
5,0.07580471434168408
5,0.035938446180025826
5,0.054199079888429445
5,0.03857470331030412
5,0.026426648938832446
5,0.030756802438333626
5,0.035196980182696735
5,0.051080347921695426
5,0.04301024851118336
5,0.043078455206411494
5,0.054012831315571774
5,0.04295565986666653
5,0.049978608179420986
5,0.03217134272051433
5,0.06488467161080337
5,0.04122952735788035
5,0.03599016931623793
5,0.04429508337357978
5,0.04715175488261263
5,0.050116989954477664
5,0.03291816859593309
5,0.03781036989241441
5,0.02974035110467869
5,0.07014926824813887
5,0.04212240289095308
5,0.044346631564203536
5,0.04269447563591533
5,0.050264871587662144
5,0.0217289556658885
5,0.04734296684115634
5,0.04427792276937429
5,0.040465725254163934
5,0.04225651319683094
5,0.04935265275498526
5,0.054020060505020936
5,0.053958574904066435
5,0.038379949745844785
5,0.03899143051134148
5,0.044444463150195804
5,0.05091714062688536
5,0.03536333010748087
5,0.04682609665426257
5,0.03094384510060567
5,0.04440796002327835
5,0.031747849829162116
5,0.03787078130787479
5,0.05569907016496902
5,0.05102553560256371
5,0.03776404968125392
5,0.045394982023424665
5,0.0485842465268206
5,0.043352060062654726
5,0.0417263465631851
5,0.025824472507032785
5,0.039436970040919825
5,0.041177963543419335
5,0.0535384572574096
5,0.032159669873182736
5,0.03242752542572196
5,0.04178355659879764
5,0.04878783418948492
5,0.052807460472654943
5,0.06002951427066462
5,0.04264668013839754
5,0.04285163410718064
5,0.04159701864442129
5,0.02629028728878578
5,0.04799641334407204
5,0.033963065183418704
5,0.03071777154547021
5,0.033031788018079156
5,0.04270350150327872
5,0.051568139278445536
5,0.041049330712969886
5,0.03608467239789302
5,0.0423071530836006
5,0.03282722615200557
5,0.06805348067911275
5,0.06303103564809462
5,0.04324428627004653
5,0.027118260895992667
5,0.04404345099562362
5,0.04902603662385929
5,0.043631098043762404
5,0.043650624123034824
5,0.03668415287155912
5,0.04086231078430015
5,0.0358879261826508
5,0.053352361043640675
5,0.04101861258597091
5,0.03867639544283749
5,0.04824688602395149
5,0.05550622426530548
5,0.05229774294247119
5,0.04088653123545375
5,0.04357008027648025
5,0.025396132308418713
5,0.05454394665470497
5,0.036458656916629056
5,0.038363979009831004
5,0.051995420986116134
5,0.03808667297282571
5,0.05828697172032837
5,0.04148097472606162
5,0.04511267437697801
5,0.0574530697111415
5,0.036092621893450735
5,0.03448599370531551
5,0.045819768641507455
5,0.04166388520285931
5,0.04987577332922753
5,0.0366882534845087
5,0.046483580997004406
5,0.04942283129642093
5,0.043246013422404715
5,0.05057391628141402
5,0.039903217860484355
5,0.0334089725584159
5,0.056505833116847246
5,0.04814874167921269
5,0.04469735395393545
5,0.05187217843261448
5,0.0392292643302206
5,0.036954744825825316
5,0.07015946415171703
5,0.031102403885301656
5,0.0317009283770025
5,0.0387261552869699
5,0.043916343283979045
5,0.053331273279390065
5,0.03866077914364765
5,0.0477746142503835
5,0.03484518254364838
5,0.04947075797490955
5,0.04618635159482988
5,0.04324842095707367
5,0.053820263856730534
5,0.04414471890984759
5,0.03789706726744609
5,0.03619790714831682
5,0.04853812536663815
5,0.05402801857025863
5,0.05091379821661805
5,0.04987100938954663
5,0.04438980317132478
5,0.034335261036511536
5,0.04732878024390511
5,0.0361810567590614
5,0.047296915955680065
5,0.04955782380810923
5,0.05540117414529655
5,0.036795062970274434
5,0.020191947056740926
5,0.05732861039145889
5,0.0420163151042615
5,0.040793930460718025
5,0.047472991109324444
5,0.04558856136906177
5,0.047475603269745266
5,0.04571167291871371
5,0.0383825989526928
5,0.043375251124281665
5,0.05229735613125357
5,0.020837750156959083
5,0.03933749144954104
5,0.021128972119910227
5,0.030068202853496463
5,0.0577140998895939
5,0.03677444703403532
5,0.03460418895630101
5,0.05090609325399533
5,0.04898437384596589
5,0.0496386784688132
5,0.05326282067946099
5,0.0497365563613847
5,0.06995142182899924
5,0.047053205264143395
5,0.034206462762532176
5,0.039725786699503794
5,0.048951135024892026
5,0.034995817289156426
5,0.05246355046352548
5,0.04286898492429424
5,0.04655012627859366
5,0.03351704397853035
5,0.0566882909064377
5,0.03516813252191595
5,0.03343181894061502
5,0.03893918595250685
5,0.04188328351470525
5,0.034259098506437116
5,0.03612178273383041
5,0.04769612686288384
5,0.038361342073622615
5,0.04674883704251551
5,0.05075408501332521
5,0.056105172648064514
5,0.05642969029459839
5,0.031175660059080762
5,0.0629876936888742
5,0.032577601938228694
5,0.0378258719011574
5,0.03965271214728599
5,0.048755967728783677
5,0.05547284197571273
5,0.041160381275030945
5,0.03684023865900056
5,0.04227202997923078
5,0.048414884698425045
5,0.04716360953240997
5,0.044053857470558046
5,0.04513888302487352
5,0.04841957836446992
5,0.077486449033977
5,0.041246335970351475
5,0.05317329205245345
5,0.05321217716164003
5,0.06889334678009637
5,0.05611304531095722
5,0.048451418359518036
5,0.039921292606867734
5,0.05550646583045449
5,0.0429599837757944
5,0.05307731470840342
5,0.03152440444173299
5,0.07070737626683368
5,0.04979968468322319
5,0.053127422043874405
5,0.025408365163996933
5,0.03791014192906157
5,0.020377855957264258
5,0.04853017945200877
5,0.03774828542130686
5,0.060060242623609185
5,0.0320177096763696
5,0.04988571339666487
5,0.050630052806232936
5,0.05513469133951691
5,0.04661038771123054
5,0.05800958996401225
5,0.04409190384862588
5,0.04367561674305094
5,0.033390836557695446
5,0.030416778668508455
5,0.04595866977837647
5,0.041800062633257036
5,0.03710843888475039
5,0.050911897142294535
5,0.05375127026095692
5,0.029863927575066018
5,0.03444214788091987
5,0.04475661402690207
5,0.040737881388260545
5,0.03711109989435468
5,0.038144986165386294
5,0.024407228767315513
5,0.02491533279531385
5,0.0478129515695746
5,0.045034791191551723
5,0.047411256383236795
5,0.030976803528256713
5,0.03435225835709911
5,0.03987867639722014
5,0.043282417400713674
5,0.04540474403626157
5,0.023195379509916618
5,0.0446191293450094
5,0.04263709033561389
5,0.0410796437671334
5,0.05511900705234422
5,0.029602298225272817
5,0.022668541511427075
5,0.05128944486653503
5,0.04932873838116849
5,0.04850580923021052
5,0.04490853340871452
5,0.059286961686904095
5,0.03269028646981978
5,0.037485327657391175
5,0.033502377729209255
5,0.0433446911451513
5,0.0303020091118321
5,0.04552653660101987
5,0.0576472494693804
5,0.03841622190962325
5,0.05435632579444122
5,0.04111009575145465
5,0.025705532918031442
5,0.04992591333676763
5,0.04147960053427728
5,0.03904398250866423
5,0.031544206252632864
5,0.04140674840968282
5,0.029189499179626537
5,0.034647931041992645
5,0.05362513293191865
5,0.03213726130934966
5,0.04210755777971177
5,0.04324193616992224
5,0.022907595476670893
5,0.031433177559497275
5,0.051452154054911194
5,0.05064135813943904
5,0.03149507966773032
5,0.05121160241655624
5,0.04046204233162745
5,0.03283159300047402
5,0.039332890665919676
5,0.039879728089680204
5,0.041643693635658494
5,0.030428014348714928
5,0.04645831664802619
5,0.05955290551702293
5,0.04312451411140704
5,0.04232735249592172
5,0.05392588309980495
5,0.055034234839333805
5,0.053098441957831734
5,0.049455296398081924
5,0.04284592841594106
5,0.046250224326940884
5,0.045237963632878346
5,0.04908651929841731
5,0.04197894120721994
5,0.03965051225021393
5,0.04216334787676725
5,0.03794868668006673
5,0.049826596599133674
5,0.044751074758456647
5,0.03938258446787572
5,0.04659011819735746
5,0.04156077885618278
5,0.027080686940240278
5,0.045384854883388406
5,0.032177537240583344
5,0.05395489845663413
5,0.04862573285860885
5,0.04520181742375688
5,0.04387831466208353
5,0.029115974913614485
5,0.0335693640409087
5,0.06631729972614808
5,0.027398561854179677
5,0.046396381345756445
5,0.04833923145529333
5,0.04786208913926685
5,0.04014617302721342
5,0.04250241904761523
5,0.03867751712523526
5,0.03487379564760151
5,0.04550635931124958
5,0.02924058552568931
5,0.027435520380714735
5,0.05177105731643501
5,0.04904296570395456
5,0.030268298285790883
5,0.040631266862913545
5,0.04219073195864515
5,0.05069724891936091
5,0.03595008748774572
5,0.04278335237662239
5,0.057288459149335766
5,0.04889813360786208
5,0.061915982997248244
5,0.052770292599510035
5,0.025192973845889505
5,0.05339462764675741
5,0.0520994970394336
5,0.04831117359651459
5,0.039289963500546296
5,0.04773834068459459
5,0.04634303060651869
5,0.04669274065752945
5,0.04094765467526804
5,0.025997094762283252
5,0.060400233993909515
5,0.044211723670476266
5,0.03377785103905599
5,0.049882401206676176
5,0.050351920619296796
5,0.036975018163704854
5,0.022137593849459312
5,0.043626995502318806
5,0.05059976979284764
5,0.04824090968580584
5,0.07001943283060749
5,0.04791228566859951
5,0.026133387898503148
5,0.023894539501747115
5,0.042229866500377064
5,0.04908951879116107
5,0.047505950196776024
5,0.04772338283018276
5,0.04224444103257825
5,0.06398545235015463
5,0.05143931879345086
5,0.04875318430916666
5,0.037830470647936765
5,0.05256612934364093
5,0.04314423305216313
5,0.05127329626066894
5,0.037120923438848194
5,0.05537545057793436
5,0.054099147901865166
5,0.04676078664827589
5,0.050924128164181535
5,0.040557851740717216
5,0.06284301965362313
5,0.0376593001564333
5,0.031525235039267005
5,0.06083575507197321
5,0.048742188146234974
5,0.05059537586718046
5,0.042796240823744676
5,0.041137088128105556
5,0.04273249103387684
5,0.034523114385090994
5,0.026722207812250914
5,0.052339673207797
5,0.05968507158848644
5,0.03958045508337501
5,0.024382325464216266
5,0.04281073498278381
5,0.05227905937265801
5,0.027346683918014196
5,0.038610870720591155
5,0.04570020954122085
5,0.026041495906193667
5,0.0318825949398836
5,0.04024199972375866
5,0.04326571960470647
5,0.054282778269158186
5,0.04333084494526136
5,0.03935187250136391
5,0.03689947908070605
5,0.037877239809085896
5,0.05694823357927771
5,0.0476989480909313
5,0.049556802448820644
5,0.040625474035748996
5,0.0463054882196119
5,0.037772970474976644
5,0.05483343672132992
5,0.05129542829520932
5,0.04978595733264468
5,0.036151374931290725
5,0.04515349220516741
5,0.035361784120192044
5,0.04078069095046116
5,0.044230339906060394
5,0.042167837363134515
5,0.037368654892400495
5,0.041496766500896246
5,0.04577076969454099
5,0.04832240746270244
5,0.03851704720213795
5,0.04818439165169749
5,0.03962523439766393
5,0.045097047392160874
5,0.04632523800798819
5,0.05198120485409741
5,0.05280878136985734
5,0.05033730534245534
5,0.058560677525585844
5,0.04656476389357368
5,0.05067704882395389
5,0.05688922032446784
5,0.03635495081444107
5,0.04535225696638402
5,0.04169322216130353
5,0.05542040496849793
5,0.03528838937910025
5,0.04188604553454143
5,0.05808288455147097
5,0.06166833057922324
5,0.044939636967529444
5,0.06424789890517382
5,0.040023470529819784
5,0.051449954000124545
5,0.044092053982751886
5,0.04338034419633442
5,0.06021111454526693
5,0.05607441982211816
5,0.04929916900643033
5,0.0523051311654625
5,0.05041309563650308
5,0.04349410888350286
5,0.02169096894105995
5,0.053532652745676514
5,0.022796338066316858
5,0.04550804050605586
5,0.034569755417144035
5,0.03929433151154481
5,0.03058085439337398
5,0.032468117083338896
5,0.04396559974213994
5,0.04505989314086402
5,0.03544577360824161
5,0.04948020582220123
5,0.04189093856175994
5,0.04212931278390661
5,0.032983139338296316
5,0.03316026147447519
5,0.0358901448153258
5,0.03416132600827729
5,0.04446287497482444
5,0.05563318943425072
5,0.04870018783427558
5,0.030568102730972872
5,0.05119853157477592
5,0.04054601587168412
5,0.03509176592495059
5,0.03540086171361671
5,0.03567062582849302
5,0.038257339176746535
5,0.04383454108119141
5,0.0363138640097528
5,0.049376577553133794
5,0.04197039601131739
5,0.032195451894374484
5,0.053329549626591824
5,0.054438293382265635
5,0.04494398015854746
5,0.03765060330529388
5,0.03400988847992611
5,0.039416801894034806
5,0.062245616847286654
5,0.0478855035469657
5,0.05764746941946477
5,0.042606929593002205
5,0.05267439216770627
5,0.04372700728508092
5,0.045639142667827655
5,0.04183007436086626
5,0.03952745443978879
5,0.03285568695734924
5,0.056338811490078654
5,0.05715779848842223
5,0.0495083424535608
5,0.03745147090221476
5,0.047368595566555226
5,0.05020273350058509
5,0.02992269440390268
5,0.05450010569251942
5,0.05311472971834239
5,0.039248973019817654
5,0.046398143522645444
5,0.06459592001562889
5,0.03550349298976406
5,0.04146769173047588
5,0.0362037111236266
5,0.039657167062141514
5,0.028333710107049336
5,0.03264943296441179
5,0.042568335851467146
5,0.04913087855599259
5,0.0449237873771835
5,0.03705816879114311
5,0.03750177572278278
5,0.04263505635908866
5,0.03502863818094867
5,0.019053768416210776
5,0.05126690043446561
5,0.05163981363652357
5,0.04862970356195005
5,0.04364136155239312
5,0.052181892621949354
5,0.03519963100920331
5,0.05019302053262535
5,0.055732117271234435
5,0.038454148758747426
5,0.05299694228757842
5,0.041169968186707824
5,0.048371824968158894
5,0.03548337159924659
5,0.05087696746434783
5,0.04845750994352363
5,0.05733601163195566
5,0.0350825947250211
5,0.06111196414169412
5,0.04819247845646565
5,0.028673580091947187
5,0.045694928177842584
5,0.03819258310901702
5,0.036338591860816866
5,0.04603748290128766
5,0.044586006247500594
5,0.05088592906112406
5,0.034346875784879785
5,0.04559612470516323
5,0.06461862233487173
5,0.03508376708173655
5,0.03781997529010884
5,0.04189548963179397
5,0.040341609069222115
5,0.041236483420387486
5,0.060999111108502604
5,0.047045505931482864
5,0.04898357561697285
5,0.048641396467831825
5,0.04904473147301274
5,0.03408856102177428
5,0.059452714239116335
5,0.04042033736895061
5,0.04065944544030366
5,0.040310389261778955
5,0.03282091342696524
5,0.0441316007845898
5,0.05157977648227565
5,0.04836342308191559
5,0.0365350529441215
5,0.047052370063393065
5,0.05028386567158679
5,0.042933801685154774
5,0.05545160021730061
5,0.046610059415972925
5,0.03940287883537067
5,0.04317396265838303
5,0.024523965400064077
5,0.046284097682585866
5,0.03945623419585422
5,0.04119807210669407
5,0.040539458696426
5,0.049162107874783346
5,0.0540627460845526
5,0.03621620953291563
5,0.032250843690052475
5,0.04412678058212847
5,0.04144492294617989
5,0.04024750786302968
5,0.035695201400381876
5,0.04706975712936805
5,0.0706246760911219
5,0.04239546121712889
5,0.043527288440372555
5,0.046581014204246526
5,0.040191815463761583
5,0.029971680592204362
5,0.056233160519440696
5,0.045672123335704785
5,0.03663130532609361
5,0.05935432654324224
5,0.04917740277392074
5,0.03552017039292284
5,0.039971527413064124
5,0.02924004181786835
5,0.04299341518382617
5,0.042927218964653464
5,0.052103757956906735
5,0.03792259441670652
5,0.036007176876017885
5,0.05680156841216871
5,0.04804535751796041
5,0.04883727185170668
5,0.039228962596819586
5,0.05198154923370753
5,0.028308275123071484
5,0.03952107228066137
5,0.059937866078421574
5,0.04015776552911596
5,0.030913488512196646
5,0.023584938531032978
5,0.05489301906137149
5,0.02906700954024235
5,0.04274384986192951
5,0.03980245558450503
5,0.04366826664400568
5,0.03484209668278473
5,0.055398875877821455
5,0.04702887181778517
5,0.04276388812566872
5,0.0363023126353562
5,0.05657069527245726
5,0.0584945567820281
5,0.049485694995182905
5,0.023236748736057154
5,0.05564861390246136
5,0.04220012339334531
5,0.05300689406360359
5,0.06341478038578272
5,0.04440894798337021
5,0.03411404077606448
5,0.04312082162283899
5,0.050931512145827265
5,0.028167358935310898
5,0.05194289486883563
5,0.04185042773190798
5,0.04689097157541686
5,0.04846862931591768
5,0.03075453002722182
5,0.057691155661572305
5,0.04704312457816965
5,0.05238473567360354
5,0.036195709597841574
5,0.0385570138443996
5,0.0535362338737982
5,0.05884758614187987
5,0.05564579138913632
5,0.058420019443212935
5,0.0361909331363193
5,0.05336502318622538
5,0.053246032520793594
5,0.07080358533271319
5,0.03944547343154557
5,0.044778634571204914
5,0.062129527698038825
5,0.05209139274614073
5,0.05029115573745646
5,0.03360024457038495
5,0.039724913794751446
5,0.047010396806208936
5,0.03437041347840091
5,0.04362576404575726
5,0.02529670398720387
5,0.05944452204190771
5,0.03812905195637249
5,0.047163866152060356
5,0.039139891840557516
5,0.055956164115898856
5,0.0520740225472011
5,0.049500524810245
5,0.04694350863433504
5,0.03482636596317168
5,0.049176136622732916
5,0.03324922542786101
5,0.060568629773727525
5,0.049467974878191746
5,0.05494454198733008
5,0.039640782064167615
5,0.03620502684371489
5,0.04398589715182314
5,0.05630519580721981
5,0.05821851911188286
5,0.036851068755047345
5,0.0453255370255353
5,0.035566515646543416
5,0.044193040245180025
5,0.045475171642819265
5,0.04798563512774938
5,0.04685678815427137
5,0.054168329983832655
5,0.04405653502345602
5,0.039887598834365726
5,0.04887218221906525
5,0.04825310691597891
5,0.03873711129865258
5,0.05054691810469673
5,0.033436216474449595
5,0.04633613008617088
5,0.05022159305719347
5,0.04834535642341875
5,0.045922476743474314
5,0.04539673634761596
5,0.04435608057915827
5,0.05955949557579395
5,0.05925011818921304
5,0.03967085065881944
5,0.02686348143648712
5,0.02367098122575023
5,0.04675882110450788
5,0.034915791795930275
5,0.0467975848378942
5,0.034347540836550415
5,0.049090025513599575
5,0.04719395468618169
5,0.051406058441909555
5,0.054538881684710924
5,0.04690953895158882
5,0.05039843003908238
5,0.03413333894486768
5,0.045087187567399364
5,0.04997107816540632
5,0.05238973512729491
5,0.04877123591519637
5,0.06379755586700117
5,0.054684978497112104
5,0.034052812421788606
5,0.027505514607989716
5,0.034505313517225494
5,0.04392003760236733
5,0.06703204733421655
5,0.041957888723468686
5,0.04375481705680391
5,0.0635285615956244
5,0.048272952731594966
5,0.04779527141983723
5,0.066676552514019
5,0.03907834700900459
5,0.04388594203715856
5,0.034287514871590805
5,0.04387778904854444
5,0.03781150213883602
5,0.051007910882876505
5,0.04392418806759846
5,0.049724847587041175
5,0.037061657188370525
5,0.029961984276792235
5,0.0541832509476303
5,0.04235348882093732
5,0.052240180382430314
5,0.05979146982584697
5,0.024280326125750144
5,0.049636837827226915
5,0.06054331232438035
5,0.04824626238991348
5,0.032226695838529655
5,0.03613758001382343
5,0.046442830838111085
5,0.04401647800271339
5,0.04409898001663756
5,0.03980039655620843
5,0.0507676676650148
5,0.04334662443444015
5,0.04122128464274438
5,0.03645236853801157
5,0.050376937464689145
5,0.04526857257713626
5,0.03468955189449491
5,0.045362908779335805
5,0.045626125390011284
5,0.04797932478019683
5,0.05118691498399375
5,0.04258205073021996
5,0.03950589488779954
5,0.05435748567083223
5,0.04336772726452566
5,0.04500320225597229
5,0.04678967408745608
5,0.04530700481242981
5,0.0435442470483318
5,0.052856114286022084
5,0.044125838911688066
5,0.05976640174365901
5,0.02774448469148113
5,0.05325368791146599
5,0.042322587045781394
5,0.0486026557848353
5,0.04487832556686718
5,0.035348673894245994
5,0.04529923164034305
5,0.056980085184332785
5,0.05349033817877273
5,0.05601824577674941
5,0.0439740929111998
5,0.05110827114668877
5,0.060668359793668136
5,0.02520829131925061
5,0.05197653566352073
5,0.10596384253316256
5,0.04871542193119791
5,0.032373409553804175
5,0.059053887987989696
5,0.05969539549299333
5,0.036385774201698966
5,0.04448536543898492
5,0.03510402583387849
5,0.048145721353038275
5,0.0473009725172949
5,0.0437734844960862
5,0.037742151735837205
5,0.04760193846844431
5,0.03505683770447606
5,0.0401329331262365
5,0.028283155187580976
5,0.03972915037453309
5,0.04487109735597321
5,0.034959098538313374
5,0.06175642929709454
5,0.06416821257579113
5,0.046555917408890965
5,0.029656746097606518
5,0.02664676849836333
5,0.0570681944171169
5,0.045276344898820216
5,0.03763526824850098
5,0.03341986123497812
5,0.03720603696598493
5,0.0568821186856663
5,0.05347454334048456
5,0.05790636202986284
5,0.04777755919064906
5,0.055860247085035605
5,0.050681073732743366
5,0.03564865332008037
5,0.055409200529019785
5,0.04392648637635071
5,0.03442796567481494
5,0.04810807933147988
5,0.04948994026707478
5,0.05662361392058142
5,0.05782054898725845
5,0.05232311845741685
5,0.05137634820234781
5,0.04172682240700768
5,0.03983096189431762
5,0.05084254083791946
5,0.048017168715556204
5,0.05742770763382984
5,0.044531501400279734
5,0.061798390339274
5,0.049161711162319544
5,0.04829834437885145
5,0.05179078376137604
5,0.07333401118269052
5,0.04905041442892337
5,0.04811237242959239
5,0.0472502569224756
5,0.03204413476055803
5,0.05390676273699585
5,0.03112845762114111
5,0.0514280498041359
5,0.03675083086818406
5,0.041953017283698796
5,0.043292173988331795
5,0.06817246483318087
5,0.04998911674285035
5,0.04167969346286847
5,0.055239778993229516
5,0.03802267964419977
5,0.05797617729409219
5,0.05237552815973164
5,0.04964051921709718
5,0.03940009901454297
5,0.04302783103717202
5,0.056208858687598694
5,0.0396818187915919
5,0.03222244009262679
5,0.05139087311640269
5,0.05574023441554613
5,0.028898913093266233
5,0.021149119777163987
5,0.04578580855829809
5,0.040270894860903406
5,0.03860856115581683
5,0.04780812472529814
5,0.051929586630809224
5,0.04266352973475565
5,0.03049118489953818
5,0.035658470049111574
5,0.047002923236460104
5,0.05115608902585188
5,0.04778479167317233
5,0.04693189397542559
5,0.03763414146445425
5,0.043566130792470736
5,0.04726230726650525
5,0.028186754158391825
5,0.0856294480268481
5,0.045315026360455236
5,0.034743516833071454
5,0.04529659804473872
5,0.04090936305768574
5,0.047061131750871975
5,0.062414674956260185
5,0.034326534531807805
5,0.04613143981071909
5,0.038367895244054775
5,0.036466390839175654
5,0.031200871330796624
5,0.0435827845501016
5,0.05230122908688931
5,0.030157322756049664
5,0.04043742941401286
5,0.04681716869280059
5,0.024176987730527146
5,0.045974232438721306
5,0.034604813610636956
5,0.05052413437626972
5,0.02849352471185785
5,0.05148487056459637
5,0.03854388643899845
5,0.04307718449925032
5,0.05273341134238575
5,0.03720489476731063
5,0.04961687594586989
5,0.04368059172259746
5,0.05199201531747687
5,0.037824509570682334
5,0.04047650529166632
5,0.045052344672655203
5,0.05842957706765815
5,0.05319778819048996
5,0.04655831619415136
5,0.045128436305802766
5,0.03510285366804686
5,0.03413477582710773
5,0.04471285843441689
5,0.04773274480100704
5,0.044641896087365115
5,0.04926470544278566
5,0.06428219939184725
5,0.035528421487386386
5,0.02605514406727947
5,0.029574898871048732
5,0.055540886585414694
5,0.03134627925734119
5,0.04304327351613092
5,0.05638516858754603
5,0.043164536675938454
5,0.03152443933404783
5,0.05256599051415378
5,0.05217681812595536
5,0.04075085419443626
5,0.04179218327086032
5,0.031532614754511044
5,0.05606030472646224
5,0.03462933542064395
5,0.054232423387834516
5,0.04852280848090461
5,0.06930080131843167
5,0.05491285640356084
5,0.059758751462255254
5,0.04534851039173596
5,0.04722196831690872
5,0.04920013640691906
5,0.05442762005712678
5,0.0392646511576929
5,0.05027247713096487
5,0.054288094503257535
5,0.031850426296656575
5,0.031269698562122736
5,0.04159208036271146
5,0.060692327126226485
5,0.04397310182423718
5,0.04763782367319419
5,0.05905824484614123
5,0.040642216488802264
5,0.05851402759216782
5,0.05716159252731665
5,0.06425108451754326
5,0.042777386320262026
5,0.04555019851019493
5,0.040754701861519096
5,0.03697021664111816
5,0.038443677292147996
5,0.04395291944387397
5,0.045645085835520335
5,0.050515648646627734
5,0.043481795214206476
5,0.05831829090226335
5,0.03234004152184444
5,0.049169396582955445
5,0.060368528549086385
5,0.04389909911226478
5,0.045778031340969624
5,0.051078357066202854
5,0.04932134324386174
5,0.0328621919054538
5,0.02969935161547609
5,0.044568196735988476
5,0.03573634536467085
5,0.04244337367039452
5,0.04029032810088774
5,0.049515547209955636
5,0.044459886657420324
5,0.054326560184788965
5,0.044644402768281286
5,0.05271325566570003
5,0.02825432212187335
5,0.05922422990317502
5,0.04982930975604087
5,0.056170970063349965
5,0.05629951237420587
5,0.0457902866668269
5,0.050832488687655754
5,0.043078373317294354
5,0.040366748937093536
5,0.0644052305893197
5,0.03894541308778189
5,0.03959588959006753
5,0.025011606033602606
5,0.039913016664399906
5,0.05010551162249906
5,0.02552722235925851
5,0.045209926795633446
5,0.0338421025583102
5,0.03666441287910886
5,0.04304439997991326
5,0.02588375673985328
5,0.0507847717075828
5,0.035057616891200495
5,0.04432996226696199
5,0.05946892446507002
5,0.04696466960616591
5,0.0473979585661204
5,0.05040945740970767
5,0.0376347328257903
5,0.04357684061646661
5,0.04945996333625599
5,0.039844467879091426
5,0.05034775343739668
5,0.056682686778069404
5,0.0401964637496017
5,0.06134999930876511
5,0.0472038820002878
5,0.04209137290088558
5,0.05350089971485824
5,0.031282279027665824
5,0.059749920537027656
5,0.052944595705434985
5,0.03332758371767602
5,0.04135383820546608
5,0.037440337863970316
5,0.07452402981756444
5,0.06511557340087826
5,0.043504179220643875
5,0.05280474207375516
5,0.03523677045062148
5,0.07212024768979353
5,0.04638929175653479
5,0.04381608406825677
5,0.038095359967624615
5,0.04586471749762365
5,0.05243101500958734
5,0.03953144712399499
5,0.05218002626782714
5,0.0455828507902151
5,0.04624836800135719
5,0.060412075763450715
5,0.05492128023172695
5,0.04097566888082943
5,0.04224734491764166
5,0.031083726218445785
5,0.049711239538436015
5,0.04213387743090923
5,0.027969309318694825
5,0.06175435287447615
5,0.052548653022664496
5,0.03557388309112628
5,0.04619748977480087
5,0.04502507629514465
5,0.03422248402293702
5,0.06118791019490231
5,0.026617287276185696
5,0.03480924502167653
5,0.048779067004743555
5,0.041476120221641245
5,0.06419671594370843
5,0.03200369182077596
5,0.048225546218771426
5,0.06212909484764899
5,0.018349233767917455
5,0.031987535241477585
5,0.046464217634241176
5,0.047318713393795946
5,0.03581913222465851
5,0.040663128837513135
5,0.03281939702018891
5,0.052833125686235015
5,0.04630201497130704
5,0.024539833230215764
5,0.02799199738634216
5,0.03968459317417429
5,0.053616226869465725
5,0.05644178149382121
5,0.04962708288921687
5,0.036425691608553086
5,0.040489786735216624
5,0.07116324697805854
5,0.03929286210838083
5,0.037938424150908215
5,0.04751215226841769
5,0.052182565917766245
5,0.05361394211390104
5,0.027800043583761785
5,0.035332984014794386
5,0.04467887710777538
5,0.04072904317083974
5,0.05012436800465518
5,0.04577886330516969
5,0.041473092187137274
5,0.05135371274791869
5,0.03668587216363834
5,0.048969089426403795
5,0.035416095315933836
5,0.04053501556243649
5,0.04284337515463228
5,0.060552063921018286
5,0.04946983475239345
5,0.04468533158920075
5,0.05168853800027987
5,0.04292910183396018
5,0.049871144252316736
5,0.047674016942200984
5,0.04727332555217541
5,0.03944672853966612
5,0.0436702730080551
5,0.044878327314607926
5,0.055300666626703
5,0.056507373555573434
5,0.0476076976220712
5,0.027217847470714186
5,0.038232031784284824
5,0.04433275058771662
5,0.043772065338372176
5,0.04055102143671428
5,0.030663220315063466
5,0.03281922005851858
5,0.04864589853405601
5,0.051355984737347
5,0.05365586242009703
5,0.04814490006770607
5,0.05303810001263783
5,0.04044558882485698
5,0.04627688497661475
5,0.03522305525213294
5,0.03994274399171339
5,0.047049123988082184
5,0.05187658599886293
5,0.05628886720614534
5,0.04352207828351997
5,0.04662466944844246
5,0.05037948508839699
5,0.04914234675709413
5,0.05792384256683819
5,0.052222776396081215
5,0.043317126605602684
5,0.04389100205244743
5,0.05497759316034238
5,0.053355995970493494
5,0.030013937539262535
5,0.05971326248746554
5,0.057830539493850176
5,0.062153576360824345
5,0.0209489120165221
5,0.04221192444175833
5,0.05703815434301977
5,0.0400260479451753
5,0.05824872683782952
5,0.0503568169063903
5,0.04834805887295457
5,0.0287677448280264
5,0.040773388746020524
5,0.03967926011568768
5,0.051693529247572846
5,0.05237004780057776
5,0.04062753677432576
5,0.0483809308281139
5,0.030530072322577078
5,0.033283800900320945
5,0.04828769047158897
5,0.059249068763035415
5,0.035384353683084076
5,0.047350411102833445
5,0.04253522254325544
5,0.050896395758755285
5,0.04495467825230405
5,0.03990952643987407
5,0.05016530454444159
5,0.04943798778101367
5,0.03961045265875851
5,0.03681300460650677
5,0.02675071073463431
5,0.04828943763181849
5,0.03953143974027855
5,0.04672736145722765
5,0.043455615610661046
5,0.03780961071234133
5,0.047875972772477786
5,0.03342614739193661
5,0.05022638565659242
5,0.04953550709346217
5,0.04861440736619555
5,0.04793329379361623
5,0.04339227449337884
5,0.044735882633083326
5,0.039377634561920616
5,0.04443483978500288
5,0.032813830956331
5,0.050809492542838654
5,0.03444640888798528
5,0.05168914748630489
5,0.03519492107818034
5,0.04874391673233196
5,0.04586249335170283
5,0.05325177277339033
5,0.04883758360749775
5,0.05023090965617766
5,0.03899534242497951
5,0.06533217462723113
5,0.04303484559482883
5,0.04577215379801845
5,0.04074408404000907
5,0.05534359537783118
5,0.03146544285439262
5,0.06596188388502817
5,0.04991899016320221
5,0.044590767321236784
5,0.05858454257813963
5,0.04821022442934044
5,0.02966862571137046
5,0.043794593039151425
5,0.025657747510144234
5,0.039063399634578375
5,0.052637346246525274
5,0.04114793520108381
5,0.039812300032002965
5,0.05595540082883236
5,0.02754863028523279
5,0.037428963600566065
5,0.03338623894783639
5,0.036102340574521864
5,0.040275960697546735
5,0.03824599651546281
5,0.044398223510799396
5,0.03037816559542698
5,0.03935021131858413
5,0.03764632059108362
5,0.04797668802717442
5,0.03895761373559611
5,0.03301388845596729
5,0.0481181817354831
5,0.04948000086263156
5,0.05516144750398161
5,0.04052600335265598
5,0.03250460158031755
5,0.03373818986137449
5,0.03096482817095202
5,0.04844833466674437
5,0.05005064961704917
5,0.05748899719230187
5,0.04340095393975102
5,0.04416453840098551
5,0.04997380766944942
5,0.06768463183002019
5,0.04298494813037338
5,0.04093260979075918
5,0.04688804825939605
5,0.04854325230436266
5,0.02223108938987168
5,0.04471820394096161
5,0.04691316330928126
5,0.02053226432135731
5,0.05564282208142459
5,0.0443850826911517
5,0.039116111863666855
5,0.029497517061739857
5,0.03938661965165484
5,0.05104253606883709
5,0.041752453125205424
5,0.020935387401261937
5,0.046655492462555966
5,0.03714190408201458
5,0.05074301865886235
5,0.035963915045084914
5,0.04025867368469298
5,0.05082791262828409
5,0.043241509243165444
5,0.046117043395247595
5,0.03948434910896193
5,0.042182143990903545
5,0.047117471846598605
5,0.0514071517537147
5,0.04985538197302726
5,0.0586182134790769
5,0.036627384991564454
5,0.04254119898791489
5,0.039638717946632596
5,0.05132174084635719
5,0.052482659874383455
5,0.040503055525889856
5,0.042191807260257466
5,0.05929471224981357
5,0.04489087884718228
5,0.047811672440382445
5,0.04323246592714965
5,0.044717795114749555
5,0.04702955432139032
5,0.04566152033409439
5,0.0367618658399207
5,0.017630735422599797
5,0.04884801465017966
5,0.03682483425583585
5,0.0505065999501562
5,0.048238175722554115
5,0.050455580910102424
5,0.03844037064685872
5,0.03194625097099527
5,0.045155259849415236
5,0.04330453156783843
5,0.04742532511243169
5,0.04600172012107439
5,0.030059445528789152
5,0.06439490547375863
5,0.048096695196711656
5,0.04978061395158013
5,0.02852500297463461
5,0.04316899358028625
5,0.05403322331587872
5,0.040220533901042285
5,0.05014876913187123
5,0.04121514361667276
5,0.05193351179286747
5,0.038444321655573196
5,0.029449543386202794
5,0.04714359610490097
5,0.05305634994642605
5,0.04106823844018266
5,0.0518596589619317
5,0.04885777674745058
5,0.04928173114502636
5,0.03220456144961673
5,0.03224556401818332
5,0.057391702644786456
5,0.05973681731821327
5,0.05225487286087913
5,0.07296581205106992
5,0.052375496393020485
5,0.041423191318359545
5,0.04428235415913262
5,0.04832610657961226
5,0.04535697309408053
5,0.05128615366874796
5,0.03302578038127785
5,0.0482413554507725
5,0.04404126097295789
5,0.03608722216394961
5,0.04680271118017495
5,0.041807806794415016
5,0.04857177336384967
5,0.04481892999892679
5,0.037746147402057166
5,0.040424892663929
5,0.058722497702382324
5,0.053131432687560175
5,0.0441314661382055
5,0.043729100758631186
5,0.050552953699946404
5,0.031819456314564
5,0.03301423990019982
5,0.046626947908774356
5,0.047816606221400805
5,0.0567123675668459
5,0.059469536594639306
5,0.051677567105260634
5,0.045181837749921724
5,0.05962193442419296
5,0.04888570398408431
5,0.04199299580616052
5,0.045734578605954146
5,0.046307930763935676
5,0.03759704243428687
5,0.03487678687468023
5,0.04799910179857176
5,0.042464974272196615
5,0.062062719923665854
5,0.03924077397451976
5,0.04083285226918853
5,0.014485113528865353
5,0.040188662121970434
5,0.03763139899068955
5,0.04765739185657505
5,0.03673278288943268
5,0.04383655018500866
5,0.055637349271191607
5,0.03360741433727881
5,0.04477105884777065
5,0.056851418284259624
5,0.0486056699786138
5,0.040493457077612274
5,0.03409308682882958
5,0.04338875677010791
5,0.04376093426572569
5,0.05325776770934739
5,0.04706485860104639
5,0.04327682628941788
5,0.05920933024154407
5,0.036846117286021995
5,0.04845714493264743
5,0.06985473927789851
5,0.048095134015740795
5,0.04161362538626276
5,0.037309332433756205
5,0.05029102827280881
5,0.0481683269934993
5,0.06104557847541171
5,0.03465683447356941
5,0.05739098604630003
5,0.055074382580431715
5,0.05348953754784293
5,0.05390103210947458
5,0.04343628101829128
5,0.05041624183614517
5,0.05466137951565807
5,0.02427455240154599
5,0.05645557446774019
5,0.05171162995947128
5,0.0582559557957538
5,0.05004495844517469
5,0.04199530560145572
5,0.049074505469133875
5,0.05090650158118167
5,0.05355087659238931
5,0.029757047733217794
5,0.044405125280089414
5,0.040623717242441314
5,0.05247390482624496
5,0.026580594684939767
5,0.03348420706097541
5,0.04397108458570596
5,0.0545357387664448
5,0.059171385438490307
5,0.05186096942853861
5,0.06618174850809352
5,0.035713247782328074
5,0.048869535848624
5,0.045387759482057505
5,0.0325543317852535
5,0.04554187388821317
5,0.06138671933209561
5,0.05047268046042832
5,0.03083555543078948
5,0.0511325109574856
5,0.03760181915303035
5,0.033584508670530124
5,0.04146242878549837
5,0.043621143734093586
5,0.053077162284578525
5,0.04312576178574262
5,0.054866052241804984
5,0.04153633225510708
5,0.0542889306219946
5,0.05046523415939751
5,0.05797040394113116
5,0.046501111971101336
5,0.04800569068438996
5,0.043759117458595925
5,0.04561393536556747
5,0.053997518228629124
5,0.06446757383073173
5,0.03343675825100037
5,0.03709194578320809
5,0.03218426980832809
5,0.0537582712502397
5,0.052824477021065144
5,0.05788519982029291
5,0.046333605117329695
5,0.021553788251132116
5,0.05180561325474955
5,0.04058446813210441
5,0.04890947124842379
5,0.05442684100435975
5,0.04450679155751955
5,0.03679194006532159
5,0.04050861696370178
5,0.04405292206694528
5,0.046243042744900535
5,0.03908386223032735
5,0.031978351271616794
5,0.04713607639822529
5,0.044392156451327366
5,0.04633414137283891
5,0.04046969855749134
5,0.027703095488669827
5,0.047663640376648955
5,0.04770667670835702
5,0.03666531548656984
5,0.050997699985390645
5,0.03696335222221754
5,0.03739282365067596
5,0.04482579356912841
5,0.029146623434740015
5,0.05548291378099043
5,0.04251058741091346
5,0.050390116609333804
5,0.0431672121369802
5,0.06388458769798783
5,0.04972314082743292
5,0.04820928232857227
5,0.0421021515395542
5,0.08311530462072828
5,0.06778339135273999
5,0.0635540724014628
5,0.040807387853168155
5,0.05937643054726558
5,0.050240261430728274
5,0.04404371814094109
5,0.03312766139701934
5,0.054110887546087436
5,0.060133176914016616
5,0.055744121530878175
5,0.03490137176125261
5,0.04312506380933338
5,0.06739213938256507
5,0.07135851804741665
5,0.021944450988564262
5,0.042513655950790444
5,0.06700704411115563
5,0.05579365127336842
5,0.031531893509619324
5,0.05682746944798954
5,0.03689346674382998
5,0.03566529027507177
5,0.06661629293900503
5,0.06450532726784793
5,0.04257448047432007
5,0.05426029829655976
5,0.04315099793582452
5,0.03270248637852691
5,0.03309328466906627
5,0.047622592138770535
5,0.024919409119379187
5,0.04647742255418326
5,0.030034604423718008
5,0.049466114738411254
5,0.05085066836829152
5,0.040593902247294436
5,0.04774286571371268
5,0.054668133697010304
5,0.05307857506745613
5,0.052908128727847135
5,0.05039854254608982
5,0.05592427596647074
5,0.04479500926298814
5,0.050909778636153036
5,0.06263699897861416
5,0.04427598387518751
5,0.0328984653473421
5,0.05953985051987211
5,0.04417851481386637
5,0.041715992216244155
5,0.05379399327514134
5,0.06362362478672634
5,0.05025034688101994
5,0.043227914076605256
5,0.05661074335077783
5,0.04694391627186326
5,0.0439564640100466
5,0.035008931807150145
5,0.050381774096426045
5,0.036579808636607404
5,0.041124662097929726
5,0.04473674021933031
5,0.07706657251348482
5,0.04170290310882133
5,0.044375342873649595
5,0.047116655211043454
5,0.0378063908320491
5,0.03335745087910384
5,0.05543530478248561
5,0.04690675432162818
5,0.05277775910507274
5,0.038173125648784376
5,0.046136722873243406
5,0.04584289892882608
5,0.051551784595411855
5,0.06755773245566572
5,0.05535816426349417
5,0.03505951547336074
5,0.04517760459427545
5,0.05351458146390847
5,0.04233309413017961
5,0.05105390565255006
5,0.04290473941938806
5,0.0506768664063707
5,0.04836836533969184
5,0.05508974759773152
5,0.045661926146373565
5,0.08234185915201661
5,0.037352711127014056
5,0.04942868292742512
5,0.04568785128691555
5,0.04052586267590362
5,0.044326674926367805
5,0.04387098965943428
5,0.04245086180832848
5,0.03261570284879929
5,0.05854807177666145
5,0.04595485138256444
5,0.034907185989117226
5,0.04205149553313654
5,0.04515496335855627
5,0.044716730619831876
5,0.03738990343507859
5,0.04673710730527765
5,0.02995329365833229
5,0.03821914554958117
5,0.041224718984093245
5,0.05430673329472441
5,0.03531411810952613
5,0.04347061802267627
5,0.047392371774061956
5,0.03891713274488707
5,0.04346528206723149
5,0.03730565192882724
5,0.054295044626509456
5,0.04055433007017613
5,0.05299006548299542
5,0.03524277912415877
5,0.05584575656321543
5,0.05585054470001015
5,0.04080169967931326
5,0.062026808496293814
5,0.03931439476925124
5,0.05541249014298248
5,0.04834971874546129
5,0.05432419444761222
5,0.03994035918811129
5,0.05062595651369619
5,0.032843901195526395
5,0.05224477052081507
5,0.03046150904121987
5,0.06156444619113026
5,0.0340713328126733
5,0.03833904094358258
5,0.0437183816702645
5,0.036285669062744
5,0.024233962879217332
5,0.03928139807230387
5,0.049778194009433466
5,0.045631652439414055
5,0.04590636209659264
5,0.04759709394678723
5,0.04270419908185306
5,0.05633083331411313
5,0.038735184992358375
5,0.04352469873767519
5,0.04549874996016859
5,0.045733692845673066
5,0.04643955993157449
5,0.061013661628614525
5,0.06001743082081751
5,0.045728958903747306
5,0.03501658460202746
5,0.04366224626834725
5,0.04169943090763282
5,0.04454541073129782
5,0.06661129337999194
5,0.06784605657677759
5,0.04990842706711336
5,0.05321950279646738
5,0.03449172215948863
5,0.04914454006921486
5,0.042488499365133874
5,0.036271900201513496
5,0.04745201486673871
5,0.04376047779314159
5,0.036155548552155484
5,0.035724475462548796
5,0.056706870918350735
5,0.03705633378657988
5,0.04733943603028463
5,0.04941536344055521
5,0.056576095336930886
5,0.06769343988923476
5,0.045943091605777184
5,0.03547138615565398
5,0.04349485856418632
5,0.04784575636263264
5,0.04521384131732794
5,0.04924411261082637
5,0.047746031262045074
5,0.03066428198589387
5,0.045321734063927185
5,0.03993743084833938
5,0.022258636198241755
5,0.043071557734036967
5,0.042528217838134964
5,0.05414469140781517
5,0.05482691790843495
5,0.05156513411115292
5,0.041958037429656855
5,0.05714492883135637
5,0.05802947251231892
5,0.056206082483830924
5,0.04578743726240357
5,0.04971537246181702
5,0.049685690531530345
5,0.05220594632146389
5,0.053967043843579685
5,0.04311989318039657
5,0.0444730294673679
5,0.036585060940523495
5,0.041220541938514446
5,0.042329642453724524
5,0.047988807825129196
5,0.04838455739809253
5,0.07755088087894871
5,0.03795402268313543
5,0.02455755054033702
5,0.04491041670057493
5,0.03906421981648815
5,0.03678652547491164
5,0.04411889597100578
5,0.03864470297540806
5,0.04810947096729047
5,0.05864995728683129
5,0.055781514099006044
5,0.045816761746583445
5,0.06695044100176735
5,0.05912356565968467
5,0.03073924046946509
5,0.043167017727347254
5,0.033069751132305744
5,0.03381172667483939
5,0.05913853354968972
5,0.04553929515575339
5,0.035004979234734564
5,0.060679910434374464
5,0.0763448122459219
5,0.039620275332766075
5,0.05055561428450843
5,0.0540782445196461
5,0.05241249471169347
5,0.05388608584289082
5,0.05238658850929999
5,0.03315660163510549
5,0.03942596555751692
5,0.0552510183596042
5,0.05607406913259849
5,0.0332442661126168
5,0.05471932390838654
5,0.05228307139032978
5,0.04244685446479792
5,0.04578773792432349
5,0.0383821608379795
5,0.04593007697720466
5,0.061434862199787485
5,0.05892218464281872
5,0.04437140940391783
5,0.04764166471798241
5,0.054074743397257964
5,0.032809536371334755
5,0.05213143441781191
5,0.035181215810644303
5,0.04440602639735935
5,0.03930964521810355
5,0.03527863874973639
5,0.06324738648014207
5,0.02770737781043362
5,0.035419994604138624
5,0.05048721058383876
5,0.05022515897120757
5,0.04987096439260115
5,0.046801031445464304
5,0.04597145490808564
5,0.06521627427618654
5,0.045093478949370984
5,0.053427940265067475
5,0.051545148161026885
5,0.05423841816407865
5,0.04654784107633262
5,0.04244424380921614
5,0.03863461533076035
5,0.05091395533191616
5,0.03710556954346766
5,0.06040928815064704
5,0.05651044096118718
5,0.04800335549930982
5,0.03406633549156274
5,0.05022265813065431
5,0.04081379594813074
5,0.04608443260914635
5,0.04724240913504539
5,0.04960479436477514
5,0.049416991693384225
5,0.041381769655587375
5,0.04824238005447658
5,0.04645759962126894
5,0.04260686882364258
5,0.04386410994727234
5,0.04963398359116211
5,0.05856641383257627
5,0.06446487623542804
5,0.030241526200850556
5,0.04499347101295902
5,0.04574730593963976
5,0.04918360315377115
5,0.03453117688824045
5,0.03680756337376287
5,0.059494818726810526
5,0.03697809837928486
5,0.050420323898328956
5,0.04230014918270926
5,0.06343218054540634
5,0.05057934639360088
5,0.04446773394877822
5,0.0352369001419454
5,0.06257861370408137
5,0.03885687067625174
5,0.05130670544144748
5,0.04067627613265189
5,0.04748646282552702
5,0.04123799406222585
5,0.0349799374555518
5,0.03249442531276896
5,0.046775275461339916
5,0.03417732962787641
5,0.05739826009264663
5,0.04720722296225048
5,0.04974386785324188
5,0.03300355735659438
5,0.044798993503795376
5,0.039547111170176896
5,0.04562791168283842
5,0.06041268861136734
5,0.044784281569264645
5,0.0389506319156195
5,0.035446333253057724
5,0.03937157968056958
5,0.03670426053268386
5,0.0518250179608445
5,0.01906008647851808
5,0.04941538432938701
5,0.04119384247240949
5,0.04820927336177208
5,0.03587783061309406
5,0.0400667409959221
5,0.06155550051787799
5,0.05499341955043942
5,0.045353205000824806
5,0.04429481436108831
5,0.03128455678690632
5,0.056596847985697266
5,0.05218883032850359
5,0.05399683118745926
5,0.049151295332709524
5,0.022441767176981143
5,0.041792964396516745
5,0.04662467317219229
5,0.043578011884550225
5,0.03655631398942928
5,0.052617623464589224
5,0.047242776894628455
5,0.047969990297765205
5,0.056702375995938824
5,0.04806607060023069
5,0.03979491557079936
5,0.05480501726932593
5,0.06306419280722449
5,0.05562390020021781
5,0.04441482121601607
5,0.058126315981064956
5,0.055501151942483395
5,0.05570842855140662
5,0.04482657515204434
5,0.04667447218740754
5,0.05557180569726422
5,0.04350500352716708
5,0.043465282765545066
5,0.03531704822674239
5,0.05675597845101911
5,0.048523359328897016
5,0.035897384682217676
5,0.060367941201686
5,0.06114382967449079
5,0.04113076764106109
5,0.05911405995372902
5,0.057773360849904
5,0.09228693321945054
5,0.09186752344621348
5,0.04237534338438699
5,0.03118224127324447
5,0.05983013367264615
5,0.051147709681967767
5,0.03569845268880343
5,0.038412144939851775
5,0.04496898283891852
5,0.04560209550493839
5,0.048935335852331965
5,0.04404990854307725
5,0.029705625309732826
5,0.0537012918933248
5,0.046344318517875946
5,0.04519989321070058
5,0.05281514670375367
5,0.055743094931826644
5,0.05516542605105568
5,0.05036318088355174
5,0.059861956720443366
5,0.048175984949536364
5,0.04360565444146184
5,0.06384687209636297
5,0.050208606195016416
5,0.05776388024438424
5,0.03546367265285414
5,0.05241827984837444
5,0.05795789111883879
5,0.05209297983206538
5,0.05203560134735395
5,0.044311851205999724
5,0.05471419509743014
5,0.052314216828936576
5,0.05048207097072953
5,0.04186280211618503
5,0.030946931805041867
5,0.045456435977729574
5,0.05941759156117723
5,0.06091000295432762
5,0.03504334659760547
5,0.04548564901550229
5,0.03456310835313612
5,0.05144937691544662
5,0.0246236883289244
5,0.04479876887307398
5,0.040741294161234023
5,0.05724458566486172
5,0.03273772934170191
5,0.048929968705886465
5,0.06580530609438975
5,0.06137345315585607
5,0.03811046362904242
5,0.051862322888850676
5,0.04524420083382132
5,0.058601927434076974
5,0.03702627163725693
5,0.04734299922503429
5,0.04475030198166765
5,0.05641723124743646
5,0.032850398923710875
5,0.05545842879295702
5,0.05665007648624436
5,0.03841446073387366
5,0.05384878517484264
5,0.05500791990352842
5,0.05109500725839955
5,0.03836420505307354
5,0.05477326969893973
5,0.040759322304857314
5,0.05504291208107128
5,0.05252311464467008
5,0.032565486218217546
5,0.04922934892721064
5,0.04779326374488003
5,0.05856411352386707
5,0.059376013490368786
5,0.04644913883096351
5,0.042086439487234305
5,0.04546127739341362
5,0.03177949083364249
5,0.0569334770727792
5,0.06612246573451971
5,0.04841233446865858
5,0.05071726875874753
5,0.02810207724778206
5,0.03769692429787304
5,0.03970812439247929
5,0.04531783096686729
5,0.043184642990623925
5,0.036899567191355745
5,0.05654958145017357
5,0.0490761416170894
5,0.05461479045109054
5,0.05313056306269252
5,0.052133554513984805
5,0.03729896421291591
5,0.061216282320720516
5,0.07354559139330137
5,0.052889825953981215
5,0.049786216082446065
5,0.06332086222466747
5,0.03747014653005461
5,0.04511459073732257
5,0.04428333693248147
5,0.05466948785125099
5,0.06065558444033361
5,0.046587542511922646
5,0.043777079804581634
5,0.0276713815639535
5,0.050493767495894605
5,0.06408762566130813
5,0.061341257117755954
5,0.06086227175163117
5,0.04980096797404502
5,0.054789287391029305
5,0.042925482392794305
5,0.04828553059245809
5,0.06029286420966227
5,0.05723751869238756
5,0.045446195593126924
5,0.032167894631903
5,0.04036427643835189
5,0.03913545762640498
5,0.04856624461313856
5,0.02792157841737017
5,0.034819508430551586
5,0.049849893470622034
5,0.04197596649788683
5,0.039971644637031775
5,0.05985951323942147
5,0.04490141565405451
5,0.05572424531023087
5,0.049590781534934826
5,0.04366881604646147
5,0.039125603314541776
5,0.037836313573251665
5,0.04402559788072249
5,0.040289301526852575
5,0.04891772099933961
5,0.04294243895718577
5,0.03347730489585606
5,0.04692596896242447
5,0.042024934396908485
5,0.02083409553794523
5,0.03441188990574737
5,0.03720560967720995
5,0.05248356018661725
5,0.04892668729901528
5,0.05584873585841479
5,0.04075041246160495
5,0.04720744127443806
5,0.046066355210560316
5,0.04881554122814065
5,0.06545170151122125
5,0.05443923922399685
5,0.0659212052851835
5,0.053290291382575794
5,0.08471417192919432
5,0.05453489916073988
5,0.05510038335244196
5,0.0609442208479541
5,0.03190352807165244
5,0.04319837846466769
5,0.04284796883734014
5,0.04572715063684935
5,0.03408839135140642
5,0.04263410703554593
5,0.03697655721063716
5,0.04182728558731129
5,0.039356317901454864
5,0.03260408646051585
5,0.04959371349365809
5,0.04085593838434871
5,0.042430099466290304
5,0.03680405858338899
5,0.04759160838005286
5,0.05352130577640442
5,0.051061612978623175
5,0.033080665099710124
5,0.04184559830752646
5,0.04566311962624087
5,0.04014503835114274
5,0.03774241287908028
5,0.041675535554916855
5,0.019542788710613324
5,0.044133406383815924
5,0.05935394985929909
5,0.046163818149497146
5,0.04895485021283415
5,0.0444670276864669
5,0.06338278565178994
5,0.04115117928689589
5,0.02869003116058678
5,0.049608331363084075
5,0.04055356176126987
5,0.04805316649422685
5,0.06548582097254775
5,0.041795545616338046
5,0.040254090052273206
5,0.03936462265511085
5,0.04446914466664832
5,0.05291819060248697
5,0.04898069759497276
5,0.03325141282216314
5,0.054000423084151705
5,0.03510432974496286
5,0.028140638674529633
5,0.036461674336274855
5,0.049206595254227416
5,0.03662527481660026
5,0.04977971527610938
5,0.0460197400832278
5,0.04608416709170783
5,0.055962180108896906
5,0.04483260751530747
5,0.048515200432220865
5,0.03755522148384017
5,0.036581637369857686
5,0.035740061583681045
5,0.05888509559585771
5,0.022463890689996314
5,0.03686452319329195
5,0.03040394062014526
5,0.04802776660730064
5,0.05286126331554982
5,0.035240695805271685
5,0.04842321076160959
5,0.05134803772482781
5,0.049027990898186005
5,0.043072549313389726
5,0.06121409749953577
5,0.03351387097764782
5,0.052168348470175686
5,0.037610413393762344
5,0.047809866684627327
5,0.06643653574095663
5,0.06811100472492057
5,0.04763104466525112
5,0.05301568094200213
5,0.04799951262487999
5,0.05050823467914924
5,0.055957854293650966
5,0.03108339373975134
5,0.04939176283744968
5,0.03878156315261798
5,0.05994059732241443
5,0.044402297654328175
5,0.028992368070515466
5,0.04711195583675254
5,0.024080281503117706
5,0.0538210490404344
5,0.058552139261191606
5,0.040304201737808784
5,0.05399964702973157
5,0.06212122563734783
5,0.057604772725586326
5,0.032398539606220626
5,0.041977603212648915
5,0.03057479068387579
5,0.04403689067468601
5,0.06955371545971431
5,0.051098723627185004
5,0.04788858896879218
5,0.060861058581624584
5,0.039304896152810354
5,0.03244067479709322
5,0.04166325380928119
5,0.05885505324576472
5,0.045551489383316005
5,0.048195400196824716
5,0.05272332449247733
5,0.04924082353254266
5,0.04915375101272462
5,0.04685083320089198
5,0.023025578535775103
5,0.06451628675783354
5,0.041875594429460525
5,0.04965517317901256
5,0.05494531194807285
5,0.05641910045743148
5,0.05152897439161158
5,0.052445892898097236
5,0.08692818486860568
5,0.05349935506823145
5,0.048974440596393595
5,0.03551211075100147
5,0.03977456855252498
5,0.04810715575793682
5,0.0635047421706528
5,0.05783439964511562
5,0.025393239081439107
5,0.051593131193766295
5,0.0446982939771195
5,0.04283203072384946
5,0.060693981563315534
5,0.062079111230262565
5,0.03862526902846837
5,0.036288173981834815
5,0.0284490546602305
5,0.031426173848038766
5,0.06101742834620032
5,0.05901849554813295
5,0.051752550239658655
5,0.03688882880296264
5,0.03230050518109373
5,0.03327832121968459
5,0.055025981392428105
5,0.04680483962389579
5,0.04176650857272283
5,0.05346577961955444
5,0.07586117753233042
5,0.046330910691328844
5,0.035917138322483735
5,0.05328326506275519
5,0.056185675628132904
5,0.04890782609969623
5,0.061430971625894615
5,0.04970999963270184
5,0.03593792265081445
5,0.042077312059178223
5,0.04128756951127559
5,0.023494545815393925
5,0.040378053827616715
5,0.05255540034554497
5,0.04406113775095457
5,0.043342173918821905
5,0.054440678545116264
5,0.03788428000540732
5,0.04235162505333266
5,0.04565168168957601
5,0.05613008124947132
5,0.0485427353247236
5,0.04664490554375698
5,0.04273117564454209
5,0.05241442525041793
5,0.03368768882234189
5,0.03311369538491872
5,0.045303497804461544
5,0.0493973796230052
5,0.03700748414144271
5,0.042525409799596035
5,0.03226451643414609
5,0.04602140616112429
5,0.0440983229846526
5,0.03899531975463906
5,0.029922734770901648
5,0.046785527513061614
5,0.042186689303388904
5,0.05144088320415421
5,0.03864958770891671
5,0.06886978105736427
5,0.06135242195569744
5,0.057745138585959685
5,0.042014852605248204
5,0.052769034218421405
5,0.04241658283952209
5,0.04118823780281851
5,0.05260105568642996
5,0.06809684208490763
5,0.04828891432460896
5,0.027351603433348297
5,0.04087461716753057
5,0.053701305279665046
5,0.04408581080615197
5,0.06066673584075681
5,0.04747160286238644
5,0.05395377109364088
5,0.042215649097195634
5,0.05455445823071359
5,0.049757684212573386
5,0.05779450993363104
5,0.04284401733911332
5,0.05527656951110527
5,0.05374172771948601
5,0.045647268543576695
5,0.05123723346951242
5,0.04917249131350777
5,0.06144741483426708
5,0.053914252420511455
5,0.03391423528647604
5,0.048966590680858846
5,0.053558721435288614
5,0.027361425363802882
5,0.05379785329983362
5,0.05570249404996912
5,0.047554789390597096
5,0.047298107838887486
5,0.046347499861458266
5,0.06364733761229462
5,0.05623753049854936
5,0.05667693984766312
5,0.057808962341134605
5,0.05318257328740343
5,0.0489167423006365
5,0.04028284764106878
5,0.04250953066253691
5,0.07878392018451483
5,0.04857201618983228
5,0.04598700706239697
5,0.048268484400310306
5,0.06295389518579285
5,0.04485750794351889
5,0.04442794668624607
5,0.058441605928515016
5,0.08239408030096793
5,0.05692969286378384
5,0.0514442904594278
5,0.06922929708615769
5,0.07360417987086931
5,0.04289254098082658
5,0.04660430313624127
5,0.047189136068767436
5,0.0482983146815801
5,0.043482295014520056
5,0.05197333557931897
5,0.0496572563015435
5,0.04244853825134738
5,0.04176428888248529
5,0.054702439044627335
5,0.0405864427656588
5,0.05271186696897205
5,0.03205767192883253
5,0.04690218930919989
5,0.057007399628695464
5,0.049719909779231075
5,0.051616815061899045
5,0.03887166891680309
5,0.03591038247930106
5,0.04911602268956082
5,0.02973317669374696
5,0.03631244510998957
5,0.04926157673367701
5,0.04256546108790402
5,0.05140061438666926
5,0.056281604003066234
5,0.04050454851513563
5,0.051396495315029364
5,0.028592607894172572
5,0.05128900759576294
5,0.038054807597514596
5,0.047984893503752325
5,0.06606789679711948
5,0.049537291485887786
5,0.03113059154964722
5,0.04533803465439666
5,0.039815364244991366
5,0.05529311290171052
5,0.0683901465594035
5,0.04815656737128506
5,0.05064945121963845
5,0.03741599713683466
5,0.04897706288010476
5,0.04665468944332318
5,0.04234582686312745
5,0.04307777689573959
5,0.0548331109377989
5,0.06419222879690731
5,0.05494782210263303
5,0.04227379632595599
5,0.05237692297810036
5,0.02663473977858616
5,0.07050231427806329
5,0.05148746632101471
5,0.059152606018952725
5,0.05597477523291318
5,0.03525287974453801
5,0.05400918923243721
5,0.04384334562307983
5,0.04386287033929752
5,0.04722853647171429
5,0.05932430552740346
5,0.044414503354583544
5,0.043464866021981546
5,0.05275661276652961
5,0.0574539649250428
5,0.05614422893152521
5,0.04442916021188091
5,0.03492383690660733
5,0.05959561194610789
5,0.04444800534875735
5,0.05298091746305087
5,0.04336540235895935
5,0.04131586208397384
5,0.051245539673328525
5,0.042314029205282454
5,0.04333075067185151
5,0.0462499442804559
5,0.052138868018273256
5,0.04693645537203139
5,0.04800046468540652
5,0.06075099551494758
5,0.0387003721034739
5,0.050996071156295744
5,0.05044210009661958
5,0.05719949518004843
5,0.04434371078711764
5,0.05670029741000286
5,0.06949830807643669
5,0.06302228734403446
5,0.04112401242280299
5,0.03858041934591083
5,0.022855504378888274
5,0.060764287298387606
5,0.053510901344427465
5,0.04475806923317458
5,0.06098439503590862
5,0.042036128265693015
5,0.03740916846193261
5,0.050459741020439264
5,0.044322740046489915
5,0.04437645542438345
5,0.06505745967855572
5,0.049439283874686456
5,0.042567350026846654
5,0.04488593237264825
5,0.04929003141155976
5,0.05481552369246575
5,0.05147541365267956
5,0.05830389544151802
5,0.040342573941214724
5,0.03391575701869677
5,0.059445797326335814
5,0.04910530898259741
5,0.0706073021519524
5,0.03496263692237255
5,0.053393493787732095
5,0.05321294203732392
5,0.05250388112856993
5,0.05129141611265577
5,0.054980198122553836
5,0.026874019615331323
5,0.024550081758875603
5,0.052405745280366386
5,0.05803532422485125
5,0.06343014119790144
5,0.051280303960376326
5,0.0545801695136033
5,0.06797669762010322
5,0.06322777330647114
5,0.03911984541948237
5,0.03761236501473451
5,0.04515540530524868
5,0.04627485135545719
5,0.05433036894186113
5,0.04858981680983856
5,0.033362124085399666
5,0.046140901166289806
5,0.052163994925859825
5,0.03699271185896299
5,0.05866410746475629
5,0.030699247501380044
5,0.043328265455676154
5,0.05884284828874897
5,0.04873617506511378
5,0.048616235150735064
5,0.04903406527023753
5,0.042519340330458746
5,0.032210573061650406
5,0.053129730969092494
5,0.06605403071672084
5,0.049912338704587396
5,0.041215886594202625
5,0.0411990822342587
5,0.04617440393404243
5,0.04394219357108893
5,0.05478724676185222
5,0.03906976722369931
5,0.04894248752850139
5,0.041691591779339676
5,0.0543016207393666
5,0.023556975803635027
5,0.07848349035466262
5,0.03797222593582313
5,0.041511831891151915
5,0.05082917879192399
5,0.057645803419226316
5,0.04100378658597782
5,0.052865919118184515
5,0.06401872831818886
5,0.05443011815021574
5,0.048352067500639986
5,0.055332032522804095
5,0.04232312338239484
5,0.03422560474766774
5,0.0647315988180425
5,0.04014076308512785
5,0.04869552310130334
5,0.058346011115736465
5,0.04896219648466256
5,0.06408533410201463
5,0.05544137807583416
5,0.05760053694610421
5,0.03928651146028452
5,0.04095196304871896
5,0.055825256821899906
5,0.034468340410912506
5,0.04395953715161629
5,0.06659464071860272
5,0.04763383236331217
5,0.055936887994194676
5,0.03415559940501817
5,0.057545033687448656
5,0.060554743923218045
5,0.04862203020413859
5,0.06278610400356913
5,0.05013047668120428
5,0.06092855879553014
5,0.05913879879785169
5,0.03902805526017478
5,0.03973752474973294
5,0.048947525431170966
5,0.076713217466505
5,0.09678967056607006
5,0.025121327824208856
5,0.06503447267935977
5,0.0532905293746324
5,0.05577105884840942
5,0.038030302272234175
5,0.06010419478058153
5,0.04485150950748454
5,0.04533593543094082
5,0.05865423496413674
5,0.03941078291900225
5,0.038556554292555334
5,0.04994566867255203
5,0.02215046996369131
5,0.0411850736305302
5,0.051320993135563465
5,0.03612710593810212
5,0.05526126684904289
5,0.04995648883958496
5,0.03619635664968057
5,0.04744968233380678
5,0.056113319791873596
5,0.04906276592433302
5,0.0540054654860324
5,0.06960303782565497
5,0.04949044386845832
5,0.051577837112568005
5,0.04487788160094458
5,0.05624131552783318
5,0.03629605601956003
5,0.06285144333823169
5,0.051783089773539626
5,0.044652021475410274
5,0.06012511155307097
5,0.03849316309196848
5,0.05329596870498399
5,0.02913494217928504
5,0.05426828400071056
5,0.0362343709895689
5,0.05193625191638694
5,0.03514027830068871
5,0.05326205840455833
5,0.0637417608159695
5,0.05700050830538102
5,0.05239520995439599
5,0.0584748213767057
5,0.06373841623647306
5,0.05745628004108864
5,0.05309801045349007
5,0.05017289241802059
5,0.05765183724013184
5,0.05387936969635258
5,0.055781709568119675
5,0.052362344444793193
5,0.0502116467483865
5,0.046234218429803006
5,0.04188879260960597
5,0.03428873808796384
5,0.024113734336389588
5,0.049450382822395764
5,0.0540364409532317
5,0.06324247722275259
5,0.05119454481263315
5,0.052840623153268186
5,0.047231271665189374
5,0.05207999947606825
5,0.05882448168164524
5,0.045698773965780946
5,0.041083199599635294
5,0.0625006890247318
5,0.06961986416331634
5,0.049855198449569774
5,0.04768823101602452
5,0.044139804141296424
5,0.04683952997252892
5,0.06267499144606381
5,0.04747423260253399
5,0.040422202933445006
5,0.03746118438384536
5,0.04742821535199684
5,0.052889908784168826
5,0.048713529493210714
5,0.02424677471368967
5,0.05346520545543637
5,0.03812786773296669
5,0.05481369412935433
5,0.04574234922887629
5,0.04408799377131692
5,0.04629606322391212
5,0.046588573578586284
5,0.0548565957845478
5,0.057271122729268806
5,0.0615077391140992
5,0.051411564797091656
5,0.048739358605965837
5,0.060028721291743324
5,0.03449562223805476
5,0.05053692685062709
5,0.05179371124968548
5,0.05711121795768379
5,0.056232602509899324
5,0.04846255979182696
5,0.04794399300566064
5,0.0504838558278338
5,0.06132500339058113
5,0.042128554373282154
5,0.06335290370065796
5,0.05120538013460703
5,0.056101175406418825
5,0.0454046881982964
5,0.04696420978163001
5,0.04845563111269617
5,0.034831965416670364
5,0.0425387101783304
5,0.06118983794520198
5,0.04283791591769909
5,0.04870556524439622
5,0.05460179003256298
5,0.043732953689361045
5,0.050533487583090696
5,0.08135971880675355
5,0.04823611805175604
5,0.054691498007634974
5,0.050950023941554526
5,0.04834397897398104
5,0.044959385390590266
5,0.03815579175676869
5,0.047995281661531886
5,0.052840399221841874
5,0.06577255011818824
5,0.03227132112552228
5,0.0526624864156496
5,0.05430534369022244
5,0.04243093544770979
5,0.06939927306058503
5,0.03576891639864938
5,0.05871180738388717
5,0.034612142782135834
5,0.0419028828307879
5,0.05844174911864136
5,0.054722200641541006
5,0.038955891686327786
5,0.032587605084989535
5,0.050733827849478254
5,0.04910732390065646
5,0.05543883813870998
5,0.05764925042999116
5,0.04941807957681075
5,0.048166134677089946
5,0.051275239980331254
5,0.03914981598076629
5,0.05013724035095004
5,0.05186631953899477
5,0.05062475986934819
5,0.05553071518546156
5,0.050219426268133215
5,0.04555680584643926
5,0.04482410074907898
5,0.05740693200045858
5,0.04906064685169087
5,0.061766904972654316
5,0.06101500752854856
5,0.04441919387442611
5,0.03834781204984224
5,0.04391531121171051
5,0.054537507930163355
5,0.05444320264974837
5,0.04171877360490867
5,0.04481049178330868
5,0.06742285289254782
5,0.05656396536059884
5,0.025173514708189758
5,0.04982519081098489
5,0.047501834389529506
5,0.05554362334592962
5,0.0502724939077405
5,0.05451618911685108
5,0.04409373343426481
5,0.05123597807752054
5,0.03766500000366597
5,0.037536359328855365
5,0.027817210294318363
5,0.053210481856396805
5,0.05534666342919372
5,0.05541155151437599
5,0.042255782377944404
5,0.058861753959608056
5,0.04336638810350512
5,0.05620603612423344
5,0.04224576507575586
5,0.06452743446738315
5,0.05010941053346092
5,0.04418506449087093
5,0.04304071195261609
5,0.06189094767589896
5,0.0464069597183122
5,0.0428087121324318
5,0.048444842848187494
5,0.03890328631550921
5,0.041359418079321184
5,0.04785331181044899
5,0.04763799621393692
5,0.031204672920948917
5,0.05228581142076684
5,0.047553928983424955
5,0.06248043548610133
5,0.040484575058675094
5,0.0342182389124349
5,0.04945156652331174
5,0.04576343143082608
5,0.04351019551205406
5,0.050446754111846605
5,0.059114970538101386
5,0.04147990892036595
5,0.04274691514371286
5,0.05791732639250914
5,0.050161516808855625
5,0.05863525719820686
5,0.06328400885658572
5,0.03424101145925925
5,0.05161329025503604
5,0.04237706244199403
5,0.04553943575604753
5,0.05812971865543781
5,0.03741524383260306
5,0.029237794086414932
5,0.030175153823204837
5,0.05903067268501918
5,0.03483144237767288
5,0.04056638966466221
5,0.059999985162265825
5,0.04944984672276253
5,0.05721796777617892
5,0.04163739948392674
5,0.043670263006753536
5,0.02371430454865156
5,0.0457724036238452
5,0.060690062626676214
5,0.05231346600056497
5,0.0308432778562824
5,0.03940276338725422
5,0.0427731948439542
5,0.055854725479076175
5,0.04564595611388052
5,0.05800270342844577
5,0.048319531506124225
5,0.05587401284172196
5,0.04598479076835981
5,0.057018793466575346
5,0.053344619138877204
5,0.06426272967858795
5,0.05209338857915942
5,0.06585598873152423
5,0.04663967807681415
5,0.037319850923556476
5,0.038955617101496504
5,0.03934634653723952
5,0.054921123648468836
5,0.06564201334704087
5,0.04505512590623368
5,0.04873893357538896
5,0.0640215855950625
5,0.04230025969522101
5,0.05104845724300365
5,0.04595242555237568
5,0.05466744211775253
5,0.048331280387959294
5,0.03626260816249264
5,0.051657212112489345
5,0.035594106067984535
5,0.03621046712733663
5,0.04898784060161167
5,0.06210945956318008
5,0.03644477440214945
5,0.05090738971602667
5,0.039886747191656725
5,0.04286123303063183
5,0.054179383621553015
5,0.03667864517735495
5,0.057519145751221176
5,0.06266172189451286
5,0.04694155785809162
5,0.06162461317263458
5,0.031622727841655054
5,0.04510485830525609
5,0.031498870996815524
5,0.061002378494537324
5,0.06154912540216887
5,0.06072675253929033
5,0.05016353909190778
5,0.05230434880395263
5,0.042088687211820665
5,0.039379244810360696
5,0.03629882940255948
5,0.04513630027794063
5,0.040884940855484414
5,0.06450324312279246
5,0.046393781398009246
5,0.03667654120124586
5,0.05399137901195998
5,0.04574737626397934
5,0.05544997943058516
5,0.06503985471112976
5,0.046099439495003926
5,0.05955749722214991
5,0.051494985181232945
5,0.06070129318052926
5,0.04103667693921542
5,0.052266371564479795
5,0.06977027009896197
5,0.039404089659146976
5,0.06374035437884494
5,0.05386703748783077
5,0.0411357725460373
5,0.040823589755091205
5,0.07041260971103014
5,0.05798409414125318
5,0.03854938434449313
5,0.049270556062416995
5,0.04969201963224188
5,0.036796580529811045
5,0.05724918183035523
5,0.039421714712899916
5,0.03100266311726586
5,0.06571845586901251
5,0.04610620898400687
5,0.04189431934353474
5,0.040028450532862005
5,0.05308352860745045
5,0.060678234074272516
5,0.041446236099819046
5,0.04701268270593644
5,0.04658652215014434
5,0.02547277163227496
5,0.06910337009120271
5,0.047141502921879005
5,0.0826724594112559
5,0.05235748520799551
5,0.05743764105895153
5,0.05580671656046794
5,0.06355354156733876
5,0.05952398545766374
5,0.04596680193164844
5,0.05221502906869616
5,0.052896196709754706
5,0.05467230503996269
5,0.05450534113184469
5,0.047191898926042204
5,0.048381026188617934
5,0.04911363466991563
5,0.04024006067551778
5,0.06202560252572955
5,0.04294429083944653
5,0.07416698178715045
5,0.05173460731655577
5,0.043671052092882835
5,0.05529980012995728
5,0.05208000961587271
5,0.05581808885420921
5,0.049817519252330175
5,0.05264529299787579
5,0.06360136284615472
5,0.054802437732987944
5,0.05520891174609686
5,0.04911202448180288
5,0.06102425988255923
5,0.044601194307164874
5,0.045256664641094096
5,0.04098074617652967
5,0.04344015063550839
5,0.030191081467542485
5,0.05812290525142039
5,0.045538796141768256
5,0.04610859455227175
5,0.05595585696430412
5,0.051750071821963985
5,0.06426337372504609
5,0.046562274750164355
5,0.059391226196156555
5,0.06570881139574952
5,0.06488223784839067
5,0.060193022787797146
5,0.0507208883560489
5,0.05263893517721051
5,0.03693471575885542
5,0.04389159064284624
5,0.06381040968307472
5,0.04612257513550576
5,0.053239565336205885
5,0.06792374517322641
5,0.03521979777053288
5,0.04679120485847277
5,0.048780476430790545
5,0.03408358976569095
5,0.050859016981162616
5,0.04847967170125538
5,0.06620150056505673
5,0.04403942019439323
5,0.04967982200481698
5,0.05650119853327017
5,0.045175055972718224
5,0.03444284671836877
5,0.051125727033845145
5,0.04774189589864018
5,0.06301113344313869
5,0.06213745054466681
5,0.04072402614727713
5,0.03147666757484462
5,0.05635009113864955
5,0.0672978432330341
5,0.0483184019929097
5,0.03200802476975218
5,0.05166018229327749
5,0.04897066790779839
5,0.03247047589293614
5,0.04618983072131892
5,0.05432171323024728
5,0.01662188748967395
5,0.05000386601785749
5,0.0690773421198347
5,0.08118505382224628
5,0.06747892606400871
5,0.052251200493767205
5,0.060708123584389775
5,0.04345312308418515
5,0.04912182721013851
5,0.053805990705567706
5,0.04340461577102936
5,0.06369335846932973
5,0.06639941385180097
5,0.06945679650819607
5,0.0506269503489815
5,0.03596303366215031
5,0.06492754349235755
5,0.046578578084407615
5,0.042272623620639105
5,0.028837738517050245
5,0.038750335047536506
5,0.043817864019588565
5,0.029089527594229364
5,0.034696615056678884
5,0.05951384450426944
5,0.051557684853972455
5,0.058411551710966084
5,0.040679645995403524
5,0.05769532245961093
5,0.049069431345561
5,0.035382302456530304
5,0.059555850293668625
5,0.03708618754714863
5,0.05622223173096128
5,0.0409749224023914
5,0.048294303448663214
5,0.05621830565886423
5,0.05243367352739044
5,0.08467095620492546
5,0.05955512771892735
5,0.057256251437936154
5,0.0452088058326366
5,0.04962727597722333
5,0.05867667959622728
5,0.05362573738877818
5,0.06784595098192482
5,0.038538956510710945
5,0.05233438901757883
5,0.05151224585927407
5,0.042485790567798234
5,0.041650854206527796
5,0.04498706474384746
5,0.05351169358230869
5,0.0436159043307481
5,0.04149591329215698
5,0.05045244263113676
5,0.06282319382015694
5,0.04074031628344003
5,0.0369006196023377
5,0.04851816818427418
5,0.040203120475623494
5,0.05080235421795424
5,0.05443176115915756
5,0.049997408037594185
5,0.048434190462675566
5,0.038731566920574424
5,0.06177645815648268
5,0.036623365041260666
5,0.06853608314692362
5,0.04964359300788503
5,0.03726221691194314
5,0.04954950749359878
5,0.06411270248510761
5,0.061467916927722466
5,0.05433393697525592
5,0.052109593585214956
5,0.050362619370673635
5,0.043259500615780065
5,0.05446147048098622
5,0.04367798502591947
5,0.05907562665113135
5,0.05478218849379048
5,0.03552355460474693
5,0.04965050029988102
5,0.05232203028954756
5,0.053346860318308764
5,0.0420520468239352
5,0.05434335242095099
5,0.05026927691034365
5,0.05718746574428074
5,0.049434489410824546
5,0.051923709980857956
5,0.05327667535984705
5,0.05802581899681484
5,0.05359644858363942
5,0.04445270228310384
5,0.050853415206941
5,0.03644723061565819
5,0.05563752184134925
5,0.03684376460552082
5,0.05633694785641343
5,0.048882196353420906
5,0.05503465112900703
5,0.048582780413036514
5,0.06240379302751966
5,0.05984512499210411
5,0.04098559166958825
5,0.05634131197787014
5,0.03927907468858384
5,0.04768071779545883
5,0.04183775974678999
5,0.048111166097478356
5,0.05347171056881095
5,0.04128091976984146
5,0.05524774062035258
5,0.049635771018090614
5,0.06633124433060673
5,0.0547266734598159
5,0.07565057528953043
5,0.05728327143091081
5,0.047963033042915035
5,0.047997790886771134
5,0.053602549979926285
5,0.045581349403567485
5,0.0472281303888392
5,0.042256189525142186
5,0.04615949556857714
5,0.07020946657262765
5,0.03825826871462863
5,0.05898715785808837
5,0.034616443875131145
5,0.025326604607628922
5,0.024601520370326393
5,0.062118998162297455
5,0.051854968868022
5,0.057630511118066
5,0.047501581615934284
5,0.09670511817034978
5,0.061135673552012215
5,0.04044044145386703
5,0.046353971635791746
5,0.03230879320252106
5,0.04502718034208458
5,0.06387700785275634
5,0.05333297941397114
5,0.05451068236512818
5,0.05731095994694959
5,0.052914584021092906
5,0.04207007703699755
5,0.0536431083172159
5,0.06265984228040133
5,0.05968638128702301
5,0.04930977832181428
5,0.05053184979592719
5,0.04090178057946823
5,0.045571159127308164
5,0.047233629860151415
5,0.054489876339513674
5,0.06464456766829618
5,0.05276161689751404
5,0.054013394923955106
5,0.053112396941393816
5,0.05643944899469542
5,0.04485127776545791
5,0.04700374664045822
5,0.033787336756181674
5,0.050226237388835006
5,0.0521826088899429
5,0.06475790407284122
5,0.058998690118534605
5,0.04887898628818628
5,0.05275129104513062
5,0.05013817791913905
5,0.05155460782066856
5,0.05022425042526807
5,0.05762625865453823
5,0.048768339030509325
5,0.04284362349573547
5,0.06239904950743462
5,0.0470325861007708
5,0.05859637167922532
5,0.045083714391694195
5,0.03773356827235332
5,0.04888363259318481
5,0.04958322844079817
5,0.06256776351199501
5,0.02790166802017082
5,0.05526238228230364
5,0.05881961634846271
5,0.04136343679439054
5,0.03505114650580243
5,0.04323416850821489
5,0.05842121432587213
5,0.04872428985027015
5,0.0557286660258676
5,0.038038580088132885
5,0.04623735663344537
5,0.048189875102241195
5,0.04680039959034921
5,0.05007057485082276
5,0.05249070386001721
5,0.05275531189771819
5,0.05571518898672405
5,0.04655708219180542
5,0.04597064403044176
5,0.0502692860444464
5,0.07663888892481992
5,0.051030694069420804
5,0.04084824807202004
5,0.03764121055072444
5,0.05987470210251129
5,0.057115693390398015
5,0.04028775076472667
5,0.04740138860225078
5,0.0436952360557626
5,0.048244815429633034
5,0.05705801479448103
5,0.052555992337454935
5,0.04837020701654474
5,0.04384054887806567
5,0.041552724239167185
5,0.04902781618143481
5,0.08494638540830944
5,0.05726772306958554
5,0.047839142078793286
5,0.057879720228309964
5,0.0465884698639754
5,0.042148480657257396
5,0.05603327973508556
5,0.04952662760128469
5,0.05565541003765673
5,0.03909715244732994
5,0.06919777716371037
5,0.0441800060644464
5,0.0522665524655568
5,0.06518562089743798
5,0.05296270359775572
5,0.06027010117108258
5,0.0579804145783846
5,0.04085084036895613
5,0.04553958463602355
5,0.0446119874491452
5,0.07628413763382871
5,0.04214076762480553
5,0.04801191998341968
5,0.04888091627537914
5,0.06040275858415113
5,0.039446958741064214
5,0.048450599639709026
5,0.04623376227454841
5,0.05726712057481992
5,0.06301834387122685
5,0.04194485201167727
5,0.04472332461463048
5,0.04256919228807858
5,0.05242764794105039
5,0.03706229043726703
5,0.06269668577436813
5,0.07011427955035343
5,0.055557134497799754
5,0.04035428294691955
5,0.0536259109061199
5,0.06447958311441437
5,0.03512006526613108
5,0.04886698333570164
5,0.04877310027879595
5,0.058079066665608595
5,0.06128740783382134
5,0.04166247945495205
5,0.038350433912417325
5,0.033164278840534314
5,0.05538542796599176
5,0.04386101573591489
5,0.04925773468445801
5,0.05333418864123278
5,0.03690426505439422
5,0.05806491179114517
5,0.04427842478520181
5,0.04571991962452952
5,0.0646662467253209
5,0.04201395493261288
5,0.07654076282176865
5,0.04943643064803869
5,0.05362944584808009
5,0.06147599334735569
5,0.03021461634805591
5,0.05216465815842051
5,0.05532048937421361
5,0.04079828728715788
5,0.05400281308098338
5,0.05906170059604421
5,0.06691868855319319
5,0.06334009999051603
5,0.05201566309067389
5,0.038852559694399914
5,0.05077557298854748
5,0.04772560849208536
5,0.03212295521592555
5,0.06391237566234105
5,0.04671192491609576
5,0.057285762725815516
5,0.052088723560891004
5,0.042958508377312535
5,0.043264259216499366
5,0.04487228274448314
5,0.05183759455023736
5,0.07584450794391236
5,0.06369632695993241
5,0.06056176021101815
5,0.04572476124189277
5,0.056877514257804726
5,0.05608758506104235
5,0.091256471867125
5,0.04485626877001798
5,0.04672555726217183
5,0.04795721182181732
5,0.03733919482454543
5,0.046949961006145166
5,0.04291251110464196
5,0.06733582767589849
5,0.03153559642901359
5,0.04943684442539537
5,0.04197875465507564
5,0.04207547086876849
5,0.03526923652877374
5,0.05279242963664706
5,0.05673111682036332
5,0.05022252953378609
5,0.04171388495931534
5,0.03925580950934192
5,0.049547606489379475
5,0.0634343325867772
5,0.04532000457654271
5,0.05515069604942975
5,0.08028991084822316
5,0.05427933228884617
5,0.04494014888914537
5,0.03976096044258838
5,0.050327601010311085
5,0.07228272904540779
5,0.050461694530653654
5,0.05225038768024
5,0.0649283158199175
5,0.051642342904218395
5,0.061584945943510515
5,0.07449161235340011
5,0.05368841084245111
5,0.04242346151348272
5,0.058582122258818405
5,0.05038479480638902
5,0.04291518544174052
5,0.04622047955853846
5,0.04709852898930192
5,0.06101375001771818
5,0.049350440334917776
5,0.03934588549856986
5,0.039172295041724856
5,0.0531316424659149
5,0.04961995322172188
5,0.05493392836015711
5,0.051604421415123405
5,0.03798848182811064
5,0.05714436785279572
5,0.05109231673024204
5,0.05606109899448743
5,0.07361717229360168
5,0.047384806615473875
5,0.03804825150977967
5,0.055074509265609216
5,0.059709829951015
5,0.03252965031757724
5,0.059021442297976345
5,0.0539398844738815
5,0.061786758093040996
5,0.04984652353212621
5,0.04847958820735009
5,0.05055564337685599
5,0.05429839004746402
5,0.057137271819786284
5,0.054176649859418294
5,0.038304931553610894
5,0.05094807986952721
5,0.06021129819500716
5,0.06027242306855916
5,0.07211837163211703
5,0.044214333957341284
5,0.05373681193066483
5,0.059597958252003314
5,0.05155825779610755
5,0.049870245981931
5,0.058489691954251424
5,0.041500744321545824
5,0.06268575043891708
5,0.06437104255692284
5,0.05658450828473609
5,0.04352305019165426
5,0.04537545085371968
5,0.049969913908440466
5,0.04037437747456226
5,0.06173628254373283
5,0.05333047858879027
5,0.051012390100331984
5,0.04072588990124991
5,0.055664036619306544
5,0.023703110627485473
5,0.04915212172657838
5,0.03812490403903689
5,0.053182098614340104
5,0.03599756018082065
5,0.05657467609369312
5,0.04028275199472149
5,0.06439271131880293
5,0.057255192706113255
5,0.07430892341199306
5,0.03332919092823049
5,0.03993723892228703
5,0.05183003936274803
5,0.061823771283589145
5,0.05167643942176492
5,0.04299578099809779
5,0.040991189421879445
5,0.05483907858165778
5,0.04700377332216522
5,0.05168471096019826
5,0.04586530959669118
5,0.05418994711497138
5,0.05434419986786648
5,0.049417808700637215
5,0.05228617645689276
5,0.047960885994795865
5,0.056258366477422106
5,0.058891185507111435
5,0.06741129195063375
5,0.07529426834524895
5,0.04814497577283612
5,0.05269471325083732
5,0.050259121713975966
5,0.04527032529605195
5,0.04450609304233313
5,0.0648134820270476
5,0.05867461924745933
5,0.04841002569942957
5,0.06210400538170854
5,0.06493567949922933
5,0.052311093566372834
5,0.03202787208961195
5,0.041585419598441996
5,0.056539917987616185
5,0.04618606472766606
5,0.057307556589704135
5,0.05761712024657045
5,0.05991660478726034
5,0.05761622668191939
5,0.04923024644989812
5,0.049406278579214015
5,0.04578015802907868
5,0.0561387758526677
5,0.07456195571389991
5,0.0669230602625601
5,0.06476543902069674
5,0.06337061442283057
5,0.024685458800005465
5,0.056123653789200124
5,0.031769585048236834
5,0.04901629612146714
5,0.05302303226705661
5,0.05357015979445855
5,0.0581856201414264
5,0.05074491649371908
5,0.07380783858080822
5,0.050005099641923234
5,0.06706909160873066
5,0.05816736503579665
5,0.060155352267970155
5,0.0244649552735704
5,0.03920922831231012
5,0.06134800674081346
5,0.053371939736618024
5,0.050297334539188054
5,0.054589203698431996
5,0.05162971744651189
5,0.05630349919382498
5,0.04527493900866236
5,0.057682107428206085
5,0.04339577587811595
5,0.057753939964681714
5,0.05888795313463675
5,0.04775198681107386
5,0.037460442456514906
5,0.05309113525745244
5,0.03517324806442028
5,0.032216442250538754
5,0.051620885429719786
5,0.04294933191400443
5,0.0312571497522809
5,0.03422788311071582
5,0.04153586513952431
5,0.03927282590134036
5,0.05684238447463872
5,0.05816485628190591
5,0.040045857744766655
5,0.049035235853674274
5,0.07041788358870293
5,0.056016667792572306
5,0.037774376359443335
5,0.04806258371784082
5,0.046202376222292375
5,0.06949294557880906
5,0.06403110065633585
5,0.037273230918179766
5,0.054486536666095584
5,0.04720665603371853
5,0.040213985820897344
5,0.0660015484201951
5,0.038558896880945735
5,0.07209831337835808
5,0.051686199707893676
5,0.060037429798447464
5,0.04792718159819984
5,0.05359691370412073
5,0.046247625927197125
5,0.07369516438505412
5,0.060119655193358844
5,0.042960132098603054
5,0.0408201359619475
5,0.06299044133207272
5,0.05285642281866322
5,0.04291531477953991
5,0.04435093135733161
5,0.04109946587663301
5,0.057991676666556045
5,0.04996951645056021
5,0.06953766849890268
5,0.06035671911710381
5,0.07396950595065073
5,0.03777457744977576
5,0.06022830994323351
5,0.0641042024802714
5,0.049799732182251304
5,0.03585838008203533
5,0.05918382581734684
5,0.052881227547210585
5,0.059212106280600516
5,0.05399388557358655
5,0.060038455252506284
5,0.04894737805923569
5,0.07226484330259202
5,0.042216869396795365
5,0.04104581169561125
5,0.05408687418910203
5,0.04959574028239624
5,0.04466759938665155
5,0.06713883186990985
5,0.055190653670578
5,0.04915908138012577
5,0.05574976810120604
5,0.05167372834981908
5,0.055148926071001414
5,0.05725148951924802
5,0.05500415922431871
5,0.06473066195246938
5,0.05547280674756803
5,0.04850114220365549
5,0.06173018506602455
5,0.05512523817297295
5,0.07286093197819206
5,0.049790923250412955
5,0.04140753902971856
5,0.05064836650269385
5,0.0708740446412042
5,0.07249121741150104
5,0.0577656122507058
5,0.04777709396090218
5,0.061548768761868634
5,0.045310731391237036
5,0.04938267570331688
5,0.06408392029500468
5,0.042774202640450315
5,0.047151973904545855
5,0.06153433144346837
5,0.058841753628144346
5,0.04985733268061047
5,0.05340952461142473
5,0.06125072969205838
5,0.03095881057612506
5,0.03773448230544857
5,0.03208894652686183
5,0.0633441457709527
5,0.05071691904054776
5,0.05191113070818737
5,0.040981686945629696
5,0.03960728624674904
5,0.064427442424944
5,0.04449937975462953
5,0.05193425436299631
5,0.04239741422712405
5,0.04677609551364037
5,0.05355801088894775
5,0.05203317856011058
5,0.052304634661927585
5,0.0604200979887773
5,0.043101519134864055
5,0.06414806618800215
5,0.05737486668876207
5,0.06081575802458925
5,0.05216954512728569
5,0.04966796672930448
5,0.03235273002190555
5,0.04572225954211594
5,0.04670210362948033
5,0.0502594830906685
5,0.05385398208371069
5,0.04619550541579385
5,0.06398400335714849
5,0.0510755257241015
5,0.06821955257293263
5,0.02676508087133143
5,0.05419434109046363
5,0.04658761585174499
5,0.054623466823619383
5,0.04947593274411828
5,0.03922314728753401
5,0.05588362504052302
5,0.050976993817395885
5,0.07663923325605031
5,0.0553233246379793
5,0.05115104607795218
5,0.0560888828735151
5,0.05480674219276612
5,0.05364980290397085
5,0.06540697984186986
5,0.04346685890873712
5,0.0346123046930089
5,0.06262102618246985
5,0.05088495315627689
5,0.059664960575358805
5,0.054371393938944634
5,0.04217764538144565
5,0.02874285035258985
5,0.056690478444304394
5,0.04469470922763309
5,0.057257038830259566
5,0.05039572225254989
5,0.050630915530346245
5,0.05351634763934841
5,0.05299620978422883
5,0.0509020182787104
5,0.05935845466062932
5,0.04731931546897802
5,0.049655441981395966
5,0.062351701161243424
5,0.06810396247677933
5,0.06336207201131114
5,0.04964227374439709
5,0.05383041640866203
5,0.07291957397598699
5,0.06632916872625072
5,0.07771939457056391
5,0.05685949387965396
5,0.06751180351810379
5,0.040038040494287934
5,0.04892545156623881
5,0.06465913115985886
5,0.06663721829538378
5,0.04155636365712578
5,0.0643132774525191
5,0.08631247030168859
5,0.05020615547146562
5,0.06825344663993047
5,0.05010841948557556
5,0.051052828730164944
5,0.03791638046845018
5,0.055543343770721475
5,0.029541198523685742
5,0.06513422396891336
5,0.07255839672873168
5,0.06804924578073791
5,0.06593644243720195
5,0.04752159262121266
5,0.055132346236277996
5,0.06605907884669496
5,0.050021883249516494
5,0.04898181919350171
5,0.058101889682338904
5,0.0584135168202101
5,0.057171920460692215
5,0.06585067597506013
5,0.04722534300941128
5,0.050007563888870024
5,0.04598065459189728
5,0.050472369590826946
5,0.048813903392380543
5,0.03948976474788725
5,0.03489563064397172
5,0.04484348040280975
5,0.03974924635280822
5,0.04694046400203499
5,0.038675182730654525
5,0.06726271901840628
5,0.05433481361239465
5,0.04900617821430682
5,0.04539333903355858
5,0.05830000719982249
5,0.05723495066638427
5,0.047694608070665896
5,0.05655374709240738
5,0.06626009246178571
5,0.05704080769960181
5,0.03627977429368251
5,0.05908123426338778
5,0.07399855670188744
5,0.04972167169705227
5,0.053891906902273225
5,0.044114466253062035
5,0.04629248824882849
5,0.02799315212828385
5,0.060626498051936276
5,0.0408460468375128
5,0.04477005980946154
5,0.04612162152593614
5,0.06164488323893327
5,0.05611399773166019
5,0.06904775028477401
5,0.03870974059143771
5,0.05160902451316536
5,0.038796658421577854
5,0.05626925991817018
5,0.04765846046958186
5,0.05903530918482593
5,0.056539005932134935
5,0.05460971474436359
5,0.042100715902848654
5,0.04954950048936382
5,0.04576239945028145
5,0.053720194790839226
5,0.08122908309123453
5,0.06522706413761999
5,0.05768612032297431
5,0.04665332579267764
5,0.0640011988226153
5,0.054379260495767114
5,0.058785835606239324
5,0.04033985256250777
5,0.0508848255972939
5,0.050634593175086076
5,0.045540938072945195
5,0.05344309364051464
5,0.03940010741254154
5,0.0672400854208539
5,0.0774794121877195
5,0.047641845021832045
5,0.05139864625128453
5,0.05408122867452007
5,0.07443331943828693
5,0.06446207734535067
5,0.05307470645678629
5,0.05775799146696301
5,0.056922871115857934
5,0.05599500218175071
5,0.05063995150281667
5,0.039698020835678194
5,0.06652325987521546
5,0.05757863574360232
5,0.06247658426633336
5,0.05208704321206346
5,0.046568157414111286
5,0.04343386446703129
5,0.050638347667711636
5,0.04944529043866685
5,0.06030259417810051
5,0.035666777879924214
5,0.06006605806367902
5,0.04370205420934379
5,0.02926014524397978
5,0.05077442725424556
5,0.054367054588855254
5,0.06177444908113727
5,0.046536326070957534
5,0.06359933153762351
5,0.05424440086497604
5,0.04024302484969772
5,0.05304418196289749
5,0.04778724161338005
5,0.019969143502242333
5,0.06190272974745956
5,0.05061705795582185
5,0.06212247021358377
5,0.05397736164697929
5,0.052313228107263465
5,0.052740043140271455
5,0.04737936098303824
5,0.05790550246341993
5,0.05126500376148822
5,0.039852864780826634
5,0.04376176801378451
5,0.05057270496147098
5,0.05355280564349683
5,0.062242642932926785
5,0.059771757979396635
5,0.04816331878178683
5,0.053284274315008574
5,0.03560017994629196
5,0.050049123905585066
5,0.050895071333008454
5,0.06619775989440096
5,0.07991965003212043
5,0.06264937917412752
5,0.03752058531034666
5,0.04125304087870223
5,0.04432375725849107
5,0.06857584408383507
5,0.04665910800082144
5,0.045646739824528035
5,0.06268412924386571
5,0.03996121797927678
5,0.04882057864008993
5,0.05485610897300432
5,0.06685179002294264
5,0.05586002400947195
5,0.05505469252556788
5,0.04982771770099146
5,0.048402447044727126
5,0.04359294459632926
5,0.05197638466794472
5,0.047445442456065884
5,0.05455790416454931
5,0.024486456255062745
5,0.05288386599413034
5,0.053397514826861406
5,0.049050132258298795
5,0.041095797250167015
5,0.06472439230807378
5,0.05180600311924548
5,0.038593624011285965
5,0.051780039697105096
5,0.04956276833474839
5,0.06208415585872864
5,0.05586706071904746
5,0.0469413833189833
5,0.06676094964428926
5,0.0427720237696834
5,0.06767662547710232
5,0.048117264459056376
5,0.06420881541594164
5,0.0414207825362609
5,0.055880094238343544
5,0.06101217166023324
5,0.04193002256773621
5,0.06750018576716055
5,0.08057677136848265
5,0.050050977918852546
5,0.046235638241477715
5,0.05896204691927737
5,0.05233546407149416
5,0.05616355816529521
5,0.04567085675527096
5,0.02798441107004334
5,0.060915386704136355
5,0.06732318214936148
5,0.04815752938112267
5,0.054427290176834675
5,0.049450586309401225
5,0.06463802650351513
5,0.04749831716847122
5,0.05566768365002088
5,0.06064947738199049
5,0.05111331398569137
5,0.059332319563185985
5,0.04719974348661628
5,0.046332073557598316
5,0.06934459874490176
5,0.0442613443184207
5,0.04672075685038155
5,0.05036733519369564
5,0.05921967859628058
5,0.06090793027280088
5,0.04916910966312641
5,0.04780882771428368
5,0.08200553017801357
5,0.03717863214462305
5,0.04361801937732699
5,0.06663525411475096
5,0.04660483951509581
5,0.05467464261893797
5,0.05250736490337504
5,0.05704347812753532
5,0.05969025930862783
5,0.04302438570717108
5,0.05962009997137256
5,0.04193668842258192
5,0.04894958956912525
5,0.04462017862378784
5,0.0679058088119052
5,0.05603772838077946
5,0.05057014332477085
5,0.04963097310494456
5,0.05111415939211481
5,0.05187741919774992
5,0.0407336052455759
5,0.04476598695651282
5,0.07124471002700133
5,0.056264709848195704
5,0.04740419077615323
5,0.0559415850807631
5,0.04124013498258273
5,0.03188534289673832
5,0.0586496682686096
5,0.04604829883654014
5,0.044128956206331976
5,0.04072693317594074
5,0.054770201961010935
5,0.04707840075626403
5,0.06851342424030164
5,0.0525320365689255
5,0.04433333012635091
5,0.0574065591518453
5,0.0543011177427581
5,0.06822518642276235
5,0.07587074220798906
5,0.03848445957721153
5,0.05928806564040788
5,0.05811222980135725
5,0.06356451425410495
5,0.0526564593700114
5,0.049913092491843766
5,0.054586936043884406
5,0.05807483055898349
5,0.043953560320314014
5,0.05773803531112909
5,0.04673838354664774
5,0.041785647351328906
5,0.0565869568343346
5,0.05366314415587705
5,0.05083104258198362
5,0.06060583359622845
5,0.07601493537120066
5,0.06205304732419818
5,0.06618572168975849
5,0.053315483567060326
5,0.05833222224596629
5,0.05940670516593736
5,0.07055788153230727
5,0.05358205439547588
5,0.05652172561557276
5,0.059462154716887004
5,0.030510438680383355
5,0.07276688766597254
5,0.04839149874900204
5,0.06717097529227423
5,0.03607692752645005
5,0.03353434461004197
5,0.0490474037352075
5,0.06925127774833795
5,0.05103373962448068
5,0.04583499175882483
5,0.06067175694378394
5,0.03345871768836599
5,0.049657891179870836
5,0.046386248352943485
5,0.06063488431526305
5,0.05744381108946502
5,0.06546876753475306
5,0.042640449295780154
5,0.07857967647231467
5,0.058769332682545784
5,0.04929048260379542
5,0.05779799994870397
5,0.0631404158587735
5,0.047207404671143725
5,0.05600962154685325
5,0.04065816245137308
5,0.04346577657463216
5,0.06147347297934994
5,0.06985679129875877
5,0.06216446861085621
5,0.050620919762716376
5,0.0636250485546818
5,0.03878292928888953
5,0.057553575256376346
5,0.0440686435368777
5,0.02740362399706392
5,0.06931948148665341
5,0.03674898882011995
5,0.057249659008226615
5,0.06235533820349902
5,0.06233549089428725
5,0.07648701078814071
5,0.044680685932258234
5,0.054630255515399975
5,0.057214136814436135
5,0.055977432851951094
5,0.05356630247628143
5,0.03844527193904733
5,0.06815617170452423
5,0.05287956189449135
5,0.0492155904715956
5,0.035603537791947804
5,0.047173765658332464
5,0.06813524266441108
5,0.06401308979990503
5,0.08832568992088383
5,0.021193798119288874
5,0.04002534931325115
5,0.06114333209955194
5,0.05558989867083047
5,0.06034089930477944
5,0.049567322388706016
5,0.0564097309006954
5,0.039389603240215364
5,0.05978595422066159
5,0.05417896025665667
5,0.04592404900401407
5,0.0455840292206838
5,0.06445462771588699
5,0.06040492763808837
5,0.08506699697651218
5,0.057523506230006204
5,0.04030911125273632
5,0.042277230946771036
5,0.07568632183534088
5,0.052569114275530106
5,0.046432918070742776
5,0.03716398643513591
5,0.05979295044214215
5,0.05277892167275196
5,0.05123972179961126
5,0.07146878281121008
5,0.051300750527897586
5,0.05094943742070936
5,0.05020882566586029
5,0.05268441569627051
5,0.04301025504260827
5,0.04972163193087955
5,0.047126917277030854
5,0.05946848968079711
5,0.03548283692168394
5,0.03254473929385501
5,0.04880535695998318
5,0.031881862389672354
5,0.05980861502518077
5,0.04804367522975725
5,0.06447846870262335
5,0.04640889235416144
5,0.05773097566585943
5,0.07778493924765746
5,0.06123381903616938
5,0.06978541723181886
5,0.04776724293808447
5,0.05434031488143028
5,0.06707084074221811
5,0.0656081324299019
5,0.04240550682915305
5,0.048355017971628014
5,0.028344429740162557
5,0.06389736232399643
5,0.04839676278015699
5,0.059699691233600784
5,0.04929323268463361
5,0.04253868426893832
5,0.06411029101303196
5,0.039052983962038074
5,0.050053978681046586
5,0.050709431339130896
5,0.0671657986151365
5,0.052531865506105765
5,0.03852675973447843
5,0.043143971021986124
5,0.054095580226847115
5,0.04683302328829787
5,0.05575245845924757
5,0.05311865361313993
5,0.05543511565975877
5,0.07029621722878884
5,0.07473808995630593
5,0.039567095858007696
5,0.04491339482163396
5,0.06639869988546168
5,0.051307242442777345
5,0.062285125983581505
5,0.0607872099593488
5,0.04719707802310309
5,0.05490146254760775
5,0.05378936258548911
5,0.06333525991901276
5,0.0789967831465812
5,0.08253347636083316
5,0.05333130707517296
5,0.05720747399573646
5,0.051950067744233566
5,0.04526894759302251
5,0.045930765258418875
5,0.04177009516321563
5,0.056999921369807825
5,0.05722212186468946
5,0.04968167041154824
5,0.04191988775486712
5,0.07972342570084139
5,0.04984295028662597
5,0.047972134592883
5,0.03953400353858259
5,0.05224810112700503
5,0.05240750539993958
5,0.03613605674523659
5,0.06436074820474999
5,0.04840096361634651
5,0.06401808218256821
5,0.04665979908798424
5,0.04550804215605814
5,0.06541454638046322
5,0.046766380387820036
5,0.08258250443519966
5,0.048285909278119904
5,0.059982201846645454
5,0.06581589246810193
5,0.06867425269912718
5,0.061723409034008504
5,0.0577226838781126
5,0.05743920918414798
5,0.07538863743759845
5,0.06625609620949939
5,0.06453410623192644
5,0.04722283897758676
5,0.05558547907311316
5,0.036945987907931056
5,0.05552333921720237
5,0.03894416178533169
5,0.048232148841907865
5,0.04209431934088944
5,0.050931913369737715
5,0.061765902360894756
5,0.07000595300359758
5,0.06006116786929454
5,0.05851677775991939
5,0.07456818966403589
5,0.0497309697028244
5,0.048919146762142075
5,0.03636001696973686
5,0.060720863159907476
5,0.08692791508947129
5,0.057923031610066435
5,0.03525800058768602
5,0.05718148647483658
5,0.058261760343011074
5,0.049628979359530555
5,0.0518415805330261
5,0.05556200400510567
5,0.04858538137290388
5,0.053117328038835135
5,0.049036518609242984
5,0.048473422312338824
5,0.0546378098052568
5,0.04632410315076741
5,0.03662931863840929
5,0.05754310336793665
5,0.043269440062453084
5,0.04514452907098745
5,0.06316321446008392
5,0.058114340546591016
5,0.033301906467557034
5,0.058892929800941816
5,0.05712367275167134
5,0.053557602650818846
5,0.04662086252753305
5,0.03768147922348475
5,0.06460506828412971
5,0.03601759640714049
5,0.05433411859985473
5,0.04872874299024491
5,0.04922510879411736
5,0.07929886850761207
5,0.07266229216550042
5,0.04432244988050671
5,0.049474302481926455
5,0.05675433062315547
5,0.0439369866119933
5,0.057709276627880314
5,0.06947797306575396
5,0.06429750097612788
5,0.057246063606398986
5,0.05861316689885489
5,0.0750770751728018
5,0.05517370340967925
5,0.06974755202275482
5,0.06540698426550332
5,0.06892561138938233
5,0.03889649143427481
5,0.047977778934861146
5,0.05900299770830166
5,0.057067896223195115
5,0.043862022212016724
5,0.0552229602748351
5,0.04877070221383421
5,0.06143060435605703
5,0.047626559823986
5,0.04935237012717967
5,0.06410004762148236
5,0.07912350040608904
5,0.08069422024818167
5,0.0494542528215305
5,0.047670780177476245
5,0.05490473171949991
5,0.03875200167743858
5,0.053764642018402344
5,0.06619584169386795
5,0.05125151163110431
5,0.0642684639478134
5,0.04263806350896694
5,0.06059314008361736
5,0.04572851949640909
5,0.05352724559913637
5,0.06692958124533273
5,0.05487309987162721
5,0.06606097535558139
5,0.04241275403039647
5,0.060090820263818026
5,0.04121350245076321
5,0.0693896673769367
5,0.059737082078744494
5,0.0604174650726387
5,0.051851143808170394
5,0.046708230990428944
5,0.06126782367890469
5,0.05349103969215999
5,0.04212589910224614
5,0.06978048731104687
5,0.053029270210333004
5,0.05107070663160673
5,0.053173947694800806
5,0.04867292771998672
5,0.048971457246496944
5,0.04153524546550134
5,0.044750655299812675
5,0.06498683555317485
5,0.05274429920804217
5,0.03777552120312128
5,0.059086289086584545
5,0.04995544214238242
5,0.0547497844132782
5,0.06076285697200938
5,0.045936581920461975
5,0.04978347443118564
5,0.06293180543455068
5,0.05144741655123164
5,0.04163667413538101
5,0.03737370758800181
5,0.053023702329522936
5,0.05800726671987681
5,0.05211423152379481
5,0.07670070606247861
5,0.04142777334838323
5,0.055328654354426944
5,0.054010907201123906
5,0.06937063588990774
5,0.07679859029450924
5,0.07707452606688912
5,0.04197392730323031
5,0.058779065968676124
5,0.06123912833732179
5,0.048177342636544454
5,0.0546857183658264
5,0.05465190011159695
5,0.0680142888300452
5,0.043764838371757556
5,0.044373769948606846
5,0.03459286640416681
5,0.05865080720302187
5,0.044072079458195065
5,0.05312410115793831
5,0.08143473245746932
5,0.05752817719305745
5,0.05882516697367855
5,0.05036845058650842
5,0.05314114778703951
5,0.048592174834062876
5,0.045110306546894886
5,0.042662687563035526
5,0.042145566737581186
5,0.06355198406973914
5,0.051844020640366494
5,0.06396270071057089
5,0.0470062056138251
5,0.05431319380505493
5,0.050738214273845526
5,0.04818211434633804
5,0.04403387412071277
5,0.07125121031747234
5,0.05239232218748012
5,0.05369426591193842
5,0.04056540996676609
5,0.040344427711794674
5,0.043635932526492914
5,0.0556489005783994
5,0.06218552389058579
5,0.05056935230453889
5,0.029345953994682695
5,0.046043819673947745
5,0.05551611424970584
5,0.07476594654217064
5,0.05015570789173296
5,0.05007963568147465
5,0.0473509493369113
5,0.06328341004687474
5,0.056111616039340693
5,0.06884833776391228
5,0.042452515472795216
5,0.05662424242891091
5,0.05496495689231595
5,0.06793923213581286
5,0.0474133750549735
5,0.049869415407700596
5,0.07851233049892932
5,0.06475530704799519
5,0.057435220437643694
5,0.08625598090122236
5,0.045065766060611974
5,0.05181360657861815
5,0.06129083279340388
5,0.06196869465256033
5,0.054453482052594274
5,0.06510513758104677
5,0.05272480870509666
5,0.055047956880718694
5,0.046765814600545616
5,0.05572374371821707
5,0.06988221944440506
5,0.05295007290033532
5,0.056069629297802605
5,0.0757347857065397
5,0.07029885125396579
5,0.04785660517067184
5,0.05857942683657526
5,0.05764600583099679
5,0.05463169726218696
5,0.061543961639955236
5,0.04624738996882685
5,0.08782710557847671
5,0.05493141956140317
5,0.040344522738037396
5,0.06608466828847438
5,0.05811043445824786
5,0.07786481997545301
5,0.05228105200276552
5,0.05543320948055358
5,0.053257778995705905
5,0.05740880456432788
5,0.05634393179636636
5,0.05413974866575429
5,0.04968303880324558
5,0.06855671106332527
5,0.060813425139844536
5,0.03807453238888758
5,0.05983355902887192
5,0.05970248269932429
5,0.05958018335972146
5,0.048162606169761736
5,0.05746599730472037
5,0.07183314597975458
5,0.04530175006319169
5,0.07858081213818802
5,0.07362599547379027
5,0.05968444261769299
5,0.046280542207466954
5,0.056992128770428654
5,0.052472003230351984
5,0.04389407871320557
5,0.07234076073237979
5,0.058644048094206855
5,0.055205582187774646
5,0.06271349348974833
5,0.07013518474799997
5,0.0709071083614547
5,0.05860315397050022
5,0.05408311400119357
5,0.05734046864567701
5,0.03846634786718825
5,0.05590984965504083
5,0.05884584862318781
5,0.06904193686665512
5,0.05529321085569762
5,0.059145653724822125
5,0.07967274413769951
5,0.06872594361634898
5,0.03960575334264986
5,0.03856132159863393
5,0.05590267709669263
5,0.06453705648696567
5,0.05571562095704834
5,0.058094431261721945
5,0.04937538575833188
5,0.05778889975219263
5,0.07663476254985649
5,0.055672183417976376
5,0.05904467047923521
5,0.04684718478766746
5,0.06909004217858364
5,0.05959786632327276
5,0.05355446534315311
5,0.04567778012485267
5,0.04901020236089804
5,0.05472033944308148
5,0.05678815234845245
5,0.06678774980027187
5,0.05237583527910374
5,0.04612196118884678
5,0.06574412627039845
5,0.04633922590619818
5,0.048066946002457575
5,0.05077585834445406
5,0.04751989205288171
5,0.054133250751920325
5,0.05829858065878431
5,0.06261073480910265
5,0.06459565531448772
5,0.05928406942254851
5,0.04626793065883925
5,0.057658738371997406
5,0.07549395649843976
5,0.05812907510071038
5,0.05835914122460133
5,0.05176191994747916
5,0.06225482960396933
5,0.05953974396457429
5,0.04767667077724279
5,0.05671182676454103
5,0.047122176304846095
5,0.056373497463279555
5,0.04940413068726088
5,0.04672247906234234
5,0.053375904306860046
5,0.04653955324522762
5,0.06298339556655612
5,0.06380637477116685
5,0.05406544827935883
5,0.06677505893089346
5,0.0757495013901593
5,0.062042075799746264
5,0.06642909116399881
5,0.06745405740054826
5,0.07815167942317888
5,0.06917846214289168
5,0.07012095565867718
5,0.04737217268021793
5,0.045520723005523636
5,0.04999399082251883
5,0.05595632603424455
5,0.07598972268264467
5,0.061895463343841904
5,0.0603215679921185
5,0.0533667090065613
5,0.0507936832250076
5,0.047337321947916504
5,0.049957154363859085
5,0.023195087716774077
5,0.0757048096584585
5,0.04739629963076124
5,0.060243787921601066
5,0.058545900717243596
5,0.06333946505879298
5,0.06869325134849902
5,0.07019630973801325
5,0.04048278960975018
5,0.05210454617129199
5,0.04906727149069228
5,0.06690628472994618
5,0.061605256868125555
5,0.07516216517416423
5,0.06910546323624309
5,0.04228766842411642
5,0.03124789997234668
5,0.04777386964442219
5,0.06333408327880485
5,0.042379844579521014
5,0.06678191433971353
5,0.06030934387546031
5,0.039354306361284744
5,0.06173485016371412
5,0.06555229994324822
5,0.047786667587070675
5,0.04686897420741808
5,0.04373480311140402
5,0.05374221986271244
5,0.0563975172890653
5,0.06294788785767885
5,0.04263132126407178
5,0.03382810511941849
5,0.05760888510402808
5,0.05697095707468382
5,0.06517749272433394
5,0.06340748706104014
5,0.049917564044339884
5,0.042741184870570006
5,0.05930189522389732
5,0.041037520163513586
5,0.04509102632180505
5,0.058318570905105685
5,0.05900490092452252
5,0.05401978285634419
5,0.0521372638806256
5,0.057660123559458744
5,0.04892354298431724
5,0.042735990088909395
5,0.05920538671208157
5,0.05184028501489176
5,0.06658565770662317
5,0.06635925338747926
5,0.04321723913801272
5,0.04617478321858304
5,0.08129654600609304
5,0.06209051079191121
5,0.04661942904826738
5,0.07467505766348119
5,0.06397118905598356
5,0.06678101900231043
5,0.05354021788323425
5,0.0655729825377255
5,0.04307876741271343
5,0.06142115924174814
5,0.06724457308448219
5,0.07718462336114841
5,0.0361173428379421
5,0.05298880509624617
5,0.08312190629046778
5,0.08520238096365972
5,0.05468038430332582
5,0.046876373619408475
5,0.04416470393766091
5,0.07042637009791437
5,0.05535417184553247
5,0.059637549482190334
5,0.06410674144219554
5,0.050079374008712915
5,0.05233733980169304
5,0.053444100339597365
5,0.053309191892534004
5,0.04504328042581533
5,0.058533425687761806
5,0.047277383340559226
5,0.06585399235509592
5,0.05739125219681642
5,0.05212560361248987
5,0.0510989430732615
5,0.054808786839945445
5,0.0684898956423553
5,0.05613205359520955
5,0.04631787056792531
5,0.08375246795141603
5,0.05492129555378664
5,0.057582002085110204
5,0.0719609025930531
5,0.08525354938466824
5,0.04857555439369118
5,0.06382179961805003
5,0.04862089980299851
5,0.028694737832577578
5,0.05823195733462372
5,0.04216506571241544
5,0.0561505164105325
5,0.05734541286747341
5,0.06606717847170727
5,0.06660334282447206
5,0.059303679282145264
5,0.06568765998732241
5,0.07806930793466454
5,0.05188743855053859
5,0.06509220514358367
5,0.055320654281402
5,0.0715886729337933
5,0.07787250449525787
5,0.08042939381794652
5,0.0677534441613479
5,0.060035729170206234
5,0.06989820533782223
5,0.06512219949360404
5,0.05594410183725853
5,0.038640185916509404
5,0.04188745841838387
5,0.05313823720781223
5,0.05430816722752705
5,0.05538156609879957
5,0.061831112818111336
5,0.06846119770616235
5,0.06931555803657945
5,0.05595111633072788
5,0.03041131156002159
5,0.05122235014878633
5,0.04031183950242598
5,0.05519193089623844
5,0.046534957689414194
5,0.04987114389205276
5,0.04721582899259006
5,0.0479963053927201
5,0.038893198313521754
5,0.0580492769394934
5,0.05815928184045739
5,0.07410998508554731
5,0.054214646152659474
5,0.04797830876636701
5,0.05052041336075165
5,0.07093143103637264
5,0.045884028750055296
5,0.04796571733372376
5,0.05214792551711909
5,0.05061166524418239
5,0.05362197078194917
5,0.06718760884510934
5,0.05915041337129161
5,0.05167475011446161
5,0.05784693045974894
5,0.061178329908142606
5,0.05486351054168666
5,0.06268776703456218
5,0.0538779063433669
5,0.046534115946996094
5,0.10957939610777911
5,0.06664187279589592
5,0.04818202687201723
5,0.0851952471812728
5,0.05908739110592513
5,0.030707988394571496
5,0.05153867564601822
5,0.07007285285701209
5,0.06572729586639613
5,0.07206991115105957
5,0.06390611332375853
5,0.047715770705814606
5,0.032292052872408196
5,0.0665894322237947
5,0.08430337410466707
5,0.06403908441743253
5,0.04680143088281765
5,0.058564704629345175
5,0.06054436946517387
5,0.05964664920211267
5,0.04735437831987564
5,0.06167489936109849
5,0.06417563709423336
5,0.058240605949737435
5,0.05016665256263473
5,0.03554109928931691
5,0.04351892915211786
5,0.05516251074449282
5,0.05485813747075781
5,0.06765204629875379
5,0.05179348716889567
5,0.05358475167311819
5,0.07256548329603424
5,0.0570929000832894
5,0.04800309015302508
5,0.05392124382267072
5,0.06754776181563307
5,0.05628044895233749
5,0.042602490097293055
5,0.05791824508018215
5,0.05699098246774731
5,0.04913127376275743
5,0.07130667832972598
5,0.06107832492620467
5,0.052606639497474295
5,0.08171632531134967
5,0.06114810664053555
5,0.06163087664676805
5,0.055868194759048306
5,0.044943309544229995
5,0.06714564050554145
5,0.06312471492252844
5,0.0651888025998756
5,0.056340047810649996
5,0.06081684289998564
5,0.05908562553382228
5,0.06255501262993424
5,0.05156240780524875
5,0.042924895623411424
5,0.048827607426419464
5,0.05474186011949013
5,0.054652969251980286
5,0.04268091189667006
5,0.0532624591613541
5,0.06069569138299247
5,0.054646296568679587
5,0.07550058622212918
5,0.06699442180420329
5,0.05542452989396436
5,0.05263747908900764
5,0.05373191617947963
5,0.0593265517725776
5,0.048699644678151265
5,0.05627234354812405
5,0.04239375286641299
5,0.07382396959025049
5,0.06138419543920217
5,0.056207516680828185
5,0.059387607381071295
5,0.0686921617719287
5,0.06894242587793563
5,0.06952982501065035
5,0.06123928865235989
5,0.05648037585440624
5,0.05339986931061972
5,0.07932491497762459
5,0.046638540700241156
5,0.04651120330046404
5,0.040210820409567326
5,0.06832996449886548
5,0.07685664427633473
5,0.06688775260051652
5,0.061176024616837875
5,0.05686984423229816
5,0.0652444577705776
5,0.04776982952540155
5,0.04238165357868774
5,0.08146492669524111
5,0.04275800606111992
5,0.05341505575820602
5,0.061491770941904375
5,0.028252080703313226
5,0.07903627142529218
5,0.061405459827471795
5,0.04824057444819702
5,0.06256702661367655
5,0.0516211966863783
5,0.0666767563018954
5,0.05573848803677136
5,0.0564042763472805
5,0.06348387812432903
5,0.05458699662122561
5,0.03718910259250684
5,0.09523949721771807
5,0.060817205808400485
5,0.05656026764261174
5,0.057830380353321
5,0.055844199383669614
5,0.05749243881467438
5,0.05147228889431819
5,0.05468591001450562
5,0.05034508398106856
5,0.03769280355197046
5,0.048021808401245
5,0.060825833118509774
5,0.053250901457367064
5,0.060194771936992186
5,0.07437327366355007
5,0.04907254924891942
5,0.05866628089952035
5,0.06493935362095378
5,0.06877640599754994
5,0.06355645137908192
5,0.046454227539993384
5,0.054028695861074574
5,0.0611828611487135
5,0.050640212536951126
5,0.044780373987190716
5,0.07850100457621452
5,0.043472301066725935
5,0.06872842782727759
5,0.06823161997250511
5,0.03848475974979584
5,0.04516490636463969
5,0.05887123912136605
5,0.05323190125220991
5,0.05478465817432245
5,0.05149850750535355
5,0.03241946544088055
5,0.06717467234347235
5,0.07129415735414538
5,0.06190583576905773
5,0.052725645621724805
5,0.048112564337097284
5,0.05109722283149572
5,0.08005302020251108
5,0.042735893750297224
5,0.03971222641140304
5,0.05193843075113921
5,0.049815259471117077
5,0.06632470948993444
5,0.07261818561831873
5,0.06690396831520841
5,0.05864537435137608
5,0.09720250608867638
5,0.0547384712384963
5,0.06765323556798364
5,0.047968682726145864
5,0.0653170407647152
5,0.03847057259252174
5,0.07933260080156132
5,0.02334903639829509
5,0.07119940628049883
5,0.05790138100136201
5,0.051638808209208166
5,0.06248407381185839
5,0.056873886232258156
5,0.0648568241947188
5,0.042120235541775
5,0.08191506365151366
5,0.05691020083923789
5,0.059891872129567494
5,0.0487652309350433
5,0.04942435576777758
5,0.0763800022175252
5,0.06290528680813942
5,0.06073497026117443
5,0.05732677381008311
5,0.059076241786098146
5,0.054037855037059976
5,0.05338986553334252
5,0.06042762589226307
5,0.07856771363988999
5,0.06955442106492837
5,0.0620518046828762
5,0.04521680227954762
5,0.048942292563897934
5,0.04349674357701773
5,0.05664542027689647
5,0.056352273858120805
5,0.08230240713182876
5,0.06230699470082932
5,0.0485217956249323
5,0.048229677426268505
5,0.08222098748091593
5,0.07479582633670274
5,0.06460031502486671
5,0.059431925679570466
5,0.05686909673563499
5,0.06466786774278478
5,0.036201347286410515
5,0.040185491003378634
5,0.05265393383955967
5,0.05122236171561475
5,0.050786249764335475
5,0.0729728791917392
5,0.04662658410366393
5,0.0605385300359763
5,0.06691604334266339
5,0.07773536599539196
5,0.07753369543981631
5,0.04129397038912129
5,0.06041956087093274
5,0.06570139047882637
5,0.0495166124102952
5,0.05604925131066664
5,0.07779877233991221
5,0.056805996166857345
5,0.06667529081753659
5,0.04593716407910042
5,0.046481117596161366
5,0.06371711193061337
5,0.0502814822429171
5,0.04315717867173745
5,0.06330311866005005
5,0.06313256012724729
5,0.04387296161894852
5,0.0780185508147649
5,0.04285301963001675
5,0.05831143353701296
5,0.05445171272217482
5,0.06418163387348996
5,0.06406676125753921
5,0.051897426973532765
5,0.04826924872825625
5,0.07630546065009358
5,0.06460120170089434
5,0.04678248530617662
5,0.05672603752010615
5,0.05337885277080704
5,0.06914173834869727
5,0.050106709380243475
5,0.05415881493059436
5,0.062456339916986695
5,0.05309982762417501
5,0.05582614697270296
5,0.06448519391062739
5,0.058391345930122074
5,0.08243796926622296
5,0.05423499049736551
5,0.04615986640196333
5,0.05617063509107123
5,0.05869932019256743
5,0.07553351636219621
5,0.054058620731745645
5,0.0505491298172188
5,0.056152013217292976
5,0.04685044138222852
5,0.06220400114375463
5,0.04196095002643919
5,0.04343651741463416
5,0.04350470688802872
5,0.05522713806725377
5,0.05443160297666074
5,0.053427526537931314
5,0.06355841136044278
5,0.05473751389195306
5,0.05317170075894895
5,0.04210885963907211
5,0.05789398277255152
5,0.06283333850100825
5,0.04098462492863727
5,0.042185675453553576
5,0.044668746415634876
5,0.03078321204875456
5,0.054260947252603484
5,0.05051414075704554
5,0.06009031497914874
5,0.05233368853055764
5,0.04754666487610782
5,0.07304462681561794
5,0.0442026315016872
5,0.062071250033070326
5,0.04762306674402035
5,0.06636507437327108
5,0.07040737282402512
5,0.05123624205334256
5,0.06888850087656803
5,0.06479800871047234
5,0.041596616035510264
5,0.07158140589892192
5,0.04738083317913824
5,0.04419322067900926
5,0.05629378257285178
5,0.06321371411697632
5,0.05347248383083719
5,0.0583137229901753
5,0.05878551332668512
5,0.047862079816948525
5,0.04822793225865648
5,0.04376127727983291
5,0.05849142450603804
5,0.06497972633055626
5,0.06868086227294339
5,0.06273844230717927
5,0.05250403029131125
5,0.07837805799765485
5,0.051084407408702515
5,0.06677855032110883
5,0.04550469346842688
5,0.07756866487692465
5,0.08199014636882729
5,0.046797798756298255
5,0.06058858867089658
5,0.05464586096301749
5,0.05389743779011165
5,0.05074186674018688
5,0.05649873423954641
5,0.053010807997720025
5,0.038612625183310746
5,0.04920872542340482
5,0.04485438094043978
5,0.0640540763404202
5,0.05613611713960207
5,0.04084535920982317
5,0.04201243155796009
5,0.0636498080663451
5,0.04861277627818148
5,0.06099322939735674
5,0.06500715986371804
5,0.06747774517191922
5,0.06785706488305636
5,0.0997982394678923
5,0.05971194883966038
5,0.06564398410340161
5,0.0708339220963365
5,0.05786769795308019
5,0.054870928150170986
5,0.04889690885866195
5,0.055619997290738396
5,0.053758379087000506
5,0.07236383639453711
5,0.05222465218278065
5,0.055898098255339
5,0.06174092782890238
5,0.049113990494659934
5,0.03732907241859014
5,0.06242992661530631
5,0.04698859041073047
5,0.05630903082321566
5,0.056861594710092556
5,0.08252960248730604
5,0.051896999540693475
5,0.06264083172682022
5,0.07628247961393333
5,0.0661843507925278
5,0.05700918766149567
5,0.0690188108194725
5,0.0663784996703816
5,0.07109833724555456
5,0.057088256441474174
5,0.06305945613644028
5,0.05305617587534365
5,0.05406494869133033
5,0.045801187486362124
5,0.05727941239076121
5,0.06550225184112296
5,0.05074923734363879
5,0.04022704658992565
5,0.05605962836028087
5,0.042530028296353994
5,0.05166744386799347
5,0.04497882416697185
5,0.05283373586488442
5,0.0713269430902448
5,0.05080961211749278
5,0.059257799225344646
5,0.05172516442058017
5,0.06809050709086424
5,0.04969909473487916
5,0.06495145865366317
5,0.07296589458506694
5,0.05842160152432076
5,0.04974510304726763
5,0.051426189360306164
5,0.05219879334032166
5,0.0550434577158028
5,0.0562122606521386
5,0.08541248279259346
5,0.06545495627918277
5,0.06215024323461239
5,0.04498926362473358
5,0.06041925246464748
5,0.06011226061201086
5,0.06375237166227256
5,0.054097249865184674
5,0.0428451923190272
5,0.049773041894043406
5,0.09495404775909644
5,0.06087284458086094
5,0.05432550484629743
5,0.06283349455945991
5,0.0802688648755849
5,0.06595469643061982
5,0.06169985261040385
5,0.05719980299687839
5,0.06423077550920489
5,0.048509932715843695
5,0.06371372634235364
5,0.05789252103323994
5,0.06003020704567841
5,0.051655558544504085
5,0.03141046657262737
5,0.15283788602588053
5,0.05015207659742501
5,0.050825176338161804
5,0.06589517498551087
5,0.07238005264750799
5,0.07539153080249414
5,0.076047729851687
5,0.07958867207408675
5,0.07722224191144615
5,0.06337768319084254
5,0.056153882859736604
5,0.06958479007614146
5,0.06304539740525786
5,0.04942466859921425
5,0.06502234281966864
5,0.06718967259622458
5,0.0628998875264835
5,0.07016351162459207
5,0.04845961621133923
5,0.05097145227527085
5,0.050459455156544285
5,0.06810592106925123
5,0.05361346916032618
5,0.061331367983977036
5,0.06937182468136674
5,0.05817455513021345
5,0.0509758525069771
5,0.07217581526745069
5,0.06335734052057272
5,0.06612998056991491
5,0.07097604963835245
5,0.055997942598419906
5,0.06873595368242061
5,0.05410793953874141
5,0.059291691098013466
5,0.05052114132304457
5,0.052258214234680314
5,0.054296761572595977
5,0.05035236513633713
5,0.0606680224111358
5,0.06620253356227228
5,0.06441572625438136
5,0.0736522953652592
5,0.047732992880813896
5,0.04094596587441406
5,0.08606475235019935
5,0.05787424333175496
5,0.055857609509964753
5,0.0659726592493689
5,0.05572241646149358
5,0.05240607485520417
5,0.07067864933788617
5,0.04800950963349463
5,0.02669478849717318
5,0.05924459150023098
5,0.05946165650033745
5,0.0702693302224171
5,0.05839628521476825
5,0.07308055557675998
5,0.0548497498750223
5,0.05842524494021543
5,0.06705483506480155
5,0.06010612526129131
5,0.041764596646674916
5,0.05251978046442714
5,0.06933686539964168
5,0.06845400300239637
5,0.0406986065983595
5,0.05504089981347062
5,0.04503436227843512
5,0.05910247820727101
5,0.06855193516965238
5,0.03623239468000009
5,0.07982770845072693
5,0.051646118638732044
5,0.058344818845975865
5,0.08870985444575566
5,0.06689069119593978
5,0.06129065091823398
5,0.06263200425001607
5,0.08333778597476926
5,0.05235083135933374
5,0.08754797363259811
5,0.05652639110348009
5,0.04371863073435096
5,0.060732774221018096
5,0.03901223939996702
5,0.0626729030196794
5,0.05966604988803267
5,0.06149460586503612
5,0.07796575813916326
5,0.04686442167405145
5,0.061552528476039835
5,0.056977676709235245
5,0.053023019015404425
5,0.04252882599045282
5,0.05774415988688025
5,0.049125617908440944
5,0.06656039295380303
5,0.037690155161671665
5,0.05608949891035338
5,0.07276291977070608
5,0.05755088430614537
5,0.04292152902214622
5,0.06166710770755899
5,0.05821900796787625
5,0.047815431146836174
5,0.06695384060901624
5,0.05116329117052658
5,0.06006244014698921
5,0.05413879630393992
5,0.07511050061227945
5,0.060322242728935736
5,0.04276415178797607
5,0.055639886188958765
5,0.07116732357130132
5,0.055079503783848606
5,0.04709863882354794
5,0.06443175356933406
5,0.06277710692681754
5,0.06423851775944897
5,0.06508246603764276
5,0.09026826981674303
5,0.059557518112885156
5,0.05192360622117396
5,0.03992869695065999
5,0.07474879771979055
5,0.05013203492474046
5,0.058676032819416545
5,0.04607436058192717
5,0.05670506598088591
5,0.05681061970396909
5,0.06982311508158454
5,0.06477339153392621
5,0.08946153913946148
5,0.07647160981841518
5,0.06030407912498509
5,0.0675739233697992
5,0.04950503382668593
5,0.04353637480916124
5,0.06207604787105141
5,0.053120580875054765
5,0.04449024810775083
5,0.06024120254550926
5,0.08327397163169602
5,0.08869379727460516
5,0.03854250548352558
5,0.05683772637777702
5,0.051704748897949036
5,0.038743610999595966
5,0.05842841653513094
5,0.06582424134456002
5,0.06941461071389263
5,0.0456900875160555
5,0.06048231816954608
5,0.06533100724114124
5,0.06696111133202463
5,0.054244562727784815
5,0.056515171516631366
5,0.07435548992434086
5,0.062172291684106006
5,0.07018569252668147
5,0.0729543280634222
5,0.07437434734275462
5,0.03805971230361877
5,0.06591886187366769
5,0.04552899363444205
5,0.07428696842064605
5,0.05115017487915987
5,0.053328963025550166
5,0.06334036192812795
5,0.05108971794527799
5,0.027067493369487782
5,0.06061922344430635
5,0.07543334870451779
5,0.0673574499020898
5,0.06875467108980278
5,0.0838574968900366
5,0.052147705470614425
5,0.041040110396748486
5,0.07695654966207763
5,0.055981136816563005
5,0.07217918425244566
5,0.048298664533770665
5,0.06418253696544418
5,0.05379787685132129
5,0.0472447515153704
5,0.047542131400885326
5,0.06348923663766659
5,0.059463337449809375
5,0.06374232560170742
5,0.060023685146633664
5,0.06546160476287044
5,0.054785249248572324
5,0.09277341975727534
5,0.05391543113305536
5,0.07407920178586166
5,0.08547472237800709
5,0.04590100547442673
5,0.0481357510967428
5,0.05724738844752773
5,0.08179513861307648
5,0.03803119393409993
5,0.05984419803841425
5,0.052347882526648126
5,0.0697565245193529
5,0.04399283772098443
5,0.04839952091262587
5,0.04874129657275984
5,0.04734257829303114
5,0.049427831026139055
5,0.05964110540335734
5,0.05884288401644559
5,0.06648378054897244
5,0.08315611160152617
5,0.06967668694428518
5,0.04879434946308741
5,0.06891808165971124
5,0.057525294403627455
5,0.07587222725139556
5,0.056940534397010314
5,0.05296146541597304
5,0.0668736590961149
5,0.054609022810939135
5,0.057222675407731696
5,0.049401957828529984
5,0.06788363771563706
5,0.05274240277832408
5,0.07476786653113857
5,0.0720894188206909
5,0.06042178856891476
5,0.06236666951583688
5,0.04706016834392426
5,0.08642663753213536
5,0.06302023628845205
5,0.05144749197429059
5,0.06113727899273783
5,0.0663511136073753
5,0.06189708193541484
5,0.06081238265381657
5,0.0670204924399552
5,0.044559036298502414
5,0.06348039818396055
5,0.04245935736128658
5,0.05070660808612728
5,0.06446329222872707
5,0.039084579264238764
5,0.05492551202349346
5,0.06449475702133604
5,0.06311023484063721
5,0.061702692539610894
5,0.05349641092716055
5,0.04918162916843734
5,0.047160329902118506
5,0.06117000976955696
5,0.0839498582362566
5,0.06754640980924279
5,0.05619969223602992
5,0.05709390235043162
5,0.0687625349796865
5,0.06132296542321501
5,0.06762276501248364
5,0.06967974804341404
5,0.07855206980431187
5,0.047566729740050925
5,0.06316227417572133
5,0.08313961766779414
5,0.06750113878688146
5,0.05777377967885446
5,0.06334434512335836
5,0.09369426187143265
5,0.05727570586319421
5,0.07372879304486749
5,0.04930015024274955
5,0.04576950109468609
5,0.06298685049604805
5,0.056624537923306614
5,0.06673658176651817
5,0.06997368141120859
5,0.06297489596593465
5,0.07865849638532166
5,0.059990808631243356
5,0.10009117921379432
5,0.0614699991139543
5,0.08705584516870782
5,0.052025422312299306
5,0.04564957511339076
5,0.08570744194866953
5,0.05667579776272226
5,0.0568932373054294
5,0.05308434983013758
5,0.06629554487648631
5,0.05999975979065088
5,0.06834317670980657
5,0.06768145386884636
5,0.08296984799576411
5,0.05874706673421872
5,0.06280855115415909
5,0.03208811610529863
5,0.060595968721984673
5,0.062028260028503514
5,0.06784926004419424
5,0.06540527595397044
5,0.05394561909483554
5,0.0653870769694848
5,0.07247478412312237
5,0.07718780982594475
5,0.06473502220757565
5,0.052971632358933395
5,0.056372689744585494
5,0.06739952836292687
5,0.04976826619423552
5,0.04946973001338204
5,0.06670765759895216
5,0.056559672760180216
5,0.08987820088667615
5,0.05096580325655199
5,0.0555358488372296
5,0.05986015411889656
5,0.05730875649501669
5,0.051671441593067205
5,0.045272755256628626
5,0.06964173860865819
5,0.06213661658039475
5,0.0483088449213412
5,0.06497194628168355
5,0.059154444946382535
5,0.08231701441819998
5,0.05074005421700295
5,0.05386251713259589
5,0.07287662850698665
5,0.029775647448558012
5,0.06526974919819864
5,0.06580894119491729
5,0.06230269787298711
5,0.04773168632961856
5,0.07142964511371
5,0.05790392957083855
5,0.05350070732148704
5,0.07075826606263205
5,0.05942615963657224
5,0.07119954291065952
5,0.05945247529675909
5,0.06212576348986495
5,0.04544512038875423
5,0.044248124149415015
5,0.05709714603334348
5,0.05019531087439995
5,0.058145599570305316
5,0.06517053316889107
5,0.08690834616575364
5,0.05048036142328444
5,0.04447146297021059
5,0.055510578390521134
5,0.0502393438168607
5,0.06646896294838571
5,0.06811241327378022
5,0.054979957093771736
5,0.05426180840384167
5,0.042023567065395576
5,0.06757507429858248
5,0.06773457301523964
5,0.04907056952925322
5,0.05570475263450103
5,0.04812047916399219
5,0.06147180497101323
5,0.055400453789691495
5,0.05576040237386741
5,0.05521108914051244
5,0.0872581755597692
5,0.0720704781528669
5,0.05084520049725113
5,0.042839652352306204
5,0.07528737159287549
5,0.09833900618880066
5,0.05970258940206645
5,0.06752708891156155
5,0.06262779000971597
5,0.06002380238964472
5,0.07060387850442831
5,0.053021261835128605
5,0.06370314781860091
5,0.05298254312472299
5,0.060417709090953876
5,0.04794179637426945
5,0.06098381914016933
5,0.05732352794416773
5,0.08177910477449976
5,0.05678510484717816
5,0.07103958823109828
5,0.07146130228752676
5,0.057895080913862196
5,0.04598600927375908
5,0.09253975692736198
5,0.04845861185224132
5,0.06162836377723045
5,0.056963923597510194
5,0.064321377783942
5,0.057195630704908816
5,0.048546171735971845
5,0.07141233077981854
5,0.03449179896564451
5,0.0594102454985332
5,0.07082346052001079
5,0.07538579071186144
5,0.060659469700722016
5,0.07056696880309962
5,0.05575626607226543
5,0.05905032176374494
5,0.058329044243660456
5,0.06452698405397311
5,0.0649281827819677
5,0.06201007181172581
5,0.059303685919821256
5,0.05794785887224466
5,0.08605961549056644
5,0.06119461697528944
5,0.05107812864650045
5,0.05311078925921607
5,0.06801251509498446
5,0.08466703837115133
5,0.050947863257351886
5,0.07937091330082498
5,0.07765787359415546
5,0.08024947279225078
5,0.07154596580150532
5,0.05987653710645043
5,0.06441923040376517
5,0.05896980645151769
5,0.056467958268162276
5,0.043431675834126625
5,0.06698421946404141
5,0.03485096299647437
5,0.050506480111906574
5,0.06228874241150621
5,0.060082768420057595
5,0.06116060182568066
5,0.06547506729647648
5,0.07619453087408579
5,0.060941999488982455
5,0.06208385173094486
5,0.061295086049199435
5,0.053904359735669385
5,0.06872898556449555
5,0.08614613370751818
5,0.04961801884424232
5,0.051913804320324476
5,0.07667794829863714
5,0.06100310330530891
5,0.10468035715867932
5,0.06913023800518785
5,0.04051824630040653
5,0.06230955146849497
5,0.05778530416616734
5,0.05173549260767783
5,0.055243521216197175
5,0.06255207209457468
5,0.0438172236112955
5,0.06546447423232707
5,0.06832519361440711
5,0.08342023393965706
5,0.04593988236413675
5,0.058677437205762
5,0.0599447533920334
5,0.04345036504093207
5,0.06666958367632451
5,0.06639053631717098
5,0.0621269513886918
5,0.042600791325840416
5,0.08647764397133315
5,0.07689700970218587
5,0.06590553134478179
5,0.055458894651600955
5,0.05253653400180773
5,0.05785878032084628
5,0.05885104949073896
5,0.05917405096367566
5,0.0482414263308454
5,0.08422115172614533
5,0.0899379413544632
5,0.059891582827581405
5,0.06787155878754313
5,0.04888385681759734
5,0.06769350373555083
5,0.0526802302321403
5,0.06605330432959947
5,0.06710344735505513
5,0.06157651353813724
5,0.03681393455391208
5,0.06342535804191425
5,0.07822343823832636
5,0.06171146049359716
5,0.06168811371218894
5,0.05362840554009459
5,0.05892734832977849
5,0.0477760853340415
5,0.048311711928788345
5,0.04793377928348757
5,0.06098803083256203
5,0.0726260604213832
5,0.07661133694716668
5,0.06683774838902963
5,0.05607224643771922
5,0.05920009475232787
5,0.08528788787856016
5,0.0571952040957894
5,0.04681313809898009
5,0.04817864928080283
5,0.05910426374288742
5,0.06477925552374944
5,0.059501251491892934
5,0.030890390109762234
5,0.05401972690110492
5,0.03108462257672533
5,0.05977769798367616
5,0.041346914782966634
5,0.04923329954412052
5,0.07501530606030357
5,0.07058610745363775
5,0.06220792962660369
5,0.06280479347618309
5,0.06311843703496872
5,0.05918726539140824
5,0.06419120397333722
5,0.08070899774395446
5,0.06872040421971347
5,0.07180175728448504
5,0.04642003029376644
5,0.059876192982094435
5,0.050487105823400526
5,0.06766021225822977
5,0.09350757034461685
5,0.07805484123077708
5,0.05837734549393857
5,0.06960437359035959
5,0.0668497002476244
5,0.05911466366237529
5,0.07190521591504986
5,0.06313114701610409
5,0.05627074962653387
5,0.05223065691251936
5,0.07075371712724085
5,0.050652507048500627
5,0.0552104241403498
5,0.048200105856002616
5,0.037292479558141634
5,0.03581426522110558
5,0.07347705572426433
5,0.08192385618673939
5,0.06640564378613682
5,0.05814380221521448
5,0.07824324622903109
5,0.055236966360176845
5,0.04653574867254944
5,0.0867256077406388
5,0.05165597269411061
5,0.06787433417856611
5,0.06981156248078749
5,0.034489922867565394
5,0.06051274550353232
5,0.06095371593846306
5,0.057721927953259346
5,0.06830046341682336
5,0.051206757342804575
5,0.057529248387809505
5,0.06717126319391675
5,0.04844612197257386
5,0.041988838476364546
5,0.07825438724387739
5,0.0662817547025986
5,0.05533927563018295
5,0.09130614499709946
5,0.06422760875539
5,0.07917495613906897
5,0.0718991550897449
5,0.07359259085671488
5,0.053000720946979454
5,0.04383492299467524
5,0.058690066604835986
5,0.07196346160790221
5,0.05863143979893555
5,0.06337913915141331
5,0.060948988093999804
5,0.05745837818726025
5,0.07141660798807357
5,0.03932532450302284
5,0.0599880259939871
5,0.05451901189441708
5,0.06739721702134877
5,0.08604844473188736
5,0.07106963872038431
5,0.06325434559371938
5,0.04448515414010277
5,0.04737545399889755
5,0.04760980011459252
5,0.08465464652492163
5,0.06055522710195192
5,0.06469575614396311
5,0.07784050618504447
5,0.06216288176952163
5,0.06477703535010988
5,0.0852859962015953
5,0.05086356493166246
5,0.07880397330741055
5,0.07294684508210043
5,0.06304139145407456
5,0.0639180299268669
5,0.04465705054242076
5,0.05546728820554812
5,0.07863240698643745
5,0.056932731601345744
5,0.06036498963332275
5,0.06178539070481379
5,0.04721353690075778
5,0.04952544880296057
5,0.05053586970736006
5,0.057954659014964514
5,0.056225947881730076
5,0.04854134469264916
5,0.06618882802905898
5,0.06696591719651533
5,0.07021292945970783
5,0.05395299352290221
5,0.06284203961538261
5,0.0647164065822273
5,0.056606920146783216
5,0.0631302060551018
5,0.051094221710511256
5,0.051135688751259935
5,0.065206461732123
5,0.05027190819685244
5,0.07648502343872823
5,0.06988465969641686
5,0.045719212223644515
5,0.07832442219087901
5,0.08224907413738801
5,0.061023323836292664
5,0.04821492226234813
5,0.05228780795372852
5,0.06816041647886262
5,0.05264640015911003
5,0.06084500753422415
5,0.07044800316459654
5,0.04775374500117356
5,0.05483333890642071
5,0.05109743629314911
5,0.055911539944604
5,0.07740003290637967
5,0.08424732608740576
5,0.059235198000656866
5,0.0352170260360346
5,0.0768131798701033
5,0.051376484118321054
5,0.049620849638792305
5,0.06723866092944032
5,0.05679669273696016
5,0.0618576840281881
5,0.04872517309692028
5,0.06061390824420108
5,0.05684177985562132
5,0.09218323744572272
5,0.115680618164312
5,0.047162226525867657
5,0.062287410110986055
5,0.04033588648335157
5,0.09692486376925245
5,0.06682219917911521
5,0.05936420977494925
5,0.0626022269635212
5,0.05879890976320064
5,0.06507107376659063
5,0.04443915050144045
5,0.06718627559141241
5,0.04419284504616415
5,0.06521245438980075
5,0.07157096445164848
5,0.05018882329830946
5,0.07684558593177075
5,0.08490651223061008
5,0.047971090008229564
5,0.07345125972780417
5,0.07777433296394719
5,0.04604131952161768
5,0.08207617638983868
5,0.06894144984715522
5,0.0854072766982644
5,0.06454572032020543
5,0.03743332625741434
5,0.04516045331992936
5,0.04360147311049949
5,0.06279848831987277
5,0.06956430287362055
5,0.08352411604688392
5,0.07526429833141003
5,0.06998301922261618
5,0.043979703003481016
5,0.050273220511518016
5,0.050753142286563094
5,0.06228140774817501
5,0.06120845810491895
5,0.06078440841599446
5,0.07371127941121701
5,0.04663530635503221
5,0.08164671135189387
5,0.05796354654979362
5,0.052225769571507416
5,0.08023376993831396
5,0.058254703941402794
5,0.0691044463641581
5,0.06172744810994538
5,0.08550628402209601
5,0.06358976312818547
5,0.0533918850486193
5,0.07341093228800857
5,0.06539009005128753
5,0.06023960340794413
5,0.06559992469479067
5,0.06664698757587106
5,0.054476602818570544
5,0.06561150155942914
5,0.06278626854003341
5,0.06070391913075818
5,0.050595330813677765
5,0.08275237728765177
5,0.05669773532542479
5,0.04535021864369408
5,0.07149497876812234
5,0.04785045211720178
5,0.0608708962938891
5,0.05624321279602531
5,0.07115517639816128
5,0.06319756853522905
5,0.07056505203714528
5,0.05497681222930965
5,0.06488404689989406
5,0.05864782099043244
5,0.06386664658452468
5,0.07361984836464038
5,0.04236602160879058
5,0.0696321345563825
5,0.047201670715920796
5,0.0894239090051358
5,0.06625399956449522
5,0.058048073265649314
5,0.06850419281747569
5,0.08208722691144993
5,0.060920923722453356
5,0.052924695564698344
5,0.07455220120818926
5,0.07032180222504605
5,0.048831931534460936
5,0.07067741209131029
5,0.0549740623545341
5,0.08273550299427536
5,0.05435215793483515
5,0.0612843924363685
5,0.068137012849008
5,0.06092181664676013
5,0.07543866102670986
5,0.05846965717357185
5,0.060723350752001116
5,0.05171266883284651
5,0.05903081957940095
5,0.067702921379825
5,0.10268065329425066
5,0.07594867174017951
5,0.05665589405604836
5,0.055449959783614666
5,0.07821123762724588
5,0.06983600729932204
5,0.061366027756852085
5,0.07651808326252926
5,0.0653608558040655
5,0.08997801066458143
5,0.06001539045274269
5,0.05508217415757942
5,0.05504813479562594
5,0.07543955590410287
5,0.061128407325631004
5,0.06756179953628794
5,0.0566731635462827
5,0.0638996844523581
5,0.04785484942062705
5,0.0689048698433108
5,0.05971711558426085
5,0.05712455743470002
5,0.055886415252556366
5,0.05930433975323775
5,0.06800514779962519
5,0.06903777184403634
5,0.04678815175000141
5,0.06013348359984825
5,0.07357140776740144
5,0.07815871894561892
5,0.06916326303660408
5,0.0788030615441005
5,0.07669786203255466
5,0.05289335905402508
5,0.06843941795268334
5,0.05864589929271349
5,0.06249671323137814
5,0.06610022319663186
5,0.06823988170794597
5,0.05565340228383393
5,0.07146094120612011
5,0.08288340518161441
5,0.05547205092521159
5,0.08706921019299543
5,0.06870444777941775
5,0.06696894627333004
5,0.06431515262451029
5,0.0733337815150287
5,0.07174328609982493
5,0.06995247166462434
5,0.06758188917711447
5,0.06667404887847661
5,0.050018891960500265
5,0.06843857105240893
5,0.036395074088321495
5,0.07000057221605419
5,0.059329575097473074
5,0.056072408389613505
5,0.06936330291045459
5,0.04297960097381967
5,0.0811962506394733
5,0.05666407830211726
5,0.06044851053208276
5,0.09782278806616505
5,0.07022970480755947
5,0.07657692840350801
5,0.06852143607859411
5,0.03923243159995606
5,0.0768321385712282
5,0.06160753991424565
5,0.06056541810100367
5,0.059717037575372015
5,0.057813725538479466
5,0.08327744587339567
5,0.07225687464506896
5,0.05461909518734977
5,0.05497297277782538
5,0.06395519617900466
5,0.06400649846519557
5,0.07905677233269762
5,0.0667318312984472
5,0.06389578031897747
5,0.06713957703540295
5,0.05760143046502851
5,0.10944690484860672
5,0.053647510526666345
5,0.06096205887270082
5,0.09879099543414209
5,0.06804236894807278
5,0.06701765849051769
5,0.039277434783411815
5,0.08559708345442699
5,0.06570169638551572
5,0.05613807949822543
5,0.060103252476369676
5,0.05526149939427982
5,0.04694877857752615
5,0.07231882432737298
5,0.07153600686786048
5,0.07255584782016969
5,0.07029512216330794
5,0.0635957159795875
5,0.0818025772244312
5,0.08877492588326408
5,0.07893811827742729
5,0.08355851660764844
5,0.046752510235868114
5,0.07611047589227074
5,0.05861181294988118
5,0.046737571290808425
5,0.06444524650794489
5,0.05546950025997136
5,0.055169694643900626
5,0.06040930663589793
5,0.05692056655772517
5,0.056434008236367274
5,0.07746491137906711
5,0.0719306374771893
5,0.042989613690515086
5,0.08014391404229654
5,0.058948743311820095
5,0.08844765912959371
5,0.07588253344498667
5,0.07101921313254694
5,0.06059583456449179
5,0.05696813205612056
5,0.07623128810125215
5,0.07577415560813143
5,0.0568066950956299
5,0.08132483461777296
5,0.07218165650200413
5,0.0937072720036585
5,0.07297966701533128
5,0.061150837998140826
5,0.04695076232616348
5,0.07333285355241581
5,0.04084725242108635
5,0.07094687455759419
5,0.05824750635077628
5,0.06786278689748808
5,0.07621963246813565
5,0.0528494714616908
5,0.05483543982849863
5,0.055238297974569174
5,0.06796616195808995
5,0.06342395640364303
5,0.09848824570073045
5,0.06322332511895588
5,0.07016384449885041
5,0.05972291080044506
5,0.08499349624820882
5,0.059830956585905606
5,0.051096282526272796
5,0.07501969876230141
5,0.08507414302143254
5,0.07829707205040728
5,0.06525467170055355
5,0.08208578623155285
5,0.05720193766000979
5,0.07478671768862959
5,0.06306486479431159
5,0.05906899930385132
5,0.06475374462295527
5,0.045275782940151305
5,0.08351801336506501
5,0.06426024889250358
5,0.05243919241793764
5,0.07794109839509111
5,0.07006393524171896
5,0.04202677078474567
5,0.05276468215860465
5,0.0830171010006808
5,0.05880911716520221
5,0.07151929490688726
5,0.06538888256395073
5,0.10499222429261176
5,0.055083691837842966
5,0.05057430703691449
5,0.08010366268024813
5,0.0821965772977344
5,0.07343778264687986
5,0.05291414570513022
5,0.09137694702429724
5,0.06667070657066966
5,0.05277870088555601
5,0.0712767716445342
5,0.06180568087771334
5,0.05347825555789245
5,0.0730883604899276
5,0.07448680417256229
5,0.06252711994036834
5,0.10234494990855403
5,0.05624584219952174
5,0.09423725468502217
5,0.04657461468416644
5,0.0631545553252717
5,0.05559523667484643
5,0.060174305931076644
5,0.06955933031935133
5,0.09313776309945468
5,0.045653609969609016
5,0.07555317524628638
5,0.05696451244569837
5,0.07145528986497734
5,0.06175975539998302
5,0.0605288263331951
5,0.08052819930654462
5,0.07657388144808275
5,0.05797937419305177
5,0.07118152679033177
5,0.059338040438683196
5,0.0616750153807011
5,0.051407678311719975
5,0.08182024987879977
5,0.06753994067133981
5,0.08795161989125067
5,0.07900006243208271
5,0.06206980037916834
5,0.079262740500149
5,0.06810726630916808
5,0.0722097695710908
5,0.07994627306767942
5,0.05338805623802014
5,0.07476245273131257
5,0.06414406593792674
5,0.0677325996703927
5,0.09049859863617064
5,0.05504171824139301
5,0.09929748588774402
5,0.0698529238477418
5,0.07121092344436522
5,0.06356253704076785
5,0.07589512490192284
5,0.0790104919584231
5,0.0568941925457009
5,0.037559915927516715
5,0.07223141766887987
5,0.0401659536665485
5,0.06782818052993932
5,0.05541099665941285
5,0.07622812107767338
5,0.03762934941968132
5,0.12208780052400066
5,0.07135255316190878
5,0.05458172384176262
5,0.06319890337589817
5,0.06938434401927851
5,0.0624932055722172
5,0.05616213658816958
5,0.06481949504868596
5,0.07737762459650784
5,0.05258779680722311
5,0.06637661295665334
5,0.07936137168219817
5,0.053256329356927735
5,0.04734020058654176
5,0.07491439541403931
5,0.06615781040340044
5,0.0905385007696222
5,0.09323118986880402
5,0.09107971354078631
5,0.0849740192878832
5,0.046439643998415985
5,0.06617044638203172
5,0.06942117776385415
5,0.06631104834567117
5,0.06078996826568043
5,0.03436810037074213
5,0.05648497669686821
5,0.08129363336466663
5,0.048823901588398916
5,0.06999425629296988
5,0.06412174089555164
5,0.05111994594748338
5,0.05098583158700583
5,0.06128290478731886
5,0.04942933493438563
5,0.09217565698601682
5,0.06379491468834178
5,0.05437104176494105
5,0.08716032872293966
5,0.06828206396703906
5,0.06576897689713994
5,0.07453498509464627
5,0.0533039611718484
5,0.07132540413233919
5,0.07271460856511222
5,0.06845620725741915
5,0.06406423403712355
5,0.06834898574741005
5,0.06468040603124532
5,0.053792210959537755
5,0.051695615307844375
5,0.05697759817527535
5,0.07288712432918938
5,0.058163306522578916
5,0.05188512404614794
5,0.06040140745366331
5,0.051961207153446876
5,0.08490185554802746
5,0.08423022206965718
5,0.06805382862117544
5,0.0616647662712169
5,0.05627699049585522
5,0.0858063649696333
5,0.059800938955875106
5,0.07633112309218218
5,0.061429697030758956
5,0.06624819008971002
5,0.09459286366435085
5,0.06659420745768335
5,0.05781947447089073
5,0.05138042698406804
5,0.05786126539774742
5,0.07671920814966984
5,0.0598468082924836
5,0.08007494800408181
5,0.057930669522395395
5,0.10474194828034386
5,0.03982220285429371
5,0.07554962702119968
5,0.0616026720829882
5,0.05014897902936044
5,0.03796578539968001
5,0.04527096625737864
5,0.06464450737580027
5,0.06808521000385842
5,0.06717227445779973
5,0.0750650470288499
5,0.07115347108747502
5,0.053878737764250895
5,0.049096533313832076
5,0.05512419365125641
5,0.05835588108795884
5,0.06425535892361843
5,0.07007311324676045
5,0.06975228278654788
5,0.05659146104816504
5,0.07112310945952786
5,0.08439470160710451
5,0.0757961210697454
5,0.060989476747186244
5,0.07156336889891478
5,0.06038926553384495
5,0.06585087587674965
5,0.05105472119822492
5,0.08305204387920215
5,0.058413457814997585
5,0.053468181479230714
5,0.05932418492873143
5,0.06818386539374545
5,0.06314779585234676
5,0.0597354891282925
5,0.06353090808823432
5,0.06533060554477346
5,0.062153643061464134
5,0.044334198220041324
5,0.0612030345461886
5,0.060745729682017746
5,0.05615582787898025
5,0.062835556257426
5,0.05979549361889673
5,0.0669704536352927
5,0.09090486156232185
5,0.07244262026390125
5,0.05824796381492181
5,0.06833633645379086
5,0.06620114802844372
5,0.05010212392094791
5,0.057094888898914696
5,0.10069409933961611
5,0.06832012512835328
5,0.09964834270366026
5,0.07789120672910735
5,0.07231719667635088
5,0.07379819693052748
5,0.055918225822699695
5,0.0471595096676864
5,0.08261185566169678
5,0.048489287234456016
5,0.08872090178505732
5,0.056655402083266984
5,0.06477873511133536
5,0.06583026362275864
5,0.06477466094342355
5,0.06578840019773824
5,0.05673660362101002
5,0.05830071891605996
5,0.08940975551040026
5,0.07961076331322854
5,0.05136541742315892
5,0.07398561665242696
5,0.0830399242340458
5,0.0618973637039846
5,0.05103512673355779
5,0.05381323398894354
5,0.06320798804007241
5,0.05321664622844604
5,0.050812295195662216
5,0.06814958121487577
5,0.07952735040018909
5,0.08746989590014549
5,0.06534391040004286
5,0.05463935969893989
5,0.05343786112731389
5,0.0732096064315047
5,0.0640786511631837
5,0.04853817921967905
5,0.0634733632883619
5,0.09185955634675459
5,0.052203212602660955
5,0.058241363850040286
5,0.06895184035186414
5,0.07198471731154206
5,0.060480523797167264
5,0.042461155499635986
5,0.06069721713860802
5,0.07224054715994757
5,0.05260937974430511
5,0.07749506570175155
5,0.05851084632846478
5,0.06913289706894925
5,0.052818274941203114
5,0.09105598370566796
5,0.06844523314824436
5,0.07072024138245585
5,0.07510406972025992
5,0.05694145199868228
5,0.07388687782277709
5,0.08632634527631682
5,0.05704687214329039
5,0.07294628464054229
5,0.06739897245703333
5,0.08080530767388053
5,0.07370069908998353
5,0.06806358355321462
5,0.09032392781806521
5,0.05601117724056835
5,0.07904222177913077
5,0.06360806044198944
5,0.06004003004084775
5,0.05182786939585151
5,0.07583340289805056
5,0.10077403563558518
5,0.06535538810621629
5,0.07065224991257016
5,0.05510616710641485
5,0.053486793165281175
5,0.05972946431154584
5,0.06977884394825112
5,0.0908630501117884
5,0.06447143063736696
5,0.0629082174258099
5,0.06737664161849019
5,0.06726980370833291
5,0.050821076810171804
5,0.05612347887764764
5,0.049098574835185795
5,0.06151866242908578
5,0.06608109391331779
5,0.0656862133090925
5,0.0919964463126594
5,0.07429857523923158
5,0.06201786029497466
5,0.07262907134058758
5,0.06702080774974818
5,0.056916602728693554
5,0.07483220195141642
5,0.060408647742511104
5,0.06320234258189754
5,0.06513546044855209
5,0.06968561901543296
5,0.06685595693147532
5,0.09264279246773313
5,0.07114978641226935
5,0.06896938192030626
5,0.057129712820195355
5,0.08545923324523307
5,0.07026428030144066
5,0.07505309930314007
5,0.059659021154785975
5,0.04934293829014982
5,0.06427182353765629
5,0.0758844682189697
5,0.05005429429260565
5,0.07226891941381676
5,0.09600979995604515
5,0.06898370402448664
5,0.03920696662190969
5,0.06299223450183987
5,0.050114811347119224
5,0.06424938345434403
5,0.0683238591533355
5,0.07497488627337041
5,0.08568447503303492
5,0.04041058439945845
5,0.060198870602048316
5,0.06751550906979102
5,0.06344008546793858
5,0.07475684083426926
5,0.10535609927500907
5,0.02875427528209081
5,0.06982664062371498
5,0.05227568222418997
5,0.06627542605506428
5,0.06503176812253975
5,0.06199182196177746
5,0.06321946068103357
5,0.07653554590775986
5,0.051548225129366465
5,0.06861460227198488
5,0.09896674754622607
5,0.05986372944220052
5,0.055753420923080145
5,0.05852871984138754
5,0.06585024736339931
5,0.048272866641810484
5,0.08214822492783763
5,0.09941204038039653
5,0.0545458121881995
5,0.05914125637535743
5,0.07721197156779742
5,0.05674920368815034
5,0.08471457750464992
5,0.07145448830761672
5,0.05702009513072489
5,0.06490608535622887
5,0.07922506740427342
5,0.0838599695062042
5,0.06981110961198886
5,0.062213548884319236
5,0.07434024102078918
5,0.06221277911597352
5,0.04938006262607815
5,0.07775609861270032
5,0.07962475212260531
5,0.09266394947452893
5,0.06370331405419775
5,0.046915160665488606
5,0.05338780229402312
5,0.10651868675275884
5,0.07020921428364815
5,0.09209986699599264
5,0.05811427561168818
5,0.07540558908606812
5,0.0740830401759234
5,0.062133539924071134
5,0.07970486491698642
5,0.0677275230107616
5,0.07243762515605381
5,0.06692948212175903
5,0.08416999258161799
5,0.06269095804480634
5,0.05454543027687355
5,0.08645784148491405
5,0.05744612685734972
5,0.05665350164458619
5,0.06481439181738853
5,0.05839151706674679
5,0.06478052525424215
5,0.07249613079868207
5,0.06907194289748479
5,0.0493009899268737
5,0.05070080287621037
5,0.0410102437446379
5,0.06582721418663887
5,0.06262104316823085
5,0.0834053377285822
5,0.08373644760075687
5,0.06947910671614017
5,0.06395486425680465
5,0.051482413433643036
5,0.07113836063071978
5,0.06377988810290029
5,0.06607548587978258
5,0.05638299417071013
5,0.05159527166309412
5,0.06070050108655105
5,0.08146346473743858
5,0.07838519401903983
5,0.06580097012198116
5,0.07700402166016969
5,0.06254704685135694
5,0.06581585564910976
5,0.08068042528296429
5,0.07573123265476242
5,0.0664456147641382
5,0.06416670205149581
5,0.07028592090336001
5,0.06588661934557379
5,0.06029127803680188
5,0.05909837211890869
5,0.1071697580148164
5,0.05867708136443202
5,0.08917290171767459
5,0.08899331983839029
5,0.0713521110262687
5,0.05491079501224553
5,0.06352566103112342
5,0.06561535856962872
5,0.05326960759757328
5,0.05972316101861933
5,0.07484865448337548
5,0.07023703498145648
5,0.05278594667414953
5,0.07079862479312386
5,0.07579449355425012
5,0.06456650453236189
5,0.0685238999970097
5,0.08251443672835032
5,0.07398632931484378
5,0.08084129965366241
5,0.09746489180817419
5,0.062315912530743825
5,0.10818239113028902
5,0.07989323546875396
5,0.061853545650253784
5,0.052591991630186484
5,0.053695609323436665
5,0.0744711160655365
5,0.07678193865324959
5,0.06409371437756477
5,0.054860909718432715
5,0.0626732784310562
5,0.06201805188354749
5,0.07030456745159189
5,0.07757483023545982
5,0.07109224710175696
5,0.06607548784464148
5,0.06296263445201078
5,0.05653171120667009
5,0.09183767564021832
5,0.045114198724037574
5,0.055645624339370404
5,0.06570847718619029
5,0.06622987501338434
5,0.06116570743122087
5,0.06804304754232086
5,0.05405274349696659
5,0.09084192665415501
5,0.06881578537257864
5,0.09425574567746484
5,0.05257874922152071
5,0.05581192836444422
5,0.07373248815408537
5,0.06894718445787315
5,0.050058704159197664
5,0.10100066456883874
5,0.06033577590613385
5,0.06953962692908684
5,0.08343864219528144
5,0.07361728360930869
5,0.05968082504333545
5,0.06876035319626919
5,0.08364679521802507
5,0.09242783382150069
5,0.05978822492834855
5,0.06480874179149365
5,0.07636604211097656
5,0.052057769743000436
5,0.04200430927025711
5,0.05329044125668274
5,0.07119624464121677
5,0.07046926783716786
5,0.05109457278736398
5,0.07730876791825662
5,0.07005485490443235
5,0.08424444724912945
5,0.061248441273152196
5,0.06651634025099291
5,0.048960906401598045
5,0.07376899351091307
5,0.07091324041980127
5,0.06253720283467587
5,0.06422315889876756
5,0.09441161035170142
5,0.09438555593852772
5,0.060178001180386353
5,0.05649021106730352
5,0.07025961560402881
5,0.06711335925743925
5,0.06163776900823721
5,0.07430044294453023
5,0.050827135249022916
5,0.1107939583377435
5,0.05710962024602584
5,0.07037728966873372
5,0.07700603592586167
5,0.07159164800585575
5,0.059775921230291115
5,0.06310499937440234
5,0.05363470002848593
5,0.06827036484242462
5,0.060837205314393086
5,0.05854046777413929
5,0.07767598381886179
5,0.058761068030393715
5,0.07580081010793079
5,0.0777664651576218
5,0.09704998066255191
5,0.07616509968831736
5,0.10150628612487222
5,0.05487172321550543
5,0.04860221520966935
5,0.08475974216356133
5,0.05717299586209845
5,0.07771672616826956
5,0.060235289349924837
5,0.05516674666520316
5,0.14449407677246578
5,0.054155749711039466
5,0.06610682162431064
5,0.06255489872741862
5,0.06082037637344746
5,0.05198153466123563
5,0.12310957241160062
5,0.06967926268468935
5,0.07827016037025669
5,0.09766949223824897
5,0.07418297272295235
5,0.0689095598021407
5,0.08046204933642584
5,0.04300017639270975
5,0.08315979227957956
5,0.09150392465743569
5,0.08554894339189627
5,0.07597400632055853
5,0.054768099258288946
5,0.05560099710604009
5,0.05290795800796024
5,0.06436505875145433
5,0.057628779402872324
5,0.05668147346970809
5,0.057683203035730754
5,0.06392551766487753
5,0.0643534184551042
5,0.05156811111935729
5,0.087656309119459
5,0.0619966700092228
5,0.05909191094439734
5,0.07886669038354316
5,0.08964774403975437
5,0.05605506855210658
5,0.07666969857041397
5,0.06369924877651102
5,0.0616261565170801
5,0.09249677418668283
5,0.07710972347977171
5,0.07130593963439116
5,0.056114411225955396
5,0.05985340813293881
5,0.06603002522264403
5,0.08167305052159166
5,0.0694173898078672
5,0.06330959217360524
5,0.041111420735378434
5,0.06997974366037821
5,0.0886563684337825
5,0.07807042405095391
5,0.07548741234581755
5,0.06383022210067092
5,0.05909107467790938
5,0.06451410189533498
5,0.06837312294390445
5,0.06913754720168078
5,0.08368031683056394
5,0.07370534041388041
5,0.06453226521146856
5,0.08902803720790897
5,0.06548554119474018
5,0.05565656512545012
5,0.07465807474793225
5,0.08520419484281629
5,0.08426326250854842
5,0.05759907339577343
5,0.05689259104464471
5,0.06465035990058429
5,0.04346315555363929
5,0.07563653589233911
5,0.07242304288140992
5,0.0912083478204144
5,0.07147465019370225
5,0.08857976266048893
5,0.06738180278022297
5,0.06012345303448524
5,0.08220763030191
5,0.06109497223545468
5,0.07062866822937389
5,0.11941530522027335
5,0.0662231544557165
5,0.05313931312752669
5,0.0640952520927027
5,0.0692554887651258
5,0.06327406915700902
5,0.05694649044645482
5,0.08968117256978417
5,0.06252560044327718
5,0.07584136697091577
5,0.08876278681849499
5,0.0502313851512584
5,0.06608542277648839
5,0.06329840693524864
5,0.10056708659230087
5,0.031558174054725385
5,0.08739705001099374
5,0.0549079451482006
5,0.07338176803040972
5,0.05223334439073203
5,0.08600115245920635
5,0.06809957953106946
5,0.06505511541939242
5,0.08262631687022788
5,0.09921795261294292
5,0.06447980148249373
5,0.056349929129784204
5,0.08018082812075043
5,0.06179567521429926
5,0.07217941906481155
5,0.09637009954691092
5,0.04929260513306387
5,0.05908725605518276
5,0.08066556600608772
5,0.07207205085726676
5,0.07076785217453356
5,0.06648546046168105
5,0.06302599755108804
5,0.055661775162381424
5,0.052534834517288284
5,0.067468178294409
5,0.0680482946113459
5,0.06768937553704905
5,0.05931104021881286
5,0.07406301000218186
5,0.0484639869870917
5,0.08163284071221374
5,0.05488823424898317
5,0.06316622441914303
5,0.0481718313355625
5,0.07488051098574089
5,0.049133565265416033
5,0.07736360877889129
5,0.12153292785718398
5,0.12672871862736565
5,0.07693440161437376
5,0.07217367557831098
5,0.06724230538215029
5,0.05755597563073424
5,0.05179189044779118
5,0.066526544094159
5,0.06452116349723588
5,0.07924961183468057
5,0.08368718693053685
5,0.07167210050812992
5,0.08089121127425085
5,0.11437264969875827
5,0.07780304502361834
5,0.061118470052763205
5,0.07109638428609935
5,0.06832695053600804
5,0.0565505518459873
5,0.08856195237304529
5,0.06858688356539214
5,0.08125463718890995
5,0.051404523138581425
5,0.12278039069178817
5,0.08073315182485144
5,0.08608705728446861
5,0.08734474178642695
5,0.0749268563524287
5,0.08222824377679963
5,0.06338731972412634
5,0.07848799341777372
5,0.07259265767419654
5,0.06644326263484839
5,0.07842419892174449
5,0.06364051675031177
5,0.11073202078445661
5,0.07424014849816898
5,0.0691014334291015
5,0.06385769049468563
5,0.05072735112557225
5,0.06256636768645817
5,0.06940662356503384
5,0.05678412522171968
5,0.08404633718689784
5,0.06930822753727774
5,0.056329911250675914
5,0.08837481375749501
5,0.07491265449103904
5,0.08236551938715168
5,0.06501180315100576
5,0.0745437070179562
5,0.10230837624859679
5,0.056945553943037165
5,0.06348430795586946
5,0.07035696131360851
5,0.08328871718235886
5,0.05536362761528444
5,0.07501931879067421
5,0.059799562371710115
5,0.08447078433825043
5,0.05541395559152105
5,0.10121968471894509
5,0.06241277444463751
5,0.05428185289930164
5,0.08607763668482836
5,0.09747547890059895
5,0.06600342531390262
5,0.06265091024943858
5,0.08047807469994865
5,0.08218363544063642
5,0.0688314374884437
5,0.07485601559844854
5,0.06298219441774763
5,0.0716379785388088
5,0.08084231794631394
5,0.10429419287766359
5,0.08095771131358773
5,0.07268326817665116
5,0.1050754623862997
5,0.05850991064743981
5,0.07071488019969659
5,0.06953381730365357
5,0.05736735625247559
5,0.08960513280868897
5,0.07585187429271023
5,0.06059329014385158
5,0.05697080242959185
5,0.0633231573298643
5,0.07677409731242736
5,0.05792947311640355
5,0.05018207056736411
5,0.05818003971576495
5,0.06423116721109484
5,0.10560484013663547
5,0.07453989288974736
5,0.061894310282119135
5,0.05919683415505141
5,0.10942866562040801
5,0.10041479521175267
5,0.08271611993569135
5,0.04956358206235341
5,0.06362494984411866
5,0.08412352190335441
5,0.08401422836993476
5,0.06893862759812695
5,0.06714029288658682
5,0.07508620981344774
5,0.06368809550976001
5,0.07465974271328639
5,0.07129077046725793
5,0.05427744141618883
5,0.06930694347708402
5,0.06324267513931517
5,0.0523660417171651
5,0.07172088787083956
5,0.11441490574704827
5,0.06731032460906386
5,0.08692780724194679
5,0.0829551052954028
5,0.0820452293844893
5,0.09092313765352114
5,0.07807243784933854
5,0.09924702556304481
5,0.0827589757896207
5,0.08455039623317095
5,0.09486464953722937
5,0.08855454033260972
5,0.07093071014672768
5,0.08289085215335039
5,0.06677744484565502
5,0.08099431697093815
5,0.08380398855880362
5,0.05133898101979807
5,0.0691273767985601
5,0.07197908986531942
5,0.0794793546350971
5,0.07928824707857832
5,0.05873731034892486
5,0.07374545330326801
5,0.08029322611713
5,0.08076733097456942
5,0.06432996950930112
5,0.07280116110979114
5,0.05711671078615749
5,0.11239225597945315
5,0.06348938229989927
5,0.09077178201445339
5,0.06295987539782036
5,0.06170738764340568
5,0.056141447680205125
5,0.07061337388816318
5,0.05927357012566773
5,0.058191546583561946
5,0.07596438773616965
5,0.07674995161867493
5,0.06668376779041982
5,0.06726221340306449
5,0.07408627728233366
5,0.05595516314810807
5,0.12302148394593346
5,0.0741682723682697
5,0.10086236963899038
5,0.05162050271698537
5,0.10084815091891672
5,0.09084222036700769
5,0.07919804596049218
5,0.07518822885237923
5,0.06471826611822859
5,0.0696206442865436
5,0.08314971605991929
5,0.061812543433219624
5,0.07598664628921134
5,0.061163156562083855
5,0.055310223834681385
5,0.07832896573585266
5,0.06116879184205122
5,0.05545622268887551
5,0.09061279144271081
5,0.07705709393378518
5,0.093048759222695
5,0.04559707386611406
5,0.0487506608631803
5,0.08461301774261046
5,0.05383448966423186
5,0.0846450041130565
5,0.0935250367447895
5,0.07141397962134688
5,0.07560337116006008
5,0.07196703493612014
5,0.07802218240967387
5,0.049376258196764375
5,0.0653851165169352
5,0.07555478311456472
5,0.06404475829405055
5,0.07316519714788076
5,0.08883383597420862
5,0.08768351532329902
5,0.0580009274063637
5,0.052120954375984116
5,0.07285787006517934
5,0.07522819768205505
5,0.06246833927614015
5,0.09328096406302575
5,0.04469986154341736
5,0.07926419781125908
5,0.04308255215914221
5,0.08113061347970295
5,0.044699773349696915
5,0.061891834609218696
5,0.08966722490462416
5,0.083777452451369
5,0.07189462092165899
5,0.07026432069453796
5,0.08354080676682137
5,0.06945706974724594
5,0.08168991768552541
5,0.08930416033958485
5,0.054030479273365704
5,0.08029069618384613
5,0.07466042115978862
5,0.07856953299052703
5,0.0859300328551648
5,0.0652055952023865
5,0.04901235029016845
5,0.0983175222116476
5,0.06468785341146467
5,0.048132156973844153
5,0.06417255300171897
5,0.07325371300371966
5,0.0821342297387387
5,0.06235545115704751
5,0.07758520245026423
5,0.06311833576714349
5,0.06452270581660591
5,0.08463283086619423
5,0.06865916750752457
5,0.08596626339911943
5,0.08573275120415211
5,0.08917220452160833
5,0.06670922440454974
5,0.061275993895338866
5,0.08922743009055081
5,0.07054472281099361
5,0.08067281725244632
5,0.08348625550074092
5,0.05532667132608763
5,0.09397450577256654
5,0.07872382450201149
5,0.06381730407117829
5,0.06588099373294512
5,0.10907585962954439
5,0.0710711336965307
5,0.06099021164095987
5,0.07258325998809408
5,0.1708838529905869
5,0.08070132713935468
5,0.08473001776994211
5,0.07921833146718306
5,0.08389552589491807
5,0.061638741770829765
5,0.06522102196729582
5,0.050139840059485755
5,0.1112096474087709
5,0.06002925987881147
5,0.08013173091837986
5,0.11189540793568586
5,0.08172371263848924
5,0.08596729194162737
5,0.06455449151352485
5,0.07212560952365446
5,0.06922984810348555
5,0.06754264056098501
5,0.06310569210115667
5,0.06828598900279295
5,0.0945626499959194
5,0.10354471627549619
5,0.08997887208734837
5,0.06396824630846318
5,0.07931137608738772
5,0.08565623466341761
5,0.06423546235681238
5,0.08577959580266191
5,0.08756030425647025
5,0.07124364187577023
5,0.07213203895432138
5,0.06234929374186593
5,0.06140905999827748
5,0.05744083838906464
5,0.07208592975828876
5,0.08191628904607766
5,0.08008938797532475
5,0.056669175620865965
5,0.09245249403652178
5,0.08850908103582945
5,0.07136468559281911
5,0.0687897662020416
5,0.08801273002950927
5,0.07446861080179941
5,0.09030546144684945
5,0.1234961030455893
5,0.06329065637403489
5,0.08464710351020352
5,0.07324060898573606
5,0.063442907556824
5,0.0878075832143234
5,0.07317592315996409
5,0.06724722801558068
5,0.06551017623512248
5,0.06495726811886529
5,0.0740458223560517
5,0.09929835221874958
5,0.08921106978590213
5,0.07190515085770355
5,0.05495451690196775
5,0.07198080707104257
5,0.07415949066165542
5,0.08859564704029237
5,0.059226582578227424
5,0.05860382046779379
5,0.06782872335955194
5,0.08264683436687106
5,0.09404587513539868
5,0.06898538035836492
5,0.06758601259619394
5,0.07033689712400923
5,0.0964745858691857
5,0.06442124646321848
5,0.07985261089244093
5,0.07048062645952428
5,0.05831519430968346
5,0.04263694176588434
5,0.053198758408571835
5,0.09504051107598695
5,0.09924735420530506
5,0.06692724733201258
5,0.06925551461615972
5,0.0767473107852176
5,0.05922233153703148
5,0.08372721982013967
5,0.07016282961893153
5,0.052072725942769224
5,0.06643536799119798
5,0.1076077844243192
5,0.08835797241182093
5,0.06795024558835498
5,0.0695626174848
5,0.09651421876509536
5,0.05192387334205062
5,0.09438415735472891
5,0.07926046534213745
5,0.07546616893454998
5,0.1159961407263254
5,0.08434773268251684
5,0.05458047254133678
5,0.06615747619738799
5,0.06386483155840016
5,0.04848651691542836
5,0.06198291879979227
5,0.08581948957384904
5,0.08331964800865332
5,0.06444153531921973
5,0.09070256489836839
5,0.11260164832829614
5,0.05592317694223481
5,0.06875436798029483
5,0.07618001178988416
5,0.06753254260634503
5,0.0713153187977203
5,0.06663776396447371
5,0.08989251039438756
5,0.11425694291987146
5,0.05838444359925147
5,0.08556657864201231
5,0.06448210741916682
5,0.07597379464165208
5,0.06644136054806674
5,0.07884725949752598
5,0.06991085403899486
5,0.08111496832653335
5,0.057159713080096576
5,0.07026037323118499
5,0.07851118728923603
5,0.0771751559216189
5,0.07469841193645209
5,0.09448841141241995
5,0.07075070677222409
5,0.05756928130133378
5,0.04025765281648843
5,0.06022105816200429
5,0.06415811434321103
5,0.07680102325315004
5,0.07743789870983935
5,0.056169783797645235
5,0.06592738668042182
5,0.08763381884925311
5,0.0615622622664589
5,0.06345518479036363
5,0.07767540200987207
5,0.10574656986986793
5,0.06983889883896827
5,0.08865078091314514
5,0.10278582967468801
5,0.07261533808087291
5,0.06226932631703068
5,0.06832664027923879
5,0.046243258939771506
5,0.08040204795366428
5,0.06900691567114944
5,0.07343300876508915
5,0.07297849438382306
5,0.09803435221750975
5,0.042185838360362174
5,0.07768624961908535
5,0.06633865852273256
5,0.0638121109773809
5,0.04700156557183812
5,0.06652350928718515
5,0.07865648916814587
5,0.133612652075115
5,0.08995269435441058
5,0.08037288918161742
5,0.06772738175316573
5,0.07382773514482592
5,0.061132482648787345
5,0.08758045626356067
5,0.07464538071412105
5,0.09008068516363285
5,0.0787599889869833
5,0.08113288878964416
5,0.06499680386472677
5,0.12101021215345534
5,0.06211578328309626
5,0.08199434655253482
5,0.09355455850209464
5,0.08383063475565826
5,0.07549217437011142
5,0.12916404866849357
5,0.09114825892809857
5,0.10625099015628628
5,0.07689588244826799
5,0.09227564568847449
5,0.06321368505934256
5,0.09121011809154944
5,0.051061801931985853
5,0.1146481065220039
5,0.05840275833254185
5,0.07623627691331365
5,0.07436209562234847
5,0.096675143505562
5,0.07257484432227637
5,0.07087189032380552
5,0.10925607328815841
5,0.06675542985934994
5,0.08263328888496146
5,0.07429647505666873
5,0.06111395868243517
5,0.05012638353767929
5,0.07914845694815756
5,0.0719788708335797
5,0.10561742653933326
5,0.06769709168055373
5,0.06977309178975204
5,0.10072478098552702
5,0.07973246271712875
5,0.06643972983014804
5,0.07108868906916058
5,0.06395217072131475
5,0.07369641925300463
5,0.07259116365804111
5,0.06601916205105249
5,0.08415056853409754
5,0.08710746711585754
5,0.11572840714370995
5,0.07448070120119143
5,0.08215395933872387
5,0.06494183482608692
5,0.08639984292475578
5,0.0716699912106347
5,0.08527046060881885
5,0.053124438336249344
5,0.1410692454537495
5,0.07149519010341283
5,0.0827906400362353
5,0.07993692816051172
5,0.0573990070991245
5,0.08057773870560005
5,0.06710256329001676
5,0.0853213379112558
5,0.08276049075829807
5,0.12507978143807202
5,0.06849270581669294
5,0.07222213629425651
5,0.09031095042571319
5,0.06390738141703714
5,0.04607738601187441
5,0.06572754237065281
5,0.10521929705842128
5,0.1183976346626761
5,0.0891195801302021
5,0.06535340814153043
5,0.11743703548842735
5,0.06998186152823539
5,0.08308723638570595
5,0.08783452759453583
5,0.05560796489701399
5,0.0891795306972992
5,0.08045333222490052
5,0.07078176118360505
5,0.12107887067850616
5,0.08824454982057128
5,0.07819401095417497
5,0.06609275877864593
5,0.06050793882955876
5,0.06753345086033799
5,0.08677817832362353
5,0.05860004498705022
5,0.08213863971355903
5,0.11027905937858584
5,0.06843424661147694
5,0.0721007409641813
5,0.07883081220332751
5,0.08603038915334085
5,0.08674381881192744
5,0.11294744298243849
5,0.08574975748680501
5,0.07976264195708867
5,0.0761993240075167
5,0.06646850842242344
5,0.09209166602650007
5,0.09301682447903774
5,0.07638070277413497
5,0.08093528529039459
5,0.06107349917252699
5,0.09367899920664784
5,0.07552336360247454
5,0.07815397394050802
5,0.08958466967839082
5,0.09994456499069643
5,0.0794077256227928
5,0.10559721778265216
5,0.09958563290311832
5,0.11012026389541414
5,0.05496125703966417
5,0.07218381487848667
5,0.0673789880710224
5,0.08419959508407895
5,0.07711914628810215
5,0.06814298122779179
5,0.08798149280004386
5,0.07373692100278037
5,0.04112953225818918
5,0.07192780662005945
5,0.05312455095786972
5,0.05506131032991392
5,0.0731150082725335
5,0.08720562011264718
5,0.08286195091944114
5,0.07135711430283734
5,0.05895798181117649
5,0.0435348262797096
5,0.08375953957392225
5,0.07088349958133147
5,0.04542883482804383
5,0.07692259752231376
5,0.08179509304717861
5,0.07034797705865677
5,0.09131707716699422
5,0.0954519030776491
5,0.07222093265504248
5,0.05910166274998706
5,0.0924500398145807
5,0.06408780810065469
5,0.09266589203740569
5,0.07836905973401778
5,0.06701879568030883
5,0.08490469590937663
5,0.10632982214670741
5,0.0934484563338725
5,0.07022443066742554
5,0.09315126116151555
5,0.07639228187079974
5,0.07765893811605525
5,0.09435952709369017
5,0.09943941620689487
5,0.07899689054521301
5,0.11188894839183472
5,0.06973057439204747
5,0.08591408042542598
5,0.07580355788264187
5,0.09177067502785674
5,0.08896386084221697
5,0.06074905176759957
5,0.10261002433321673
5,0.1149347396539205
5,0.05959091491264969
5,0.08416692791633683
5,0.08495517299020836
5,0.06732787666374805
5,0.07936223142129066
5,0.0560829216277441
5,0.10388317887002649
5,0.08702999143937173
5,0.0763935324960909
5,0.08233925753896154
5,0.08763892803440501
5,0.08515130927696883
5,0.09589794914364033
5,0.086515667327194
5,0.1001682391901231
5,0.08638909432302824
5,0.08210690589977798
5,0.08983032466405257
5,0.07636245169972547
5,0.09069412397435894
5,0.11764774356747268
5,0.08439923266104106
5,0.09584212955478383
5,0.09551312437525457
5,0.09095084248672265
5,0.13995412098133522
5,0.1025746754328212
5,0.08348121065190472
5,0.07429155353397013
5,0.06681229535431879
5,0.07183329472405602
5,0.10378501180771675
5,0.06768937878169691
5,0.1017629537039689
5,0.06871421202614543
5,0.07307994107935777
5,0.09499190941889506
5,0.08541275873371709
5,0.10281483767483421
5,0.0826243529384488
5,0.07971093769556054
5,0.07862764278215065
5,0.09254002270734323
5,0.0698668824034488
5,0.09102845048171607
5,0.08610346836667009
5,0.12828590755117522
5,0.09142132391235899
5,0.08189990321876287
5,0.08347999811084202
5,0.07418427305791611
5,0.07597735843609156
5,0.07822211494675671
5,0.11816468901207182
5,0.07063738944397066
5,0.1078525565988766
5,0.15645382212453635
5,0.06386661559302893
5,0.10655859177913332
5,0.07630353589704472
5,0.10677293677673964
5,0.07637331869165417
5,0.07803806185789992
5,0.0664247547083759
5,0.06493349451188238
5,0.06870345696785901
5,0.0726637838049854
5,0.09370361056071604
5,0.06023489519230908
5,0.053982329776335124
5,0.04580879059606226
5,0.09556150844524143
5,0.08327953750230803
5,0.07254025377387728
5,0.07784890335139737
5,0.0736471734599494
5,0.09055009378310859
5,0.07864650381976998
5,0.07200010198381135
5,0.0717841093615321
5,0.07030809528418508
5,0.1081690762670271
5,0.07986731924482615
5,0.10096033053797723
5,0.05489853547843417
5,0.07150955204677034
5,0.08298715587404118
5,0.07484819215890019
5,0.09346970919158706
5,0.0649794485794919
5,0.10804219690257592
5,0.07363260155115885
5,0.0933375136119345
5,0.07047591711131242
5,0.05539919984620447
5,0.12767315298121368
5,0.15415668168428656
5,0.09005919543299672
5,0.06885864564032466
5,0.0771761890589135
5,0.07075205829294456
5,0.10030128065404842
5,0.06711378896806103
5,0.08044816879436005
5,0.08577085641910426
5,0.09674681857153059
5,0.09563229912020617
5,0.08349174369910442
5,0.07047867035960893
5,0.07295683005235014
5,0.10549577054916
5,0.06521170508722414
5,0.08541743967886684
5,0.08609524611460762
5,0.09332316420615959
5,0.08890340202178833
5,0.0749148586795781
5,0.07805031127084713
5,0.061249068360151024
5,0.09693302594059916
5,0.071014171371157
5,0.1182550864169503
5,0.08957994981210173
5,0.07320277638728892
5,0.11919295870184325
5,0.0957378555705263
5,0.08398858787471884
5,0.07434256086778485
5,0.08929867374178228
5,0.1414645486383565
5,0.05753403706106188
5,0.051984379211548415
5,0.07606084379649515
5,0.09411485992450849
5,0.06243725913412494
5,0.10287166354342384
5,0.06407244068363893
5,0.057798096524499264
5,0.10134236711937947
5,0.07530586208874225
5,0.08082431956300345
5,0.08218074043340032
5,0.06473184782319379
5,0.1097310521242936
5,0.06163968513632021
5,0.09702519685247132
5,0.08833665722401725
5,0.10531091917980126
5,0.08769909640162987
5,0.07802212403213624
5,0.08429886697125763
5,0.07306089994533352
5,0.08042386097614956
5,0.09847734120168569
5,0.07813080558575897
5,0.08055958269953427
5,0.12967610685278413
5,0.10107003590252858
5,0.07209876187078039
5,0.08829939281350088
5,0.08073562547594598
5,0.10817190663877815
5,0.07057112776505725
5,0.06261646931297375
5,0.07632103460716927
5,0.0896910984350172
5,0.08190288989658323
5,0.09460514865250066
5,0.11399082379181262
5,0.12328714008717805
5,0.07860477561079669
5,0.08644816362577172
5,0.08763741145642256
5,0.09462079668296106
5,0.06290527240167372
5,0.11094209400346422
5,0.09176939227271892
5,0.09384639077494869
5,0.08533809911967274
5,0.08308659410909618
5,0.1334510720532161
5,0.08513682247349712
5,0.08562216987879114
5,0.0662531269616666
5,0.10196717177358292
5,0.08230856561122184
5,0.0856938938799962
5,0.09018663225982029
5,0.10110205281973976
5,0.09250977302204919
5,0.10629964823338289
5,0.10486999543057918
5,0.09043966151572048
5,0.09212297170653963
5,0.057890508674366
5,0.05338856077001691
5,0.07033948505079676
5,0.08750777094895743
5,0.10831481861311325
5,0.08710946194937991
5,0.096026024758711
5,0.07689431165125275
5,0.06270644759890656
5,0.09042246543022107
5,0.07380098556137557
5,0.10565090074089678
5,0.08870885788469304
5,0.07485623072615102
5,0.09361364798242384
5,0.09201868295680446
5,0.11581587866369766
5,0.0537302924086976
5,0.13020470911321
5,0.05683719882751369
5,0.09960243939503613
5,0.07606310058075409
5,0.0715212100634741
5,0.09122960941208635
5,0.0897722725561562
5,0.06534610685505851
5,0.06567132853559447
5,0.10604988842276386
5,0.07497272849254098
5,0.08203494311190618
5,0.09274397433406147
5,0.09363928512903161
5,0.10481975071417442
5,0.10859507806792083
5,0.07650455598787405
5,0.11992375234544414
5,0.06662788832707736
5,0.11173836081986319
5,0.11675927997732458
5,0.08619722621236461
5,0.10193949376752887
5,0.10165219215459823
5,0.09822040292202698
5,0.06251380042158096
5,0.07353265164518602
5,0.09798047764514392
5,0.0644697855093173
5,0.14020953014749382
5,0.08538319560845878
5,0.061239248778659126
5,0.07869185488960494
5,0.09055151992612236
5,0.05887707903179471
5,0.08332153695085431
5,0.10035026518829218
5,0.06986275881766243
5,0.0707724503095503
5,0.09208100226194622
5,0.06494042594923186
5,0.10671205233904153
5,0.10425615257982009
5,0.062334288748263564
5,0.06687519192740725
5,0.05117009563489696
5,0.08865568684141766
5,0.08234617727489074
5,0.0902682057489724
5,0.09474111233400097
5,0.09573824012299673
5,0.0613362048638381
5,0.10163183512838991
5,0.06931217631427748
5,0.10432029511378213
5,0.07371063972456286
5,0.09286629969200741
5,0.10621871901963109
5,0.08100018543114268
5,0.11017203162792613
5,0.10765298976602253
5,0.09122175196763857
5,0.06601387673953231
5,0.07542105411535618
5,0.05508997515991139
5,0.08169293974086221
5,0.06826575319997709
5,0.10682387739495347
5,0.11814096543270432
5,0.10863696562024483
5,0.09784293886051106
5,0.07535928653218418
5,0.1209876013498731
5,0.06984343914803293
5,0.08548604642549759
5,0.0918403408536919
5,0.12494234373313126
5,0.0969867285635176
5,0.0600411206844639
5,0.09049506481341173
5,0.07934046476123288
5,0.10611576928163621
5,0.0968494755682604
5,0.06813294714538856
5,0.12548354282252674
5,0.07532114151587162
5,0.09014751654138572
5,0.10456542428080076
5,0.07922383248099382
5,0.11687960215853832
5,0.09478928526919814
5,0.07473533463156891
5,0.09622879022074142
5,0.09875290699300072
5,0.058714078803551506
5,0.1369265070837556
5,0.08450640403655138
5,0.092867029057936
5,0.09953989031451467
5,0.12684684483395628
5,0.10831709078418586
5,0.07730879281597422
5,0.06511846329306328
5,0.07148922853017771
5,0.08346935869987607
5,0.06193761427067338
5,0.09194227908011082
5,0.09063002189056037
5,0.13425496932634623
5,0.0669780447451177
5,0.08122573775479598
5,0.12685447022572377
5,0.059744259664611096
5,0.0937102702503684
5,0.0928993575011422
5,0.10201482703008953
5,0.09938607679113126
5,0.07609048447780939
5,0.065196568708739
5,0.10893525354280131
5,0.08598741121861896
5,0.08919461231319835
5,0.072719198861536
5,0.08591118249387675
5,0.09001220627453886
5,0.09976493538458127
5,0.06677721988110055
5,0.09746136646240175
5,0.0841635314985448
5,0.07836373222042865
5,0.07101114057655562
5,0.10239908752294262
5,0.09798142887602657
5,0.08185503141657731
5,0.060169313342593345
5,0.1292630439301779
5,0.10191617249978324
5,0.09138379674009442
5,0.06156090447370588
5,0.1036486866905217
5,0.08925006813881166
5,0.10141637847637038
5,0.12054520452376145
5,0.05234592930974304
5,0.07609429068486215
5,0.0797384200121844
5,0.07892393256190969
5,0.10741214804985584
5,0.08883541004339834
5,0.0796399705390299
5,0.06677367788193549
5,0.12109755331812729
5,0.08562001869148743
5,0.10702898377837558
5,0.07833136693988398
5,0.11807268272660107
5,0.08257737022944181
5,0.1303158471072347
5,0.08635791574206378
5,0.10801100761045919
5,0.08722316255569944
5,0.09359684900957602
5,0.08278790474545401
5,0.07450528161087873
5,0.1051944545844925
5,0.08118405687848577
5,0.09674628449261888
5,0.08341840226142658
5,0.057978517299795994
5,0.10383911663591235
5,0.09883523311069933
5,0.060187196881208174
5,0.10079063420070004
5,0.10043645116201858
5,0.09542100331659478
5,0.11120750014204664
5,0.10927973058756427
5,0.08306592817441517
5,0.08446730559369345
5,0.08630725226694717
5,0.10223784207818265
5,0.08491217685061588
5,0.07497677499529087
5,0.06534436373378846
5,0.0891214138704609
5,0.0819273651445581
5,0.09727536486467285
5,0.11775857330194357
5,0.08464215740438234
5,0.05781348633129117
5,0.07507759543823239
5,0.08529387913801793
5,0.07439905516009356
5,0.07346295265286867
5,0.07989032796016766
5,0.06995333528249258
5,0.08775522547816364
5,0.08911988036543873
5,0.11278400366564748
5,0.08097331035700096
5,0.09269205355688709
5,0.07239206099833614
5,0.0931263483810272
5,0.0919414829145821
5,0.08435878382257885
5,0.08286821008846623
5,0.09701753490772858
5,0.07960796195474887
5,0.0749284724640042
5,0.09130184945795353
5,0.07879577993315352
5,0.07252686269745437
5,0.10386484592389204
5,0.07924602873260447
5,0.11033929886157208
5,0.09559653482276755
5,0.1094247084625666
5,0.09685845977967361
5,0.07859982724261855
5,0.10393297744460565
5,0.10600149354544289
5,0.11491437194842105
5,0.10549939689356091
5,0.12497067307613344
5,0.09910031019617148
5,0.10839634675058936
5,0.1154333961092433
5,0.10441051920292017
5,0.06793305375032466
5,0.10622558374631834
5,0.10825878427550137
5,0.09005704385944902
5,0.09972973268823786
5,0.1442635097342053
5,0.0791751996673421
5,0.08795653902157272
5,0.09718224743215852
5,0.11768186475922113
5,0.07514653785620758
5,0.09400981475111288
5,0.07838961429248208
5,0.11102332578079335
5,0.06259410608922139
5,0.10724387816701689
5,0.06782701349425564
5,0.06641159674743172
5,0.06533844789790626
5,0.1040352401732296
5,0.08245223967044138
5,0.07895865092762262
5,0.08060877402068492
5,0.09943084826786816
5,0.0857591915992256
5,0.09209519208492964
5,0.1010019496255679
5,0.07406097687467474
5,0.06554178968871116
5,0.09064815168413679
5,0.09914919594088156
5,0.07948181715710569
5,0.08938197533006403
5,0.12356595550556507
5,0.07904409430177961
5,0.10430446186620604
5,0.08529516170757087
5,0.08207550780429293
5,0.09029034414914663
5,0.10684998833856181
5,0.11385143719671706
5,0.07799691953996594
5,0.06584428110406877
5,0.11272127601255577
5,0.10088090239842946
5,0.12006877482173017
5,0.10444743357472941
5,0.08740580810680391
5,0.1046224326365742
5,0.09044166256026026
5,0.09649774627442738
5,0.10427517796025362
5,0.09255473792703331
5,0.08227382104131396
5,0.07564083402487295
5,0.09823288879890209
5,0.09224713728502174
5,0.09197471977662797
5,0.15893628702476895
5,0.08473061573880102
5,0.06684768859256632
5,0.10799004962973677
5,0.09621801557905581
5,0.09417016732876017
5,0.10367587917039282
5,0.09461653052085439
5,0.10040757783465941
5,0.08048446893313292
5,0.10671982258418769
5,0.08434059486101089
5,0.07837104415905558
5,0.09031004591251275
5,0.11495473262300752
5,0.10755181898700775
5,0.10582542213145989
5,0.09326124665485232
5,0.11640127494896033
5,0.08937891826716668
5,0.0606715220432291
5,0.10806520106225956
5,0.10471971668908364
5,0.06820966844090151
5,0.10057136439475407
5,0.07620736517742153
5,0.10956268671731621
5,0.08864048152548777
5,0.0934544833157522
5,0.07043342666778753
5,0.0864510505003591
5,0.10247096343860021
5,0.1359983835430459
5,0.10624740018193754
5,0.08710391447495716
5,0.11252357606460413
5,0.0892576551180103
5,0.08444033159782287
5,0.10140763195688693
5,0.11322492456181524
5,0.10855320543896788
5,0.0845365886396002
5,0.0894722945884974
5,0.08328841297660732
5,0.11101845935966526
5,0.06710959776667766
5,0.09565435454320859
5,0.11170430333720618
5,0.11717188070235089
5,0.09068680760686679
5,0.0854095075841397
5,0.13245348079048452
5,0.10092357891538088
5,0.08609539983748461
5,0.10112139472474786
5,0.07007685552728625
5,0.10698831864247393
5,0.0993097870168906
5,0.11878418396550346
5,0.11297740492141835
5,0.08229433144004988
5,0.07956240695834202
5,0.10516872632858432
5,0.08454930522556872
5,0.0965331186919399
5,0.09566715783307556
5,0.13097343550894344
5,0.07003615907987992
5,0.07937630039460906
5,0.09150289964602364
5,0.13174732614176166
5,0.13442459219395772
5,0.08310067251073809
5,0.09776912797256766
5,0.09230707875357134
5,0.08697342349538535
5,0.10628591441768012
5,0.07139573895213994
5,0.10239053425781823
5,0.08267319308966684
5,0.08781221980937728
5,0.1338234452432919
5,0.1094556535825616
5,0.10469833588635627
5,0.0733705981015189
5,0.10280046793785638
5,0.11816190193046854
5,0.1028307847279822
5,0.09886082969507051
5,0.08039573314628332
5,0.1362405653273399
5,0.10025844242350308
5,0.09295437838215562
5,0.0908100303601207
5,0.09203775920716625
5,0.10613852278311597
5,0.0989392901560792
5,0.10056326920650474
5,0.1364250170183659
5,0.09190234167779177
5,0.07517116249235939
5,0.10732261308320949
5,0.07885953101696488
5,0.0899391048262742
5,0.06218476073045821
5,0.05966734280018482
5,0.09336021963381368
5,0.1079547610108594
5,0.08965711393965892
5,0.10760298853788804
5,0.13187337414760486
5,0.06890632278053972
5,0.0872396092051945
5,0.11472066417555912
5,0.0936556967124753
5,0.12499939094349224
5,0.08767687238427986
5,0.10547345994606194
5,0.08121583498789967
5,0.11442609818329967
5,0.09127372632826067
5,0.10873686555444444
5,0.09018960835889431
5,0.07412006740531617
5,0.10343516843501374
5,0.11291693790404884
5,0.11700524954748501
5,0.10963691133342206
5,0.08914774226230275
5,0.09047521754334782
5,0.13240797813797622
5,0.12637858026856713
5,0.07436896975667326
5,0.08532149989620896
5,0.07579774264025606
5,0.11366187838635244
5,0.10447369217363482
5,0.08642288646156833
5,0.10725392528162829
5,0.055681386553574706
5,0.12805564205337894
5,0.08369756921906205
5,0.10259593737759995
5,0.08471465985186971
5,0.10877137260616072
5,0.1463185517229159
5,0.09951469405961019
5,0.07137064281397357
5,0.09965727009920142
5,0.10713827229244155
5,0.1076186177724751
5,0.10080935908031421
5,0.12776247826100745
5,0.07012424086551695
5,0.18051454171419157
5,0.09661587386193558
5,0.11836494551955443
5,0.10421850832515203
5,0.10550354909229465
5,0.10965267493495853
5,0.1289315913574009
5,0.10345491344339104
5,0.08279882548073676
5,0.10910287435143595
5,0.0902452505404342
5,0.09151391249334198
5,0.09926455093010841
5,0.07750822964961437
5,0.10268897393533068
5,0.11960630539794534
5,0.09979033007960017
5,0.15187764730353553
5,0.0877118143499183
5,0.09201443442069047
5,0.07787285907862934
5,0.11446350565754852
5,0.10113892891823487
5,0.10982466976472405
5,0.1051169708001104
5,0.07754078461645461
5,0.09782398012111292
5,0.07126705154637146
5,0.07842367126200578
5,0.08262633800848909
5,0.1375908308730068
5,0.11163698666848572
5,0.08356414985126295
5,0.10986283047315534
5,0.12507642454520834
5,0.1000606589770217
5,0.13359084708367477
5,0.10933908564733823
5,0.08891631148754096
5,0.10931367757316153
5,0.08199329077147063
5,0.11955253330187816
5,0.12266438824278554
5,0.09325883406749493
5,0.09910518745531158
5,0.09677078585897929
5,0.09735254230923134
5,0.1333794617746642
5,0.09542800473480653
5,0.13266203381754066
5,0.12035738818929254
5,0.07544027010112088
5,0.11267628102271163
5,0.08816814681326075
5,0.09857213112031463
5,0.09205163604412209
5,0.07693724749575406
5,0.10411236791851801
5,0.15453863735561596
5,0.07578474575842374
5,0.11336518248668093
5,0.09557789419227314
5,0.07838898138008656
5,0.12595661992727486
5,0.08374530462016132
5,0.11680129086744143
5,0.07480896776620408
5,0.11498860820702483
5,0.09173871053369242
5,0.08336001895068816
5,0.12206608658201712
5,0.07943380684337036
5,0.09605046417045189
5,0.10364399157231148
5,0.0964712586557529
5,0.10674255805861177
5,0.1435840285156313
5,0.09901158236506995
5,0.09633340563779559
5,0.09820783688921025
5,0.11438313282920876
5,0.14044436220405426
5,0.1425977830984556
5,0.10413338327209225
5,0.05849534809773134
5,0.09229032846722209
5,0.10943833715816406
5,0.13893759441298648
5,0.16134218334931386
5,0.09159974695190093
5,0.16591675823321503
5,0.08328011382451223
5,0.1300108031430791
5,0.08649038029835258
5,0.12469800379454535
5,0.14736977241311147
5,0.11508516680885124
5,0.12915291891490777
5,0.1581190752802185
5,0.10022638307541613
5,0.11241073695235573
5,0.12104359354660583
5,0.08633888842954367
5,0.13114868296816432
5,0.10901286639717678
5,0.09661913451760464
5,0.08281113102965215
5,0.10593377574446494
5,0.1011775776087807
5,0.09101200648664305
5,0.09548676066023074
5,0.06822284720371383
5,0.10041322008899303
5,0.11717080968266613
5,0.0692512394033697
5,0.1119267991430311
5,0.11914189048542265
5,0.07483475646374396
5,0.1291820089178273
5,0.09086145220427924
5,0.1112126100576818
5,0.13695133452875244
5,0.10800253827221366
5,0.09066673573240205
5,0.11068635149960197
5,0.09304093253519982
5,0.13025908775719672
5,0.10464862763695393
5,0.12326426587555377
5,0.08942634747776311
5,0.11539787344323223
5,0.046905904355822536
5,0.10113788936862655
5,0.10528148190728918
5,0.17230079134402185
5,0.10171085129168822
5,0.1455345788875769
5,0.07799928418050342
5,0.07560779774981176
5,0.13159135617874104
5,0.14277434111945012
5,0.12168814289446943
5,0.10776313198643964
5,0.11005877377024882
5,0.11802288025201066
5,0.10413899056111328
5,0.10919604744651541
5,0.12667898667641284
5,0.0914207112663928
5,0.11107517901680238
5,0.12586030025321676
5,0.09165579072070931
5,0.15451081829660807
5,0.09479186309010662
5,0.22597693429382745
5,0.10672176951955632
5,0.1197108110015063
5,0.0824994331558386
5,0.15862548593232836
5,0.13818039665781073
5,0.09918337916373644
5,0.09393745067352559
5,0.07752338659164966
5,0.11186286198527085
5,0.10953536032446765
5,0.0940725073894794
5,0.11426115931304279
5,0.09976824937993042
5,0.10019850007696096
5,0.09044426178961021
5,0.11283816145271555
5,0.11342294344465693
5,0.087292080126823
5,0.1041655874107655
5,0.10251102239902024
5,0.08889819635834309
5,0.14455038544977356
5,0.11346947107766159
5,0.10800162708752177
5,0.11325246937074525
5,0.10005592058980621
5,0.11218797272702888
5,0.12252724619097402
5,0.10116850393099223
5,0.16070297658315535
5,0.11970618163137074
5,0.10332470275546286
5,0.0963311917071781
5,0.10934959969429539
5,0.13270871297424724
5,0.08763733855928184
5,0.11767458897358037
5,0.10925720371148713
5,0.0864253946992086
5,0.10687232825859623
5,0.10022527729409023
5,0.1097850924497263
5,0.14415378239565738
5,0.137324854897106
5,0.0870560723281322
5,0.12573410322511838
5,0.10424536880713701
5,0.08211387409696147
5,0.11873918482293419
5,0.1246573847201613
5,0.11028486274044255
5,0.08603424302732797
5,0.131692865562758
5,0.08928334185834357
5,0.11257975798285791
5,0.14220960074937902
5,0.14181493403342565
5,0.1301157914905827
5,0.11117232054652104
5,0.10823453956185544
5,0.18006484516310278
5,0.1232489395207649
5,0.09388423396623007
5,0.13697196563546413
5,0.08066923672897519
5,0.13993735092221474
5,0.11757117216532378
5,0.13983459860145614
5,0.10011333632004686
5,0.11190379027750223
5,0.10926824092169682
5,0.18042270940717614
5,0.10050255421279539
5,0.14142790209721584
5,0.0922863423628064
5,0.09544306184199611
5,0.10517589437442157
5,0.09800504627909876
5,0.1293259328275535
5,0.1368232164832369
5,0.14039059889658762
5,0.13230084942364567
5,0.08143625739994323
5,0.14334629387170264
5,0.09767835285974465
5,0.1026572341109365
5,0.12344431925071615
5,0.14085856711024736
5,0.10500426002097489
5,0.10885376121877843
5,0.11717588548974431
5,0.15088317262219506
5,0.3209692921720877
5,0.09936565029254993
5,0.13683875305446205
5,0.13806222223515832
5,0.1286541123945382
5,0.12236902356953375
5,0.0904067453104974
5,0.11648516692344295
5,0.1225401061469225
5,0.11077615387726869
5,0.1344603403056665
5,0.1565966179032372
5,0.13051124005585074
5,0.13887924471395538
5,0.18343726803934898
5,0.10367408236520641
5,0.1222794992155594
5,0.16380329403143973
5,0.14201558992763108
5,0.13283927035046778
5,0.13958394995495055
5,0.11170108543630564
5,0.11654890872070918
5,0.07956457489825289
5,0.10773868458290692
5,0.12662372143438075
5,0.08799812325814613
5,0.1070238384419133
5,0.21440162176735308
5,0.12927789278097399
5,0.14820165202948138
5,0.1198861427989431
5,0.12658360970559518
5,0.12505832153017282
5,0.10940308467617074
5,0.11714906470996891
5,0.12302851175797294
5,0.16608678436132687
5,0.12286475313623728
5,0.1090607849637987
5,0.140733600551946
5,0.12933502430857305
5,0.07713265553221427
5,0.1342815518354326
5,0.13620881716961622
5,0.14446732525416
5,0.12313619431657023
5,0.15433404585691715
5,0.1558273443947061
5,0.1602820171518774
5,0.14365986526828772
5,0.12894071200446217
5,0.11424371152611479
5,0.12578033609114572
5,0.12319430948002692
5,0.1569960026893904
5,0.1295899224789038
5,0.19548878178916057
5,0.1417798512623806
5,0.13677281134362834
5,0.1037263347733463
5,0.1354064414461847
5,0.12690860617507282
5,0.13669505644147978
5,0.11971364794268072
5,0.09251418734548339
5,0.12545864277150087
5,0.23151864902486802
5,0.11084406692971846
5,0.1635434328785502
5,0.14471066632137722
5,0.13709636751804416
5,0.11893768926564552
5,0.13881728081059036
5,0.1154977256209007
5,0.1017765971262167
5,0.14808360800780834
5,0.0991736718792181
5,0.11326943459525281
5,0.14268529866923968
5,0.150493101265436
5,0.13298080959923045
5,0.13587765338157276
5,0.15490601302576207
5,0.14523827251647264
5,0.1285164332203687
5,0.2002632382221222
5,0.1029895390710613
5,0.12485403133970249
5,0.15658599160055373
5,0.14792818000213112
5,0.1140169199938474
5,0.16347456251198056
5,0.09151657034210851
5,0.15344476684821273
5,0.11995316794666452
5,0.09440547637808135
5,0.1399398489920845
5,0.14662114901044362
5,0.12355111246538635
5,0.15116875373633637
5,0.14389369040167277
5,0.10875669909880636
5,0.17538847880104969
5,0.12023912397409835
5,0.14985547848881797
5,0.1364289499505634
5,0.12958924214841422
5,0.1392428777033296
5,0.11893925019196017
5,0.1291775289104103
5,0.16536081047821988
5,0.12858958018408392
5,0.11647988439896946
5,0.14878763229509104
5,0.1049998659368766
5,0.14204424443683542
5,0.18600976782496792
5,0.1604221525762478
5,0.11730281284292973
5,0.16727157303777324
5,0.18723541584562925
5,0.12978578058478704
5,0.17940989853111855
5,0.13431858262678892
5,0.11861772234870208
5,0.14340363261213857
5,0.15033963470212983
5,0.14204210770381615
5,0.14070142541389793
5,0.1930666243114596
5,0.09697012734358555
5,0.16224760108910302
5,0.10687923810278496
5,0.13210915328779954
5,0.13864880681019112
5,0.13066752166797405
5,0.15470594735181184
5,0.21975236694485628
5,0.1414959772514454
5,0.21998279072806773
5,0.16792830220913868
5,0.1235573566953446
5,0.17812103157453313
5,0.18975770837733935
5,0.12564333748639692
5,0.19002807628012702
5,0.1170378850048475
5,0.10697785598186842
5,0.17921560344587148
5,0.12573214621449746
5,0.1716404385991633
5,0.13055733219149243
5,0.17397415423620807
5,0.18762305902038728
5,0.1311956516217568
5,0.14345043103056826
5,0.16948131437726138
5,0.1532563817047468
5,0.1430700140512277
5,0.09646282758744448
5,0.16901477651885574
5,0.1455707443788728
5,0.184193393030257
5,0.17061755339889761
5,0.16077284934645114
5,0.1727492073089811
5,0.18875610230427944
5,0.17862094859182576
5,0.15737054543820375
5,0.1602348913037457
5,0.1386441072350804
5,0.16737204513770557
5,0.1221741303231652
5,0.14402118677988468
5,0.16941214961174733
5,0.19546982542105967
5,0.1659532668763234
5,0.14639836728577568
5,0.15687865866809866
5,0.12434814436012434
5,0.22073135635208024
5,0.15034917212061233
5,0.1896176834025211
5,0.18369451398658915
5,0.15628569378551985
5,0.18662968948105255
5,0.16078219491431775
5,0.1834896418986815
5,0.18023729522731655
5,0.158243267507694
5,0.17000738664370857
5,0.17983067870753658
5,0.15689445022636828
5,0.19061116583517249
5,0.16390395537988145
5,0.14479163912629822
5,0.21193948535890858
5,0.15335575532770068
5,0.16944431569844326
5,0.24828787954147186
5,0.1744471555191372
5,0.1859843512897144
5,0.1632819370111312
5,0.17381788205192858
5,0.17608138311503158
5,0.19647701655994976
5,0.15800024269096147
5,0.19119165552796863
5,0.16267291315713353
5,0.2101952383564425
5,0.15827061470639384
5,0.14079648706620862
5,0.15415599058931032
5,0.19275161499687066
5,0.21407346246891992
5,0.371081523117343
5,0.17986902105570285
5,0.2556335660337943
5,0.21901927556837708
5,0.17865844914603746
5,0.16173352685771258
5,0.21932250670375814
5,0.14211998120131025
5,0.26216373403250887
5,0.14441127149546037
5,0.23278513650224658
5,0.14518819227935847
5,0.23550303928815614
5,0.2742702997040708
5,0.29876712888019563
5,0.2745316961741578
5,0.19019590351637197
5,0.21982332697441542
5,0.260930468844581
5,0.1355603964763418
5,0.1861256088516478
5,0.30113210584265604
5,0.2384269837232011
5,0.19352703139811264
5,0.1591981710157604
5,0.20154262414348806
5,0.271905417818947
5,0.20394556627026902
5,0.17610173094706233
5,0.24081646415689323
5,0.2201307830101343
5,0.3096334608467399
5,0.24968201519334113
5,0.24340023465919236
5,0.32448445285321964
5,0.17508355568555373
5,0.2051430534927861
5,0.20126704435820453
5,0.20238048765406771
5,0.25307773038038367
5,0.3397559880069102
5,0.2890329824076209
5,0.24143152266605755
5,0.1493008222745754
5,0.27674770863872766
5,0.22525957345464112
5,0.41803040723437607
5,0.2000374497316717
5,0.251181317314846
5,0.3389769724141517
5,0.2938750534783174
5,0.6123288302887651
5,0.2494957119824892
5,0.311905425061907
5,0.26082348904355823
5,0.21979476272943804
5,0.28893917240916506
5,0.32458961059265157
5,0.3547643694997667
5,0.2960624821496318
5,0.44189597394965097
5,0.3851232781137007
5,0.3622795570837576
5,0.5474331045276608
5,0.3631375754707519
5,0.5388601887810975
5,0.4079669702523871
5,0.6008151776980986
5,0.9746550300682764
5,0.4840033603719869
5,0.539469878888527
5,0.6341633638916944
5,
20000,0.4533044432512334
20000,0.5424718889722797
20000,0.5820936124815677
20000,0.5652444452216834
20000,0.5243475531817301
20000,0.5337092591331412
20000,0.4508883450856802
20000,0.8407390470729219
20000,0.4142791918492416
20000,0.4819062545379864
20000,0.4183220518384645
20000,0.3970579428031797
20000,0.5149884992067476
20000,0.5454261084938611
20000,0.6993598893208838
20000,0.4899304678334064
20000,0.4549756124725668
20000,0.4705051193313472
20000,0.6199372964532661
20000,0.5388788473216803
20000,0.4436361624712339
20000,0.5812490132109982
20000,0.44428503585017604
20000,0.5199817157290614
20000,0.5556986583200529
20000,0.5261376545279671
20000,0.537929049416716
20000,0.4712966541385675
20000,0.45229591058294794
20000,0.4572340261922614
20000,0.5150977891338756
20000,0.42475019716866713
20000,0.49913755574401947
20000,0.4752890745722409
20000,0.6071756286319717
20000,0.40755523952327954
20000,0.5037007074167797
20000,0.5381712562750174
20000,0.4767416194890142
20000,0.48877882424134467
20000,0.6028286554356187
20000,0.5684843600633224
20000,0.46204883904592486
20000,0.4922982683668533
20000,0.4996884096101169
20000,0.5296838086414151
20000,0.547948498149987
20000,0.416957049176417
20000,0.585355127552423
20000,0.5552331597394541
20000,0.4626620018228991
20000,0.5376188101656157
20000,0.3980456250134134
20000,0.6147985286652017
20000,0.4773016672433119
20000,0.49663816997518523
20000,0.630861518712667
20000,0.4570782016256523
20000,0.6474064726532199
20000,0.4801325777389474
20000,0.528134330583712
20000,0.4945029758617132
20000,0.49443708588808505
20000,0.44400377431157195
20000,0.5374262620028167
20000,0.54211912877167
20000,0.4400132280873047
20000,0.6392155060320812
20000,0.5769668168182959
20000,0.5478449520747681
20000,0.5231613581395615
20000,0.48119403339789973
20000,0.4054922159639706
20000,0.587581917011563
20000,0.4559914382188734
20000,0.4551155994958137
20000,0.415616606605424
20000,0.5125262278557676
20000,0.5060935546794822
20000,0.6075727557537611
20000,0.7098715608573093
20000,0.39578760570912686
20000,0.49039691352133086
20000,0.4126379831640874
20000,0.41951815252934743
20000,0.7971156525375352
20000,0.4819074525343277
20000,0.4740652161510452
20000,0.5555438421436347
20000,0.6193776027776902
20000,0.49293460095891306
20000,0.4745419791267667
20000,0.4040903457431305
20000,0.4268071046856779
20000,0.8395784270282697
20000,0.4328463363859514
20000,0.5118764237157506
20000,0.7808206772238119
20000,0.578109592756062
20000,0.6588852915435739
20000,0.614551127118305
20000,0.5781567896693857
20000,0.5047316204224999
20000,0.4101247163559787
20000,0.5662790716928263
20000,0.6877177426868719
20000,0.7488428179347674
20000,0.4093207737462074
20000,0.5020468492497714
20000,0.61114807599727
20000,0.5530888903460294
20000,0.4787126371621668
20000,0.6273894914374554
20000,0.3951450140588402
20000,0.43323138944944567
20000,0.572813560809813
20000,0.4699707708084214
20000,0.5297473797226544
20000,0.41217523883305957
20000,0.5075934226424615
20000,0.5471614541133858
20000,0.43228713609756
20000,0.6195397344398064
20000,0.5797992645364622
20000,0.3940936751083272
20000,0.4311391782549316
20000,0.47330573261432984
20000,0.6890431211453542
20000,0.5166991988369232
20000,0.6748591266908232
20000,0.6196255718194921
20000,0.5209121681720709
20000,0.6334942716567468
20000,0.4055933558127416
20000,0.6963066903560943
20000,0.5599125990487406
20000,0.5365770622365744
20000,0.5122426249125818
20000,0.42161971146948324
20000,0.5341832618492558
20000,0.5571389211783879
20000,0.46833237203277406
20000,0.3841555501175686
20000,0.5455411743152676
20000,0.6147468049387099
20000,0.4214311213958423
20000,0.49969651786297525
20000,0.5410623976962095
20000,0.4378534391034857
20000,0.5135736584903748
20000,0.4144183631481708
20000,0.6531153103217975
20000,0.5370714974763785
20000,0.6546176792239937
20000,0.5147867364700215
20000,0.4395023669815657
20000,0.5228783005980392
20000,0.5034712896172272
20000,0.5321000740220532
20000,0.5412678652845015
20000,0.480981498836162
20000,0.6485520297259784
20000,0.4875795916226858
20000,0.6128154182737595
20000,0.42994336858713844
20000,0.5455471476449085
20000,0.5507169156801053
20000,0.4989969178479928
20000,0.5535069403778973
20000,0.5105354070038134
20000,0.41925409907666317
20000,0.5262637870670301
20000,0.541176020273224
20000,0.4861007742629752
20000,0.4358731058010019
20000,0.7711670379238623
20000,0.6138336240713321
20000,0.5295753040782213
20000,0.4767638465542498
20000,0.48340888921824415
20000,0.4269075128701561
20000,0.6238615748508235
20000,0.5722368443923891
20000,0.5155953617576856
20000,0.5133186509510971
20000,0.4801144442612005
20000,0.49539797313663353
20000,0.6349149663390924
20000,0.5293687245944253
20000,0.418124258302193
20000,0.6300465752200682
20000,0.5182502478487451
20000,0.6351389844522568
20000,0.412429392557757
20000,0.4830122897644013
20000,0.4772764559055303
20000,0.5255260930434527
20000,0.5558166256920486
20000,0.49161733093281074
20000,0.5045494201019673
20000,0.4690024184888415
20000,0.5656667853357399
20000,0.507001642625199
20000,0.4669432568487562
20000,0.4428304606791191
20000,0.5192565775145661
20000,0.41096873754883434
20000,0.4735027909332493
20000,0.5998442509043892
20000,0.5267196499087661
20000,0.5169834074836674
20000,0.517221784544471
20000,0.40109516805189704
20000,0.5167122805016116
20000,0.443062304804114
20000,0.47344713660068266
20000,0.4626220705131783
20000,0.42851026585783236
20000,0.424947997350825
20000,0.6758164588547355
20000,0.5722022880843927
20000,0.4754545597352328
20000,0.487246466794929
20000,0.46996596388138634
20000,0.5961793412416083
20000,0.6402599998246375
20000,0.6472725849032
20000,0.6229855711987251
20000,0.7826945151890048
20000,0.6141412303374595
20000,0.43268185852438823
20000,0.613236890178882
20000,0.4718635453645927
20000,0.5122797878329125
20000,0.5086112426616769
20000,0.49314202441948585
20000,0.4789077557192178
20000,0.5193904627413631
20000,0.40420613182372106
20000,0.4754943113105229
20000,0.49299662477700706
20000,0.545161185570528
20000,0.5534408393170429
20000,0.8150668785998224
20000,0.7101462732666325
20000,0.5386280676029452
20000,0.5479934171416414
20000,0.6242990767692059
20000,0.4789758493314941
20000,0.44020983567193783
20000,0.4320920642824453
20000,0.4120144313427132
20000,0.49660550557111116
20000,0.42934333152592724
20000,0.4699516881192841
20000,0.5366947433039505
20000,0.43486728078486525
20000,0.48693572872737967
20000,0.4437089294008814
20000,0.43643918317176855
20000,0.5577013828950365
20000,0.4687424612882977
20000,0.4965416392989817
20000,0.5300355876149135
20000,0.45120543325312806
20000,0.47634127745741217
20000,0.4862915069380679
20000,0.561352552672584
20000,0.558263943595081
20000,0.39865795914510277
20000,0.4668680590679201
20000,0.43298024151456366
20000,0.4051428461459897
20000,0.4645997194593503
20000,0.5417096132455848
20000,0.4781784240749731
20000,0.4118203438317352
20000,0.5635789927881754
20000,0.40788232210353287
20000,0.48431478644973863
20000,0.5970007813743717
20000,0.5623021334184538
20000,0.6408190172110841
20000,0.45251788796874143
20000,0.49776008718041603
20000,0.5631146701709238
20000,0.7111610818418282
20000,0.4774479175592592
20000,0.518686088369016
20000,0.5841408301852133
20000,0.6124271520146611
20000,0.5635188090967149
20000,0.4946544801499205
20000,0.4930169880007538
20000,0.39761214011227225
20000,0.6086799762273656
20000,0.45714775060397467
20000,0.48819709585673815
20000,0.6288447165047661
20000,0.4774230367590216
20000,0.6181142453883495
20000,0.4137853231072046
20000,0.45511935661185315
20000,0.4723546887890541
20000,0.4729941848131391
20000,0.5342435187909117
20000,0.41077171526723694
20000,0.48048792141005825
20000,0.4333206648856438
20000,0.45011227536235304
20000,0.5444027169185992
20000,0.6214404485957501
20000,0.41456174376859506
20000,0.7979649063548969
20000,0.6084853207966766
20000,0.4933316919064027
20000,0.5800339995258907
20000,0.5335113915640035
20000,0.4278004347720219
20000,0.5308270214137136
20000,0.5437431016461568
20000,0.4090398288076373
20000,0.8372758030081325
20000,0.670324621443575
20000,0.7021604641079618
20000,0.42083261138391126
20000,0.4933971251746523
20000,0.46746284856512577
20000,0.5859035269531431
20000,0.5610713765737385
20000,0.4345395570248853
20000,0.4571208947797035
20000,0.5169374989304716
20000,0.5227129625312805
20000,0.48293116501057093
20000,0.5681078739421263
20000,0.4740240493253271
20000,0.42464779030395117
20000,0.5660610207258329
20000,0.47186787651975953
20000,0.5446449403136815
20000,0.4909007833934339
20000,0.4889232786203201
20000,0.6196952185290164
20000,0.7215348930976733
20000,0.569827661309277
20000,0.543055935928971
20000,0.49424685407288943
20000,0.5115206887969191
20000,0.7038153799080209
20000,0.43256167481097496
20000,0.6355353175586836
20000,0.5781267940847904
20000,0.4939989451096712
20000,0.4413516143136646
20000,0.43046799952281395
20000,0.39601548476361864
20000,0.4836866100674001
20000,0.4880354514045394
20000,0.6313240931204052
20000,0.43738032494603013
20000,0.4381784217941921
20000,0.4685913573805085
20000,0.4809610592609791
20000,0.42969693360107636
20000,0.43527314241572307
20000,0.5022135864476809
20000,0.5000229734217901
20000,0.6232962363180865
20000,0.47198437784743036
20000,0.5377492599440454
20000,0.46569998469942603
20000,0.4521539544966092
20000,0.6487000205984882
20000,0.5736830425484482
20000,0.47608405894076894
20000,0.4753240010726676
20000,0.5588825440854386
20000,0.5193849586646476
20000,0.5050138508550704
20000,0.7937553731453308
20000,0.40766885769863004
20000,0.4275453088345056
20000,0.5872235664789285
20000,0.5579727004051962
20000,0.5419425873706789
20000,0.5111547681479979
20000,0.7191413714932615
20000,0.6276941601749184
20000,0.5186496110666547
20000,0.4551353767709806
20000,0.4101194470178089
20000,0.500911519950276
20000,0.577704161459527
20000,0.5150555510853725
20000,0.45595197086313616
20000,0.4611261455303518
20000,0.5273376376392083
20000,0.42199322597720884
20000,0.5415888023488552
20000,0.5229171800963366
20000,0.4477947038946432
20000,0.5021053266010694
20000,0.49939338534054445
20000,0.40498296341297524
20000,0.5499673718297726
20000,0.38234917955786213
20000,0.44327517356807145
20000,0.5768315900876376
20000,0.6510737295747788
20000,0.5138304248467207
20000,0.529554151137872
20000,0.5355979753720909
20000,0.6168849284278267
20000,0.480893892628478
20000,0.4809989535793054
20000,0.6727338618204974
20000,0.4628575111022865
20000,0.523639531068974
20000,0.6036240061952036
20000,0.39367635647144594
20000,0.5387635323029627
20000,0.4692393341757646
20000,0.6203475385056677
20000,0.4669449550019463
20000,0.629501161562492
20000,0.48694898541511245
20000,0.5233153496451727
20000,0.6212873342298739
20000,0.517363061143004
20000,0.5822601287200472
20000,0.49692700669989365
20000,0.4746126742690366
20000,0.530035539010861
20000,0.8303253065016019
20000,0.564749650239669
20000,0.5050798495499715
20000,0.6782296779134225
20000,0.44311819437198197
20000,0.512278318075469
20000,0.5268922464277159
20000,0.4720935910514908
20000,0.4733582564416044
20000,0.47192796886921007
20000,0.5369799742956856
20000,0.5158858989676025
20000,0.467213287968748
20000,0.39780045974813666
20000,0.5597601262747676
20000,0.5737263872696561
20000,0.6178091011248596
20000,0.5675641937080381
20000,0.5876896564361169
20000,0.48023940611949884
20000,0.526824380128576
20000,0.49305158383328357
20000,0.6924867399311359
20000,0.6017457225571331
20000,0.4301615288344053
20000,0.551182233728769
20000,0.5337091239174688
20000,0.4043090945121629
20000,0.40250384728621674
20000,0.521911817798535
20000,0.5540041988771393
20000,0.5593117801009675
20000,0.42394589412024725
20000,0.49395979678003166
20000,0.5067538823346353
20000,0.4839860917715762
20000,0.4300003221911559
20000,0.4002800539889727
20000,0.4389352531005688
20000,0.5256424190210907
20000,0.4227169252641437
20000,0.5730817816231835
20000,0.6262705581701459
20000,0.6402938330520273
20000,0.4998314926818151
20000,0.450820662916515
20000,0.6100223412376642
20000,0.5817133793491438
20000,0.5236302690843009
20000,0.6699375532541161
20000,0.48680271329304214
20000,0.4772810883740885
20000,0.5747313313553074
20000,0.5227468527442225
20000,0.47100474499483735
20000,0.7036956217309073
20000,0.5358487391639778
20000,0.46897599744717844
20000,0.6663325853189505
20000,0.48870626461267846
20000,0.5145268739078088
20000,0.43576554246625515
20000,0.4564572953712544
20000,0.4826486229021814
20000,0.44734194873986327
20000,0.416894074546818
20000,0.6231176890771867
20000,0.4815310379098732
20000,0.5338221890320034
20000,0.4639164260044595
20000,0.4777242475066601
20000,0.5472774494110593
20000,0.4906839857102945
20000,0.7711081734167554
20000,0.37918782951210267
20000,0.5227605180759367
20000,0.40707985204659014
20000,0.6583700213745354
20000,0.7392969303202342
20000,0.44908219193485244
20000,0.617383307089862
20000,0.5146621510778362
20000,0.6290209425087399
20000,0.46581945596860147
20000,0.46763194104689104
20000,0.4568921949336013
20000,0.4380136093553542
20000,0.4383107845023147
20000,0.5162138983803074
20000,0.6115550133531
20000,0.6028347960121243
20000,0.5049607131697976
20000,0.5620181538290765
20000,0.45219878718561235
20000,0.5256383515431153
20000,0.47518583070060344
20000,0.4966090290014617
20000,0.45246466746098457
20000,0.6722741808030599
20000,0.573907472390636
20000,0.5825339646626825
20000,0.44818764772516695
20000,0.41521471033404805
20000,0.5902033492802182
20000,0.47959719800007394
20000,0.4507596394237674
20000,0.4723761148948056
20000,0.586087187253373
20000,0.493156582810671
20000,0.43826355422239816
20000,0.47668155012810026
20000,0.6243560691584105
20000,0.4642991114636229
20000,0.6212794880945994
20000,0.5909809878203224
20000,0.44183660739339153
20000,0.4947381930640485
20000,0.4907409228499912
20000,0.6624041043782889
20000,0.45700390924858947
20000,0.6182873105452916
20000,0.5046843993417386
20000,0.4630064768675157
20000,0.40052871940467344
20000,0.6231987743121522
20000,0.4992858919447852
20000,0.6334532610335485
20000,0.4860091489215571
20000,0.4724554726741579
20000,0.5210588150488847
20000,0.417915145916039
20000,0.3925666185541318
20000,0.38719197649299225
20000,0.5046027743728912
20000,0.5537258914868655
20000,0.4959544498906039
20000,0.48819471831608025
20000,0.646217988039408
20000,0.5349820896419212
20000,0.3817279777262389
20000,0.44993115381101967
20000,0.5220928766813931
20000,0.4233701436891206
20000,0.5746832848788747
20000,0.6705058354303872
20000,0.4365253503771734
20000,0.4577339059398491
20000,0.46154680816095234
20000,0.6139409653147422
20000,0.48330787368603684
20000,0.41210574595139055
20000,0.6094799056589053
20000,0.4956515438048263
20000,0.5781653717995765
20000,0.41277974402207696
20000,0.540554654222852
20000,0.5808845593499244
20000,0.4078452743523594
20000,0.4292320114318786
20000,0.47781119720079823
20000,0.43605406771614125
20000,0.6947753872693465
20000,0.4196514139976406
20000,0.4218227315447998
20000,0.7509253002105248
20000,0.5640875063928039
20000,0.46349377880202025
20000,0.5208340025193697
20000,0.42401134041994654
20000,0.4019694288535735
20000,0.39129679172125714
20000,0.6264106003208655
20000,0.6156370494263986
20000,0.49747662318527996
20000,0.6635999312688979
20000,0.4980566588204974
20000,0.43538317127502707
20000,0.5762555552924008
20000,0.5304903443786823
20000,0.5270804630219932
20000,0.4205349067114172
20000,0.4779069398826462
20000,0.4182097603123656
20000,0.4795491944058166
20000,0.5230485935093503
20000,0.6496600273377855
20000,0.7401391318913209
20000,0.47757912353616017
20000,0.544321678706923
20000,0.4945647725762049
20000,0.581039924643653
20000,0.5460413135408905
20000,0.5667155101838299
20000,0.48570987252040676
20000,0.597323108882622
20000,0.5088218833437044
20000,0.5228768890915134
20000,0.6215385366321585
20000,0.5320192510866919
20000,0.4268179984589056
20000,0.4737091492020833
20000,0.5665040601040882
20000,0.5225480944631614
20000,0.7387902185659552
20000,0.5055843439827012
20000,0.5448423904184095
20000,0.5743050406517869
20000,0.5405224356374854
20000,0.47760951975166427
20000,0.7888498371083056
20000,0.5535751483499743
20000,0.5879026437431424
20000,0.4618641818620691
20000,0.4575222998022938
20000,0.501767733313958
20000,0.648046675647226
20000,0.44499609893516684
20000,0.4709918599488053
20000,0.5752824170259286
20000,0.4151261242673447
20000,0.42871797847877646
20000,0.696462386536921
20000,0.7560466524508108
20000,0.5032693972142889
20000,0.5441395172167662
20000,0.5327048591839229
20000,0.5350197721320893
20000,0.5436536233342028
20000,0.5657903403357473
20000,0.5444490252632876
20000,0.4492063966025787
20000,0.756408594530487
20000,0.4516085826467748
20000,0.42771418498494157
20000,0.4960316658780923
20000,0.5193279336188656
20000,0.5594849264992859
20000,0.4768186047787716
20000,0.4631734615730294
20000,0.47423119859591994
20000,0.4895322372568941
20000,0.43876752216442455
20000,0.4737574755633744
20000,0.42417680924765017
20000,0.5792163123648797
20000,0.4742405150124651
20000,0.6273057029380908
20000,0.5032827312269065
20000,0.43832410390337573
20000,0.6492226456714496
20000,0.47292778340355257
20000,0.6200903214371142
20000,0.4064876152739338
20000,0.4455247621978214
20000,0.47431620984046563
20000,0.6516771392853599
20000,0.83413182581263
20000,0.4727208855572675
20000,0.5316782404395963
20000,0.6551889269451868
20000,0.5042014806732965
20000,0.46758635390103964
20000,0.5448597996541967
20000,0.5144448854439198
20000,0.47612142492134535
20000,0.5440921150782843
20000,0.5073550998299007
20000,0.6585248761800452
20000,0.5876721161143629
20000,0.522684255036239
20000,0.5386983817514741
20000,0.539146285085985
20000,0.6073932528928122
20000,0.5935238431516677
20000,0.5379642457027491
20000,0.610040100587522
20000,0.43205140632065303
20000,0.47088026598450733
20000,0.4106981024785821
20000,0.4987881694530794
20000,0.537796407632033
20000,0.5065944124528216
20000,0.6212219565668111
20000,0.413151043470513
20000,0.615065881628229
20000,0.4184959539106366
20000,0.46431995221974826
20000,0.41292128572661213
20000,0.6851323735058281
20000,0.6465543366066109
20000,0.42447461190651864
20000,0.5417200959934485
20000,0.551044054730628
20000,0.48983719725597746
20000,0.5061548726891664
20000,0.540153572460209
20000,0.43079262525439466
20000,0.6214918497751666
20000,0.5851234076682531
20000,0.6428621331718899
20000,0.4685996715993496
20000,0.44702435152643205
20000,0.41906842781224984
20000,0.5629862558691545
20000,0.49354783804835856
20000,0.701317986360824
20000,0.680633887458581
20000,0.4267161949806656
20000,0.4934851066395058
20000,0.4316795565746971
20000,0.6063539864020528
20000,0.5505606558308117
20000,0.47768002055423625
20000,0.47094903509020414
20000,0.6466730122790846
20000,0.613091300539837
20000,0.5345921748617554
20000,0.5866436590732452
20000,0.5203120410393112
20000,0.47632708240295707
20000,0.5080894891694202
20000,0.7380288047900965
20000,0.4683594417277264
20000,0.4004146310358531
20000,0.6088248992398708
20000,0.4660748673122789
20000,0.5467930575630547
20000,0.5521582931502413
20000,0.5503237821078164
20000,0.5550009103950189
20000,0.8415499288133895
20000,0.4205860180391933
20000,0.6246678181064379
20000,0.4215803939258036
20000,0.4892584350124676
20000,0.5479860131874273
20000,0.47696211984266135
20000,0.5545655021772803
20000,0.5696120719703588
20000,0.5761699631985449
20000,0.5013931828325976
20000,0.4874889551831896
20000,0.5231475082234951
20000,0.41004248950220795
20000,0.42393731836354215
20000,0.5116878097592891
20000,0.500640782316415
20000,0.42201878305651397
20000,0.4294684763847339
20000,0.4690266003935469
20000,0.6164421137642216
20000,0.4399962665976628
20000,0.4280426532589242
20000,0.5660785413325742
20000,0.6476250254192637
20000,0.5177100243226809
20000,0.4811852251689424
20000,0.5478989436330396
20000,0.5721465229686044
20000,0.6745336280305374
20000,0.45032258836256905
20000,0.4587952701134026
20000,0.4015126395345188
20000,0.42712903652917505
20000,0.4597706508534528
20000,0.5798270228412001
20000,0.5427923761922763
20000,0.5571534524706969
20000,0.42114474448383477
20000,0.5169014491912893
20000,0.5166915612800033
20000,0.4449825918464787
20000,0.5828215262842426
20000,0.44411604219237055
20000,0.511586094192254
20000,0.5009416188060918
20000,0.5368697959483884
20000,0.4046099757935798
20000,0.5402031578404864
20000,0.5335048691264742
20000,0.39161089543576316
20000,0.4244859909633321
20000,0.6791172215774468
20000,0.5298857365496206
20000,0.47941899448500785
20000,0.4132472107919302
20000,0.5874462817798349
20000,0.48131152912747355
20000,0.4428890432741315
20000,0.5669015471178749
20000,0.4025525346198866
20000,0.8225107545508842
20000,0.4229264205471319
20000,0.6646352822964781
20000,0.4640320429029353
20000,0.41199957259417397
20000,0.47127157370809786
20000,0.7054279564050634
20000,0.4218604298431973
20000,0.4402340472170807
20000,0.6101093422893489
20000,0.6177452985051358
20000,0.4444438301682003
20000,0.5316652320661414
20000,0.5884179641622327
20000,0.47547100626899
20000,0.44648175535560636
20000,0.5755838292242652
20000,0.48842396731560883
20000,0.7498212684945924
20000,0.5401376923673429
20000,0.4658030937519699
20000,0.5891110428574965
20000,0.4731165479193665
20000,0.6370642636787867
20000,0.4263238087234989
20000,0.4509608624216646
20000,0.4122452887200105
20000,0.636272554171676
20000,0.5012328241415119
20000,0.6966158524865309
20000,0.6155233044701018
20000,0.6526177698751056
20000,0.48909392670377144
20000,0.49554157219435674
20000,0.5803425788724752
20000,0.5353086693075612
20000,0.4161992519770151
20000,0.6136099393176229
20000,0.5601356705512952
20000,0.4498357833004843
20000,0.6583932027455467
20000,0.49317572194341824
20000,0.73689588061468
20000,0.4414670629663154
20000,0.5602104415098739
20000,0.6092028582569293
20000,0.3796856022451596
20000,0.5457409430659266
20000,0.4468352830068373
20000,0.45091641514610376
20000,0.4091873371430635
20000,0.6189025592645089
20000,0.4419615778719399
20000,0.6890264895489205
20000,0.6170912041077489
20000,0.43982582227070705
20000,0.6883209178473201
20000,0.6935379516585242
20000,0.5017411688974801
20000,0.5163931910750325
20000,0.47628290566719717
20000,0.47747506800396144
20000,0.5113819185242433
20000,0.48685868396752907
20000,0.47787401222988446
20000,0.6499277888245989
20000,0.4184081178941724
20000,0.429770504658605
20000,0.6405130321246951
20000,0.45690804883712005
20000,0.5419564533605651
20000,0.5489425222412601
20000,0.5858753697397584
20000,0.6901289425476602
20000,0.5285704721041117
20000,0.5983251013645651
20000,0.47134007474558365
20000,0.6153996122107261
20000,0.5587954424417001
20000,0.5139709797359157
20000,0.4487275478006874
20000,0.4167204122611306
20000,0.5452659206751398
20000,0.427020701794429
20000,0.5138567808551809
20000,0.4910437496583379
20000,0.5036923227953523
20000,0.4568047608933822
20000,0.525569670137754
20000,0.6439251645554156
20000,0.5553775047296853
20000,0.42560813086612187
20000,0.4666463244703242
20000,0.4641860934272848
20000,0.5907109046252128
20000,0.5699789603081978
20000,0.5148540491323659
20000,0.5040739121649972
20000,0.4667683191441117
20000,0.5497279368999787
20000,0.6331901016455014
20000,0.5042784622123989
20000,0.6003921681524649
20000,0.47032621896490845
20000,0.5062520780568192
20000,0.45776178783010624
20000,0.5211116743534484
20000,0.4959737064569735
20000,0.41980494388827705
20000,0.7678551851153613
20000,0.5100036306484161
20000,0.5141607160056513
20000,0.5127501598097068
20000,0.5614698089624526
20000,0.5522917373822513
20000,0.4447596850645082
20000,0.4499858600903812
20000,0.4925705418469846
20000,0.7087495365299616
20000,0.4993243497665953
20000,0.5638848931787217
20000,0.47073238315470345
20000,0.4281246407449075
20000,0.47745060832512154
20000,0.44569870379905346
20000,0.5037594388417207
20000,0.5697973432833956
20000,0.5236561306286077
20000,0.5239592678571934
20000,0.5254870774278403
20000,0.4791914116336156
20000,0.6721466283835827
20000,0.434799109008337
20000,0.48143378088079636
20000,0.471207659041816
20000,0.5386343457089807
20000,0.4774175884964853
20000,0.40931971785177435
20000,0.40194080950175104
20000,0.6074471370790705
20000,0.8061815339257932
20000,0.5218602277642329
20000,0.573075550752825
20000,0.6136125998673039
20000,0.5157651426073572
20000,0.41444885984257884
20000,0.547431477145883
20000,0.48696716335927664
20000,0.46321608245674367
20000,0.44358415386735967
20000,0.8365552051275975
20000,0.5026765396045202
20000,0.5690132094625022
20000,0.5521246420578289
20000,0.6802782766873947
20000,0.5315569457153742
20000,0.47852030433101805
20000,0.6717218343052476
20000,0.7052359775505552
20000,0.48653847757141133
20000,0.7029007782315856
20000,0.530731021411494
20000,0.6564346623008769
20000,0.48995511012725396
20000,0.6234261039266471
20000,0.38724061652359526
20000,0.555207361644384
20000,0.47620546202805
20000,0.45033364723990177
20000,0.5321274450150367
20000,0.48183547328070464
20000,0.6647167708615151
20000,0.672053578030089
20000,0.4387344025055528
20000,0.5287078537449765
20000,0.6664698189827555
20000,0.48091791987542665
20000,0.5503428484823507
20000,0.48043461289449885
20000,0.5352064410892418
20000,0.4791025259850737
20000,0.5345191266097175
20000,0.47908470868742464
20000,0.557637387508939
20000,0.6531132390468809
20000,0.5890410364506621
20000,0.42918671947002995
20000,0.5714867967965435
20000,0.5460351358893172
20000,0.4213545994461531
20000,0.39553037944773384
20000,0.4988928108961892
20000,0.5027236702509819
20000,0.6744006151881208
20000,0.5127166888344993
20000,0.40626488002395683
20000,0.5690667897152237
20000,0.53487204861112
20000,0.45818491408181444
20000,0.5117463667101146
20000,0.5174077984506674
20000,0.4576198068518574
20000,0.3996142367034348
20000,0.4236772792144738
20000,0.5445545753971942
20000,0.65031937851811
20000,0.5182939219130696
20000,0.5792356709503046
20000,0.5747002102661248
20000,0.5536113570869179
20000,0.6323554146885996
20000,0.38949556238637195
20000,0.4412638048490548
20000,0.4443936724583709
20000,0.545060377304094
20000,0.42909729298563903
20000,0.6057131709834754
20000,0.48961852291489977
20000,0.5593737714923558
20000,0.4968787393172797
20000,0.5488325800887849
20000,0.5167753311364062
20000,0.5821421278192109
20000,0.42340454227522367
20000,0.531612207392937
20000,0.5014389302067502
20000,0.7187189608670937
20000,0.47237545792788727
20000,0.4957351970416991
20000,0.6278125954067239
20000,0.45776542487940436
20000,0.6483589866011408
20000,0.38573515434683425
20000,0.5111081245357892
20000,0.5651193145153226
20000,0.4785676107855723
20000,0.49176039499131285
20000,0.4491344703316357
20000,0.5591820563201246
20000,0.6349070643085277
20000,0.6048637371143436
20000,0.5407287596551337
20000,0.8451608821064999
20000,0.535960162008491
20000,0.4029894047083821
20000,0.486419224779833
20000,0.5219534346213459
20000,0.40420725974649907
20000,0.5780175538988539
20000,0.5895450893632267
20000,0.4725172372565033
20000,0.45020707818085554
20000,0.6118417850789825
20000,0.4313129201172833
20000,0.43301160510184605
20000,0.5607713437976996
20000,0.5031029442618987
20000,0.5092178445117235
20000,0.4281887431048505
20000,0.5643502869088761
20000,0.4717051994096879
20000,0.40649171310181076
20000,0.4985273217223592
20000,0.5027173322539833
20000,0.5514128219766048
20000,0.4659197124760827
20000,0.4458154042599494
20000,0.46842482801950913
20000,0.5129279819930641
20000,0.5321880931533883
20000,0.5421314324514404
20000,0.42514110458868215
20000,0.5535670337095921
20000,0.6290396656850201
20000,0.596152681268531
20000,0.4396237401658088
20000,0.6661876452277332
20000,0.46736165920901596
20000,0.4284186011245032
20000,0.5702097332700384
20000,0.42356974689389565
20000,0.39662843586695185
20000,0.532356226401729
20000,0.4182507897218767
20000,0.4030298173402999
20000,0.4832527193211526
20000,0.49729618348909616
20000,0.5717576239946836
20000,0.4562941515442033
20000,0.4245692529381638
20000,0.4739996843474671
20000,0.597337405417759
20000,0.5299559942742821
20000,0.4613169981000492
20000,0.6581861272332611
20000,0.4601150148908403
20000,0.5862718214469895
20000,0.44765324396371037
20000,0.5337109167120051
20000,0.5546488617918347
20000,0.5378637158401396
20000,0.661570298097961
20000,0.5177297714900579
20000,0.4183953855897732
20000,0.7226784398168148
20000,0.47226755968545875
20000,0.4430647473449019
20000,0.5726544308526197
20000,0.5486171235642097
20000,0.402112567316838
20000,0.41110046326990785
20000,0.484509459495516
20000,0.4768192216736185
20000,0.5949774965201114
20000,0.7248672016805771
20000,0.5170409455461121
20000,0.6195875856801112
20000,0.5721737427851658
20000,0.5068005152067353
20000,0.46830161746513754
20000,0.5203202440577659
20000,0.6473271966631706
20000,0.43731287943928837
20000,0.4598388798073902
20000,0.6262828065362519
20000,0.5556661936475786
20000,0.6313303672560128
20000,0.6397767935177382
20000,0.6453252470331728
20000,0.44888930956923484
20000,0.47107951834179634
20000,0.5189844747368594
20000,0.511151164345969
20000,0.46185726410890093
20000,0.5991537563763728
20000,0.5041671456288432
20000,0.46133017919238783
20000,0.7245841344795517
20000,0.5472060792976362
20000,0.4822847689007591
20000,0.49083756480247653
20000,0.5824255581022394
20000,0.48820814619542824
20000,0.4932490786949428
20000,0.6131250070918431
20000,0.5254493106054794
20000,0.4514380226530685
20000,0.440668562388226
20000,0.5085591233117539
20000,0.4631381053151882
20000,0.4322306981848732
20000,0.44534692381522856
20000,0.7402269636732529
20000,0.4178166589618305
20000,0.5317712283545875
20000,0.6828026695376562
20000,0.5148900858886017
20000,0.3832871688334752
20000,0.5093199392805193
20000,0.6755794957561264
20000,0.4727058266875806
20000,0.5587402756113232
20000,0.592786802994782
20000,0.5389192789209031
20000,0.4336748197616022
20000,0.41152001903506713
20000,0.4916325530557246
20000,0.5248661195819074
20000,0.8267012926420997
20000,0.6184002915625557
20000,0.5227296678448006
20000,0.47262066288110327
20000,0.5193022717103862
20000,0.4325238264597127
20000,0.5713596439161023
20000,0.6284888631906596
20000,0.4718853180189219
20000,0.49853043346524245
20000,0.46392887548075434
20000,0.510517761826636
20000,0.5297403734753235
20000,0.44782590384925874
20000,0.47890175261783174
20000,0.4179233395267787
20000,0.5165894558591567
20000,0.7233600433712313
20000,0.6111524846940289
20000,0.56112649489143
20000,0.4718343489277148
20000,0.5052914559660409
20000,0.6176568790800858
20000,0.5653217315836826
20000,0.5005979467967718
20000,0.45680994674740283
20000,0.5968514557325081
20000,0.49155958042871817
20000,0.48529172861452063
20000,0.6863530043326904
20000,0.5771360986298801
20000,0.4349185971373148
20000,0.43201731016500683
20000,0.649849123976583
20000,0.6670618123056571
20000,0.570843454098084
20000,0.5330587411767636
20000,0.6759816847618711
20000,0.4267303005659232
20000,0.49245610825909647
20000,0.48911395175792727
20000,0.39299560954465385
20000,0.570831727131195
20000,0.4712155515441018
20000,0.5668611660476729
20000,0.39507595992399674
20000,0.5369028726590426
20000,0.6918571597073934
20000,0.6993902568657799
20000,0.5526895881801429
20000,0.5620728497994405
20000,0.4268867890894278
20000,0.4474434700798821
20000,0.5469913236416981
20000,0.456114451935905
20000,0.5037762218383541
20000,0.5215057195063377
20000,0.45799507528731653
20000,0.5393713290955741
20000,0.5011189063451483
20000,0.4620478600224638
20000,0.764690763674446
20000,0.4186406598549752
20000,0.5174750662541827
20000,0.4373453284278695
20000,0.5747933575396958
20000,0.5074537874067133
20000,0.4153231687181484
20000,0.5057267197404663
20000,0.5445801637313822
20000,0.5668749476723831
20000,0.5298360248433184
20000,0.4106247432689367
20000,0.5052727696261128
20000,0.47831745136761084
20000,0.5705128866662451
20000,0.6723291203697774
20000,0.536415132078241
20000,0.4947411323409006
20000,0.4856922837574843
20000,0.4213066921383332
20000,0.4215350216457775
20000,0.49560067745434433
20000,0.5014265988689071
20000,0.6026291454602835
20000,0.5391920855142881
20000,0.6619104651429512
20000,0.5184477283813175
20000,0.6366725518081339
20000,0.40781800081963815
20000,0.41294998856348175
20000,0.5394191672126274
20000,0.6400190053502164
20000,0.46009570400030353
20000,0.4480360111103558
20000,0.40927250107561675
20000,0.5392762135450223
20000,0.6203729984663205
20000,0.4973871649427081
20000,0.49776267660083234
20000,0.6082216248420366
20000,0.5176337097429448
20000,0.45385918115482843
20000,0.48436575395465115
20000,0.4098521542881024
20000,0.4319675219564245
20000,0.6141738625194562
20000,0.5375647299255724
20000,0.8400428837793942
20000,0.3960475114475024
20000,0.4102548737050736
20000,0.7696576695461846
20000,0.5321131585262543
20000,0.48108260346565357
20000,0.616982990877291
20000,0.40544990995486346
20000,0.5519984932891698
20000,0.4328598811792254
20000,0.5243654530944646
20000,0.42363399779966
20000,0.4151488386839429
20000,0.4892475238038767
20000,0.4834376393378482
20000,0.45273872797576
20000,0.5208473639418123
20000,0.52919883070285
20000,0.5183682061456278
20000,0.46717776880563805
20000,0.5381309541963747
20000,0.5025292042438416
20000,0.40637350257164495
20000,0.6300523119912429
20000,0.6057978254495803
20000,0.5712963439194688
20000,0.5031716885137487
20000,0.6720020200452227
20000,0.495206620867027
20000,0.38121195350670906
20000,0.4738380346943798
20000,0.520454548201015
20000,0.5789591266588248
20000,0.5208314856076718
20000,0.6335499608599687
20000,0.4471900728155374
20000,0.48991007372306394
20000,0.5528481285251747
20000,0.5564241835655224
20000,0.46140554252295296
20000,0.5881865960342415
20000,0.44207035958370855
20000,0.3853071841367198
20000,0.5235960124671061
20000,0.4983118983503569
20000,0.529677134541827
20000,0.5156660565694805
20000,0.4622598928642557
20000,0.7975516837246107
20000,0.4508288501883058
20000,0.6275789585635331
20000,0.7657133204863958
20000,0.5678153757967613
20000,0.45248979939590567
20000,0.4214522594287408
20000,0.4943993724942855
20000,0.645622976718348
20000,0.4405829328026363
20000,0.8007098183000987
20000,0.4822083815126816
20000,0.48829592726837195
20000,0.546767410538543
20000,0.4778043003699804
20000,0.5054559832924433
20000,0.429372714079067
20000,0.4810338637642207
20000,0.48263054568010655
20000,0.5152646121869442
20000,0.6002564747065381
20000,0.5075725857003738
20000,0.555766281567875
20000,0.4528838614129979
20000,0.5517403444701012
20000,0.5599313307200692
20000,0.8031608773347358
20000,0.5629296887264816
20000,0.4914847776509673
20000,0.4546020442463585
20000,0.42274456871424915
20000,0.5358698848876333
20000,0.5321812257832373
20000,0.6510910878477059
20000,0.402290824051414
20000,0.5705228123629628
20000,0.5841348193958814
20000,0.38530664075802185
20000,0.41868923415495213
20000,0.44663216241554254
20000,0.468601369847222
20000,0.6026242156584564
20000,0.493208352693338
20000,0.47760205789494165
20000,0.5235556972887502
20000,0.4276386886114947
20000,0.5909053106010079
20000,0.47418581237567115
20000,0.531838196611938
20000,0.7061280002213516
20000,0.539393454904718
20000,0.6344957645580186
20000,0.5281559837371615
20000,0.43461249371875377
20000,0.49271544152131874
20000,0.7008030374681055
20000,0.5148391630472801
20000,0.6097201145015384
20000,0.4739657397525755
20000,0.487156368129779
20000,0.6550904611022528
20000,0.6220336282505361
20000,0.4522177926950629
20000,0.7198274080529079
20000,0.45405506571125576
20000,0.5941695554727716
20000,0.6105626469364024
20000,0.4043143665119303
20000,0.42060783900270743
20000,0.49501251195333495
20000,0.6590294255135484
20000,0.46182875252246686
20000,0.7592938972818881
20000,0.5618694776962896
20000,0.49923508092553254
20000,0.5752517869650519
20000,0.4877776459971855
20000,0.6659296352906444
20000,0.47299598401501997
20000,0.5659434137168622
20000,0.4934101985628176
20000,0.6401685365713045
20000,0.6309274010357
20000,0.6109872588145029
20000,0.5045910743368361
20000,0.3998972935896657
20000,0.4533337973526119
20000,0.4353314844634784
20000,0.6218860454251319
20000,0.3920854581797784
20000,0.4205289399573069
20000,0.6586635672385467
20000,0.5115801097931665
20000,0.4893251381369042
20000,0.49708765717453157
20000,0.47343790882416115
20000,0.5334497157500812
20000,0.4941472386671127
20000,0.6168991064316675
20000,0.5174714655383571
20000,0.5212719742399555
20000,0.6008696657986133
20000,0.5693284320227882
20000,0.3924399952728585
20000,0.5794103408583661
20000,0.5047924268500659
20000,0.4883172819368359
20000,0.4235485413072783
20000,0.5368196629478541
20000,0.5692848298983081
20000,0.43992857344014114
20000,0.43498347010516725
20000,0.5001155626622061
20000,0.4056613065925765
20000,0.46981962200804894
20000,0.4769168618366827
20000,0.6379360088443418
20000,0.4895033005252298
20000,0.42664461421789196
20000,0.47187132016247807
20000,0.5206477866160348
20000,0.6850679892422176
20000,0.4269642220637335
20000,0.41424010172357145
20000,0.3986120485408404
20000,0.5380284184831755
20000,0.5389827493249013
20000,0.6490927467703866
20000,0.725309758320057
20000,0.5822057569072417
20000,0.5879461092487647
20000,0.6245817706116865
20000,0.4909360165975738
20000,0.5506549834020269
20000,0.4759615809243824
20000,0.561436861170485
20000,0.4257283501506154
20000,0.8353416547101078
20000,0.5802554773745133
20000,0.5394623132069266
20000,0.40022461173139284
20000,0.6432827215186561
20000,0.4296804032902957
20000,0.6021588363731979
20000,0.40058811400069644
20000,0.4950634690211894
20000,0.44873946423194394
20000,0.6230808943205686
20000,0.41745232227086637
20000,0.41513492088913695
20000,0.45648603486236233
20000,0.5857469977821722
20000,0.5008561227893501
20000,0.5289953027907545
20000,0.46818265055265845
20000,0.6035083688024928
20000,0.5057377430019503
20000,0.41936775274973137
20000,0.6441508464996721
20000,0.5161241837485405
20000,0.40733086210746705
20000,0.44491627546872625
20000,0.4093217825743111
20000,0.5471988139711067
20000,0.5342601864820355
20000,0.5417180386857623
20000,0.4668307429804961
20000,0.44186334932991694
20000,0.44418242613482395
20000,0.4697322246307877
20000,0.5070474577373879
20000,0.4540753807215712
20000,0.5080472167957564
20000,0.501543038781849
20000,0.4400322931607283
20000,0.438957477215348
20000,0.5504419912099722
20000,0.5053571129425436
20000,0.43529744881255533
20000,0.43392408616284844
20000,0.43728564683549415
20000,0.49539633007480416
20000,0.3919267985003113
20000,0.5074732204749292
20000,0.520630051953188
20000,0.4816907967187861
20000,0.569037685056109
20000,0.5136594885473141
20000,0.5489984274039009
20000,0.6184851681129904
20000,0.4095169832091121
20000,0.5249455888268354
20000,0.5254417467339841
20000,0.7343409154782709
20000,0.456006646350409
20000,0.4914898870497321
20000,0.47582917951783055
20000,0.4675516578003141
20000,0.620610898741753
20000,0.7578843966484393
20000,0.4013108335881279
20000,0.5336979315662949
20000,0.43145184832049327
20000,0.5323351556091044
20000,0.44790268564864283
20000,0.4884702926402283
20000,0.6325472767393409
20000,0.5500183251038432
20000,0.6265872159671885
20000,0.3797919753960807
20000,0.689483629735188
20000,0.4774632140193025
20000,0.5189820605501981
20000,0.6233701223480511
20000,0.6028575228828341
20000,0.40010982988419785
20000,0.7001711685943335
20000,0.4758830314632817
20000,0.6416815606238258
20000,0.49644099790020874
20000,0.4843742437490491
20000,0.4128959443675397
20000,0.5433719072127083
20000,0.5356705194533979
20000,0.5020469892792385
20000,0.42365563023565145
20000,0.4318732312463975
20000,0.5104156639939879
20000,0.6116199259156234
20000,0.5301648662344074
20000,0.7016332428969179
20000,0.5335262890015787
20000,0.4471573873815152
20000,0.4903846564136339
20000,0.54100021543084
20000,0.5124792026593863
20000,0.4113229045552359
20000,0.5580911973138962
20000,0.5226261526205563
20000,0.5996488852330878
20000,0.3883946188212552
20000,0.6314776885445683
20000,0.6385741765034206
20000,0.4640781703889328
20000,0.6398521951543706
20000,0.5625768494753411
20000,0.6401092908009088
20000,0.47957480473310915
20000,0.4263856872047926
20000,0.46803960314657117
20000,0.5467799091496843
20000,0.4743609723276445
20000,0.4931197433908993
20000,0.5571789940029237
20000,0.6116154766016659
20000,0.5964559368979047
20000,0.6680292819241034
20000,0.6032002378662581
20000,0.5154775968484168
20000,0.50890667279526
20000,0.428794474232585
20000,0.4830787247901905
20000,0.5466521675050081
20000,0.40221758753717046
20000,0.4734885761131484
20000,0.4971898079526448
20000,0.42477240291000057
20000,0.6015467010997334
20000,0.4831033409512509
20000,0.62321670771638
20000,0.4531608011718134
20000,0.4797296543485196
20000,0.5139520265646242
20000,0.4720388480841023
20000,0.4995525901248696
20000,0.6013186594853694
20000,0.5711838881667957
20000,0.6476950108506516
20000,0.5112019118083609
20000,0.47768601065766636
20000,0.7609998598464649
20000,0.512266267660984
20000,0.511320980850904
20000,0.43774607271722293
20000,0.4717098020811915
20000,0.5833581090224956
20000,0.3951978835330256
20000,0.6497215334376275
20000,0.49918074856126365
20000,0.5253741229060451
20000,0.4514378003279404
20000,0.6672684622023293
20000,0.6864581016663467
20000,0.43393501393038636
20000,0.5012805241589707
20000,0.4284832011059197
20000,0.47866283174159785
20000,0.6301068092314155
20000,0.5222192665461358
20000,0.5020305903710516
20000,0.40046861623883584
20000,0.5295679039788227
20000,0.5247548489101767
20000,0.6524597730746127
20000,0.42396480703501055
20000,0.4615733897111271
20000,0.4605198914048025
20000,0.573646038620048
20000,0.6848892209739263
20000,0.5236129565513591
20000,0.3940677978136199
20000,0.484595260148004
20000,0.5737444890052993
20000,0.4744672832452579
20000,0.4471531832565316
20000,0.4666230590687169
20000,0.47331872718744306
20000,0.394791193545337
20000,0.42766013257850805
20000,0.4410995253178593
20000,0.5349401355812301
20000,0.49482388977676556
20000,0.4176834147085314
20000,0.5084723215082771
20000,0.49135458164079265
20000,0.5731155159721305
20000,0.4720779532735417
20000,0.5383583625853061
20000,0.681492876968947
20000,0.41613994629993234
20000,0.4863451993696701
20000,0.5890486071297724
20000,0.6597560379044565
20000,0.5464231825720255
20000,0.46000899599166617
20000,0.5106855084364824
20000,0.5004698574215058
20000,0.5056603029702361
20000,0.6856269836458883
20000,0.46971781895537246
20000,0.48849588156167245
20000,0.6167723472119134
20000,0.47719793277563044
20000,0.603603782829055
20000,0.518837769685674
20000,0.626839215655383
20000,0.528159557752102
20000,0.4580137706525748
20000,0.6576200434311131
20000,0.5348863727941912
20000,0.6065401458781976
20000,0.4360924308504289
20000,0.5372493346876057
20000,0.47856243710614105
20000,0.5549384925361323
20000,0.611767682382669
20000,0.4753361197956204
20000,0.5469975248777388
20000,0.47258444995884386
20000,0.5490130699387973
20000,0.5679934666673314
20000,0.4442450814342505
20000,0.5200649507712094
20000,0.6598867898243023
20000,0.48389440083617236
20000,0.5726261721022369
20000,0.5407299256273667
20000,0.46355060734147857
20000,0.5287673521374593
20000,0.5045861702687156
20000,0.5324833397264682
20000,0.5441032155721482
20000,0.4903293163153139
20000,0.459969977443457
20000,0.4188707447210388
20000,0.5081695368054102
20000,0.6137196953827423
20000,0.4447004605586571
20000,0.764370547263188
20000,0.5167100155153888
20000,0.6438781001982607
20000,0.47838952633111415
20000,0.4904625450813101
20000,0.4486052284319778
20000,0.39944557663244495
20000,0.5348509034217325
20000,0.38428731300074986
20000,0.5543693669909687
20000,0.5159906163486825
20000,0.5675215101848293
20000,0.5581601001305663
20000,0.5411544092552301
20000,0.5044779980549289
20000,0.404176878518384
20000,0.6070621824056996
20000,0.5207093756630545
20000,0.625840803446021
20000,0.48604683992698794
20000,0.5273341408190853
20000,0.7129923789143121
20000,0.6395267143411117
20000,0.45803454862687915
20000,0.5491569229337812
20000,0.4424948669794099
20000,0.4140040371293754
20000,0.5390262189273485
20000,0.5164564122888717
20000,0.4655310802899002
20000,0.6167802545854202
20000,0.6273300619666187
20000,0.6373288457482161
20000,0.4261087598819003
20000,0.49728788527737694
20000,0.5582800308615958
20000,0.6759858781193852
20000,0.46807202921133656
20000,0.39189578228150723
20000,0.43434791405047046
20000,0.733716360162146
20000,0.6622412993793729
20000,0.5252654546591002
20000,0.5528897987756413
20000,0.49111172727229685
20000,0.47024894355893
20000,0.6479363339215585
20000,0.553595831389356
20000,0.5654976101027452
20000,0.7679365888082964
20000,0.648955662653386
20000,0.537868995655075
20000,0.4474894988116534
20000,0.5275552632573184
20000,0.46604466951633705
20000,0.5416113711324178
20000,0.40607954114667
20000,0.494243232179909
20000,0.5058208729257352
20000,0.5426099390328301
20000,0.42776198498800905
20000,0.5527739161250769
20000,0.5741404286935194
20000,0.7442503183334727
20000,0.42308768453970375
20000,0.6327353830259239
20000,0.42696979649204375
20000,0.5642895828612691
20000,0.5070640191105945
20000,0.439105569898659
20000,0.5486363587181352
20000,0.42358703989660246
20000,0.5242730534486326
20000,0.47790204899770444
20000,0.4477852202800836
20000,0.409826730540767
20000,0.43907943443873915
20000,0.49650989328979817
20000,0.47894680566394865
20000,0.6800540563985056
20000,0.40937181442656034
20000,0.4241734381332377
20000,0.5129595558824235
20000,0.4827937011036096
20000,0.3969771761137824
20000,0.6675219471790601
20000,0.4739679638100508
20000,0.4215542865044563
20000,0.46853472438356764
20000,0.42297967579105145
20000,0.49724192182254
20000,0.5277473496848598
20000,0.5401082696509425
20000,0.5156679096413731
20000,0.6140415983677684
20000,0.40094319569033365
20000,0.3882037381953396
20000,0.6470839760515168
20000,0.48488648399977197
20000,0.639343499505277
20000,0.5497056458245019
20000,0.5366468109523115
20000,0.5939492744754682
20000,0.4744090654237457
20000,0.5366707611617161
20000,0.6078808246480096
20000,0.3981930499202707
20000,0.5681780531463668
20000,0.5380806785131081
20000,0.5483304703764211
20000,0.6790344025187297
20000,0.5085082669049255
20000,0.5691985742854494
20000,0.45308101273474805
20000,0.3975148076209588
20000,0.5092378221934853
20000,0.5574382051377977
20000,0.49352366399564274
20000,0.44045824108134846
20000,0.40747294939963635
20000,0.553232284771307
20000,0.5652145245395052
20000,0.40478004912843024
20000,0.5397881886420016
20000,0.4296326766722718
20000,0.531657652762837
20000,0.5173247797491235
20000,0.5677860339972286
20000,0.49068750694436536
20000,0.6336147669896753
20000,0.42385641919206474
20000,0.587732724222617
20000,0.4444570366270189
20000,0.5625429461773421
20000,0.490583265674548
20000,0.40708419636562215
20000,0.5532302620967139
20000,0.6425814101912448
20000,0.682218200680585
20000,0.483909248285994
20000,0.41062229772178244
20000,0.4436088326566247
20000,0.8014088882494376
20000,0.41725893623167826
20000,0.4037636521975115
20000,0.42628121620995907
20000,0.5335390970657042
20000,0.6535232255932315
20000,0.5053553387101218
20000,0.648168559774392
20000,0.5139709593504823
20000,0.44416690241439116
20000,0.48134670490405285
20000,0.4053151184336664
20000,0.5449143198209938
20000,0.7372581915567887
20000,0.45350856060369715
20000,0.6494429038412907
20000,0.5775280431781177
20000,0.4352223463519733
20000,0.4705082525609406
20000,0.6026949805509518
20000,0.5643461721572888
20000,0.4437852652036205
20000,0.4839926086158919
20000,0.41107819166057064
20000,0.5210182624277345
20000,0.4729809071283238
20000,0.5904254469443682
20000,0.5942795209321285
20000,0.43123974463234643
20000,0.4698299612306953
20000,0.5323804538468251
20000,0.600507629838567
20000,0.7516699554091348
20000,0.4494493984408437
20000,0.4065284334120261
20000,0.48290513499023546
20000,0.5554713498986777
20000,0.4988100008817441
20000,0.5145536144097199
20000,0.562696683772323
20000,0.559510133261111
20000,0.5359727685718416
20000,0.6391721953731988
20000,0.40283100658099147
20000,0.5313104165423339
20000,0.48640343784312684
20000,0.5183699962193228
20000,0.5767262804217089
20000,0.4652922995581992
20000,0.6075927042579221
20000,0.5583228072046209
20000,0.5578472439145449
20000,0.3925552900420073
20000,0.5404542070962983
20000,0.5769208838357894
20000,0.40002435017012716
20000,0.5464767172509885
20000,0.5275843106671857
20000,0.7072750601783616
20000,0.5443467335452646
20000,0.5225555857787302
20000,0.5037672620315484
20000,0.4413469431823512
20000,0.45326321366656114
20000,0.42297222545472546
20000,0.6453095978863045
20000,0.5147922774628853
20000,0.5986389541808795
20000,0.6330506005620403
20000,0.500510802524805
20000,0.5061144220573759
20000,0.4787673751816683
20000,0.5684696203765819
20000,0.5064841237460336
20000,0.49429171974195896
20000,0.48944972995076036
20000,0.7093622720391346
20000,0.4030321606566575
20000,0.6125981072028965
20000,0.44813235855866745
20000,0.5014661185712168
20000,0.7206019190614668
20000,0.5454157453588722
20000,0.6182876132880851
20000,0.6827403740151842
20000,0.4668747292268862
20000,0.41403032730735445
20000,0.4354184183755129
20000,0.6465620013751705
20000,0.4896842790332101
20000,0.6080794106788934
20000,0.5520312618192966
20000,0.5446736458367699
20000,0.5940092861101713
20000,0.423915316050547
20000,0.5883800435989088
20000,0.4090190415286053
20000,0.49827669707620353
20000,0.40751416057031414
20000,0.6422853908901004
20000,0.4292865407392836
20000,0.40965904575379186
20000,0.5288624645288739
20000,0.4771440514686292
20000,0.5232769930143552
20000,0.42884701713416234
20000,0.5320706124193888
20000,0.5858201355309638
20000,0.46837630404887254
20000,0.8103231156306686
20000,0.466240253894996
20000,0.5436485127814938
20000,0.5580114043134586
20000,0.4775125063888095
20000,0.5167360288127829
20000,0.6922010154525114
20000,0.5474140938932244
20000,0.609020719731746
20000,0.6442633456647368
20000,0.5097223322284086
20000,0.49522587693202536
20000,0.4360624250933251
20000,0.5158782899044095
20000,0.5139454342858661
20000,0.5841463789411165
20000,0.5019440968853107
20000,0.47627450221138445
20000,0.5165570944447879
20000,0.5104325452804266
20000,0.43113480857170633
20000,0.5406179879069439
20000,0.618969986649359
20000,0.634537957697357
20000,0.7136235575541153
20000,0.5455089264576102
20000,0.45009325402152084
20000,0.615714540795632
20000,0.41077181151352693
20000,0.5538651451302933
20000,0.39301403902271037
20000,0.5814186797472108
20000,0.7243565775050558
20000,0.6467643340902344
20000,0.4956855930042828
20000,0.5209384465351833
20000,0.40329803311526224
20000,0.4609476869932334
20000,0.44099200635698466
20000,0.5730240570548565
20000,0.43365810795508974
20000,0.7063669991511984
20000,0.7496932902967105
20000,0.5194319202517522
20000,0.6357923707150698
20000,0.5450232359504624
20000,0.516950360656903
20000,0.5145670897198937
20000,0.774375283723477
20000,0.5369040638440337
20000,0.5025785261387067
20000,0.4901556492939766
20000,0.5552655816315445
20000,0.5368600165023842
20000,0.4316757260176119
20000,0.5118707099316109
20000,0.46864724503516136
20000,0.552351223106913
20000,0.6282721158751549
20000,0.5375351984588179
20000,0.5825004287500504
20000,0.48205858065986157
20000,0.4309751588493001
20000,0.5128004678636431
20000,0.49366261774142745
20000,0.6750688622577318
20000,0.7564323898765336
20000,0.46017948874561226
20000,0.4114482358956145
20000,0.5117088924379992
20000,0.5872129659760773
20000,0.7273937674330726
20000,0.6016507220915759
20000,0.4731214638255663
20000,0.44613208019273565
20000,0.48378559221448425
20000,0.557027232581681
20000,0.694145002203204
20000,0.5570134257787723
20000,0.6783076330357697
20000,0.5241387077374859
20000,0.6128903338853883
20000,0.6407962745649831
20000,0.4761533203221111
20000,0.5118870900331024
20000,0.4864906692743398
20000,0.5321182137021033
20000,0.5379294074287352
20000,0.6937735873776075
20000,0.48364926071509046
20000,0.5145584908405441
20000,0.49870605453336403
20000,0.5146792474137301
20000,0.6991940113947553
20000,0.4578871113913436
20000,0.8216540284346024
20000,0.644010062134904
20000,0.5968116441509399
20000,0.4681479063422243
20000,0.46837326488487396
20000,0.44179064190172834
20000,0.44237280431838344
20000,0.565958657905104
20000,0.4936385135670145
20000,0.7189876404039853
20000,0.49280444197815887
20000,0.5456329500070914
20000,0.475809034734461
20000,0.5392067491812471
20000,0.7475917907730406
20000,0.4881859450734855
20000,0.46476798082128346
20000,0.4314056012247998
20000,0.5018041522283913
20000,0.6226645101134767
20000,0.5820439137578446
20000,0.5789318253559764
20000,0.5600383274519593
20000,0.5177207543732905
20000,0.4178560712305894
20000,0.7634735345420005
20000,0.4282614820182719
20000,0.3780270455292955
20000,0.4754044122706333
20000,0.5763752912940349
20000,0.5139449179883717
20000,0.5052320739727838
20000,0.43748255968290356
20000,0.49379841462725577
20000,0.4942969934575725
20000,0.5844370155260352
20000,0.461748236406272
20000,0.552590576776935
20000,0.5681564688432152
20000,0.4874290988533291
20000,0.46392873486096486
20000,0.37778396128935093
20000,0.5075188104946465
20000,0.542835795164195
20000,0.5834902974530425
20000,0.4319103967187801
20000,0.5448956516380581
20000,0.40689057571556514
20000,0.5797155094379638
20000,0.47603932595662213
20000,0.4790998929235343
20000,0.4592232189239998
20000,0.4364260352926299
20000,0.6012516427380437
20000,0.4213068155135245
20000,0.4494806088086359
20000,0.49922984320918007
20000,0.4080058006315159
20000,0.5433617080658326
20000,0.3988102618592827
20000,0.6575713363373676
20000,0.41330696003673245
20000,0.4949742426344428
20000,0.6185740752132187
20000,0.5212680010067258
20000,0.6020075105932264
20000,0.4684781489319142
20000,0.5223605013917764
20000,0.42998826553913966
20000,0.49755819889156455
20000,0.48696861070212594
20000,0.6136356632448497
20000,0.45769412997694076
20000,0.45740088172324495
20000,0.4704418750885551
20000,0.6263852401944325
20000,0.4681287541868467
20000,0.46666510240930836
20000,0.4866866551815507
20000,0.4482548491721068
20000,0.4320930586236758
20000,0.5823661527662273
20000,0.5033500934176556
20000,0.4807786502791651
20000,0.7547365224868584
20000,0.4467392665432158
20000,0.6293192248956461
20000,0.42599258964792985
20000,0.4862828008486612
20000,0.46584842580541624
20000,0.5602023843800382
20000,0.49213732141808514
20000,0.6352264307235869
20000,0.44236062216784333
20000,0.5093439157637317
20000,0.481890159319178
20000,0.3991085000393502
20000,0.4917771302828375
20000,0.41671552167143555
20000,0.8343149066464397
20000,0.4503955404285706
20000,0.6038750063634427
20000,0.5529432401605945
20000,0.5176018259398056
20000,0.5584304815820708
20000,0.46246010068929355
20000,0.5844813452402734
20000,0.7062022711745815
20000,0.44608816797399187
20000,0.47489806143205743
20000,0.5102757646506368
20000,0.4771180575915149
20000,0.5076006634053868
20000,0.8110467292276394
20000,0.4735207539038372
20000,0.7085623486918212
20000,0.4981840275553222
20000,0.4751267561077801
20000,0.5798859164448386
20000,0.5439746035831825
20000,0.39938959754200043
20000,0.49080837215643724
20000,0.40127782783688504
20000,0.44558903532499455
20000,0.4278949838613556
20000,0.7136749445691357
20000,0.6794823356661281
20000,0.4438644194241716
20000,0.7598136268937151
20000,0.4408494549022794
20000,0.5788494852399062
20000,0.5547970823881441
20000,0.6375398314652074
20000,0.4185522384968654
20000,0.5161408416329147
20000,0.48704311288931085
20000,0.6364018827850259
20000,0.49558582598251194
20000,0.5490327598345722
20000,0.48701152184729374
20000,0.4874145385320181
20000,0.6664777021243746
20000,0.4622742424785363
20000,0.5385479696776246
20000,0.5052916368479534
20000,0.397392606934264
20000,0.537853978922939
20000,0.48207481686364995
20000,0.5271889475246249
20000,0.493234807707472
20000,0.6543489484920029
20000,0.552151478212153
20000,0.5927304704858142
20000,0.5759030896821197
20000,0.46167506303193373
20000,0.5266722137343759
20000,0.5237957766971756
20000,0.5838439771493785
20000,0.5217210531588832
20000,0.5738684221809024
20000,0.430998016703881
20000,0.42241762742503136
20000,0.5160681379143212
20000,0.4161102443909862
20000,0.47249549855421796
20000,0.4231229211317678
20000,0.6560298232083145
20000,0.7837759817410798
20000,0.5213387294775467
20000,0.46968362550879705
20000,0.5425961569261817
20000,0.6647401429319406
20000,0.5534635768479048
20000,0.4086210832971671
20000,0.662025462222652
20000,0.4949626010657725
20000,0.6337042328297365
20000,0.5216332768810328
20000,0.48353920446696225
20000,0.46439886619936627
20000,0.5729050593581907
20000,0.6002755574485859
20000,0.6086358371239939
20000,0.6688515552570613
20000,0.5615467770562815
20000,0.492960677005729
20000,0.6287048267875307
20000,0.5108579374306462
20000,0.6213321701799521
20000,0.7127359187776494
20000,0.435237266760763
20000,0.46146151450044703
20000,0.6045485020254575
20000,0.4880397501628334
20000,0.5157907627211119
20000,0.47387123848242857
20000,0.48287477220976927
20000,0.542067818895749
20000,0.4842192109466334
20000,0.4081209414786349
20000,0.47795984646819817
20000,0.4111826084022852
20000,0.4314311003799029
20000,0.4509171592164498
20000,0.5550639993479595
20000,0.526964724273558
20000,0.5439285118708744
20000,0.4650176533860922
20000,0.48699587425123797
20000,0.5759083491157894
20000,0.4218595089469107
20000,0.5723571905609031
20000,0.4962203485793353
20000,0.40909029245914674
20000,0.38044972609033306
20000,0.5810028803433258
20000,0.406679903441914
20000,0.41873410856115645
20000,0.46894612287584436
20000,0.5569302003708467
20000,0.4689839779796591
20000,0.5638264469894335
20000,0.5612422764945836
20000,0.48813315633443427
20000,0.4361544441969663
20000,0.5301193310337057
20000,0.4587991042766184
20000,0.5456723631568622
20000,0.540749197083986
20000,0.43208003121078054
20000,0.4194903443410205
20000,0.49904511198248735
20000,0.686625835013075
20000,0.4701713602862595
20000,0.41651409390608585
20000,0.4678148397412174
20000,0.4781362623701406
20000,0.48892252743062026
20000,0.6348407733944634
20000,0.5593312191965313
20000,0.5100461780244048
20000,0.4970154203903006
20000,0.38446079946109496
20000,0.4042781948117164
20000,0.43980421645067524
20000,0.5920230153975913
20000,0.5060669260176951
20000,0.5580521752894373
20000,0.4247687553793798
20000,0.5015112346178177
20000,0.8134229762486629
20000,0.6674902634641672
20000,0.4932129489123426
20000,0.43884318492401037
20000,0.5347813555648441
20000,0.7299023057872459
20000,0.524166229803898
20000,0.4550308362146666
20000,0.5152288019688013
20000,0.496432772345061
20000,0.5256021828985824
20000,0.5425681287382629
20000,0.4616613330601261
20000,0.41033128425371657
20000,0.41401169843741015
20000,0.7016324770950603
20000,0.6358006879023671
20000,0.5838794404325038
20000,0.6732646805606513
20000,0.6875713652569737
20000,0.518147709682706
20000,0.42394472143954187
20000,0.501170404215371
20000,0.46494669752583584
20000,0.6284576215905139
20000,0.40277834559386094
20000,0.6494646491491549
20000,0.6539124759948693
20000,0.4671505942737305
20000,0.4065663925384213
20000,0.6418979617151357
20000,0.618807659232689
20000,0.5144221987223166
20000,0.5514150101260625
20000,0.575435190062219
20000,0.7154336739212895
20000,0.43854485483096695
20000,0.4626277975331947
20000,0.5138929418051205
20000,0.44779710567293207
20000,0.5460531112925343
20000,0.5019649381894036
20000,0.4452888721229317
20000,0.5101740087942992
20000,0.5012216563092533
20000,0.5044340865292206
20000,0.548332994995685
20000,0.5323061012938133
20000,0.7540530978979668
20000,0.49688898569103934
20000,0.3950728449950156
20000,0.4631520737612924
20000,0.47768316022588125
20000,0.5204010145161572
20000,0.42475323498287476
20000,0.5385941236936438
20000,0.6132181958843093
20000,0.41034307794747293
20000,0.6012002237412828
20000,0.47436568711424626
20000,0.4743854939157147
20000,0.45930927031091584
20000,0.518927636315889
20000,0.40526641711315
20000,0.4729604772052028
20000,0.43583618837825305
20000,0.47279973156586597
20000,0.4868288068407438
20000,0.39378900987319404
20000,0.4944180108926023
20000,0.5605201516983359
20000,0.5845120617915118
20000,0.42208023927881483
20000,0.5996284872546644
20000,0.4766720445943603
20000,0.44791040054980436
20000,0.5333722933590362
20000,0.6120916424733523
20000,0.535283361710615
20000,0.606664759401534
20000,0.5183484008902706
20000,0.4718058527213118
20000,0.5242249850705155
20000,0.40034135933641646
20000,0.5127959587492069
20000,0.5383501617170765
20000,0.6355143512161988
20000,0.4908987351649574
20000,0.6128786237226106
20000,0.5916799055440644
20000,0.5911272491360814
20000,0.4195104421293369
20000,0.483535552840772
20000,0.49820092902690466
20000,0.4213527806842848
20000,0.44852758788451647
20000,0.5171032884902831
20000,0.49929760120408995
20000,0.5556064751476966
20000,0.4963934901893153
20000,0.4514740801868211
20000,0.46835353460796436
20000,0.5387211359299238
20000,0.4311263409340927
20000,0.46966155596893194
20000,0.6740932111762201
20000,0.6282298309857566
20000,0.7005336530620447
20000,0.500371189699492
20000,0.5150626644421492
20000,0.5335715674149529
20000,0.43634066482545986
20000,0.5159259486453817
20000,0.5227735482790303
20000,0.5123080869685359
20000,0.5433709707558728
20000,0.4388433068123215
20000,0.5311339212904628
20000,0.5002846830959663
20000,0.4462029696294733
20000,0.7412671408090515
20000,0.6424678968349473
20000,0.4762298519844862
20000,0.6232038827482436
20000,0.5884594271460132
20000,0.4030796594731247
20000,0.7235555578758512
20000,0.5114788983858913
20000,0.8396181469043672
20000,0.518155344062308
20000,0.42885137860553724
20000,0.517770651567463
20000,0.6212544472282012
20000,0.4312505547674449
20000,0.48244907216339455
20000,0.4422406612549217
20000,0.6692054609443973
20000,0.5707147237479864
20000,0.502485425415703
20000,0.48405910267724533
20000,0.534645519618523
20000,0.5624737528074175
20000,0.5594071180433042
20000,0.5185368305286484
20000,0.5698046593839001
20000,0.48126011332668256
20000,0.4581592774962831
20000,0.5396099866707963
20000,0.418186762793469
20000,0.5306485165881041
20000,0.5095406008298533
20000,0.5029172241119232
20000,0.49222956587624767
20000,0.6094610131975908
20000,0.42830300817518413
20000,0.5984729022529164
20000,0.659745831605043
20000,0.46058864801392185
20000,0.5561385783543285
20000,0.4016512500477052
20000,0.39500515688622057
20000,0.5334743533907289
20000,0.38374310245971177
20000,0.4261162998412417
20000,0.5662597149781066
20000,0.6626484493592875
20000,0.5958031236024459
20000,0.5047836967380078
20000,0.483049104665129
20000,0.41541258283296345
20000,0.43764228751365264
20000,0.7420532042865216
20000,0.5430091837833654
20000,0.529457210660062
20000,0.4084480971815201
20000,0.40966910069013934
20000,0.5747280691011636
20000,0.3989930673359904
20000,0.562118141671987
20000,0.4541146748099898
20000,0.6822475353815358
20000,0.4616715699909314
20000,0.4114109979522662
20000,0.5021542685338006
20000,0.745933620932741
20000,0.4002748579327815
20000,0.5040879541874638
20000,0.5128584602032612
20000,0.5704220104813233
20000,0.42649769808434396
20000,0.40544307135930296
20000,0.49983839107773365
20000,0.4872295599549299
20000,0.6584955053675523
20000,0.5206769480031901
20000,0.6069658782477679
20000,0.3940974320227421
20000,0.5104257228466776
20000,0.5723749752627555
20000,0.4675743195816927
20000,0.6522524779937076
20000,0.3882128941694314
20000,0.45697411055726483
20000,0.48171247229949243
20000,0.4125122945418293
20000,0.41905641114488856
20000,0.507005193151919
20000,0.48694206661334893
20000,0.7001547924065213
20000,0.48513442781744426
20000,0.38859826442586887
20000,0.6175594053127126
20000,0.7704242687551058
20000,0.589652338045327
20000,0.49054324422612006
20000,0.4201227799466148
20000,0.4405049642976871
20000,0.48240795168754613
20000,0.47602300819631044
20000,0.5587778470815697
20000,0.4329105057334122
20000,0.39079607453217247
20000,0.4439705006806542
20000,0.43873889635185614
20000,0.5424399443057638
20000,0.44281234024252747
20000,0.4988441160253839
20000,0.4390296269595935
20000,0.5691620924680106
20000,0.5137173644773186
20000,0.5032409996782335
20000,0.6510276535486281
20000,0.5361004988069618
20000,0.48382918295546945
20000,0.40851548240355995
20000,0.5383768217729687
20000,0.5056639196053165
20000,0.5329521845794944
20000,0.541083435904074
20000,0.5915988191742063
20000,0.3958147462632374
20000,0.47518183133859376
20000,0.5182900080103041
20000,0.4773848591614927
20000,0.4976314069458528
20000,0.5196589523617212
20000,0.4213399905867564
20000,0.4084697223528439
20000,0.5827368194152399
20000,0.492513043471952
20000,0.5104964660116831
20000,0.5565561606095889
20000,0.49220404067426843
20000,0.4519035232828418
20000,0.4093918519354864
20000,0.5317005415472964
20000,0.484558249556981
20000,0.7053410894442441
20000,0.4732731416594163
20000,0.5268143500988245
20000,0.5243951772651299
20000,0.5496466027855513
20000,0.46558663247479937
20000,0.7276742162985701
20000,0.4818831811099545
20000,0.5901674224339186
20000,0.578003053866739
20000,0.5198879460144642
20000,0.5026364410831404
20000,0.5299329839912562
20000,0.41446182882811444
20000,0.3918568166945115
20000,0.5146186374441294
20000,0.48011711247985034
20000,0.3922083937513883
20000,0.5054765452040488
20000,0.43973994644610725
20000,0.3815551571979518
20000,0.5589789827013422
20000,0.5673495140556396
20000,0.5367758068360984
20000,0.4622179315458149
20000,0.4836108105453314
20000,0.767767418671818
20000,0.5489262443873145
20000,0.6626532706501526
20000,0.6504770363419379
20000,0.5382222943572494
20000,0.4125892169273713
20000,0.38468392679495333
20000,0.6027872090480266
20000,0.45374691548046686
20000,0.502776335120796
20000,0.6246681015205945
20000,0.5116792732825451
20000,0.5430951434663591
20000,0.5004615352545684
20000,0.5067299151382116
20000,0.4089770420880582
20000,0.6221192379701721
20000,0.4190847140465167
20000,0.4628623889622366
20000,0.43661056316946495
20000,0.6461179511360537
20000,0.49548802626601324
20000,0.5023086601031602
20000,0.3886152469187387
20000,0.678832502567618
20000,0.4286266586378318
20000,0.4679344291274988
20000,0.4425727396509415
20000,0.42887093791052294
20000,0.46703576729181956
20000,0.5709990271912931
20000,0.5985249515310872
20000,0.4296795375393842
20000,0.4623970821091671
20000,0.47940767727190275
20000,0.4785886155903129
20000,0.44874317418819576
20000,0.5267055580385114
20000,0.6547952349175665
20000,0.6891464533665645
20000,0.5916198673785138
20000,0.5550431659283798
20000,0.8403064395216358
20000,0.413980058321562
20000,0.5194650242307177
20000,0.5793948472665055
20000,0.5514934244019848
20000,0.5296776290975038
20000,0.45833843614575887
20000,0.4685946031120637
20000,0.4067644190261963
20000,0.4151728520195399
20000,0.5234146663723216
20000,0.5665129748529544
20000,0.6089965728516471
20000,0.4113299947348061
20000,0.43128397427719123
20000,0.4218682106004491
20000,0.44561543824545186
20000,0.6627539089483931
20000,0.5011581238317648
20000,0.675934489026103
20000,0.5073723482127009
20000,0.6060169870076155
20000,0.41307034268956355
20000,0.6592937559838536
20000,0.6182172362082332
20000,0.47525861768232724
20000,0.47628963824715503
20000,0.4765726736758465
20000,0.399847442784102
20000,0.4711192610236045
20000,0.6025294434435997
20000,0.5081283554975713
20000,0.4533275909581055
20000,0.5844841867438236
20000,0.4849769265677347
20000,0.5529036383967417
20000,0.48553059307349633
20000,0.5955497151108349
20000,0.46549777770377604
20000,0.6484449964016763
20000,0.46703379403331274
20000,0.5463561162283641
20000,0.4404695874773661
20000,0.5342480312936673
20000,0.490420319271383
20000,0.5149398684179028
20000,0.5359361444103572
20000,0.5540492109845903
20000,0.44817710854501136
20000,0.43420005477220164
20000,0.3977342016689572
20000,0.5768000023437186
20000,0.5086389727924312
20000,0.5613978678861506
20000,0.5207199427472025
20000,0.7317025591050025
20000,0.5348801973103467
20000,0.4880909502303805
20000,0.48765941864533424
20000,0.47669008421419873
20000,0.42229918360872265
20000,0.4549652249961256
20000,0.5484778262009731
20000,0.4772425643007468
20000,0.39960657885293477
20000,0.48239092218296553
20000,0.6113780450538344
20000,0.6149094808588355
20000,0.5219271663021738
20000,0.4914446251830305
20000,0.40374403551408505
20000,0.43011732101074573
20000,0.4360025630283598
20000,0.4817927141141892
20000,0.6452621598833573
20000,0.42802993157040364
20000,0.5447409012934706
20000,0.5072851844564169
20000,0.6613923916454469
20000,0.45988592389233274
20000,0.4910547807068817
20000,0.5034239176102885
20000,0.4225933940675587
20000,0.5048077169001299
20000,0.44594549767201047
20000,0.5892428947301023
20000,0.4505645720153946
20000,0.510732332938514
20000,0.46849945757523165
20000,0.545692565998952
20000,0.586081272526074
20000,0.5137395175643739
20000,0.46092096319503123
20000,0.4748201441989819
20000,0.5098004718038116
20000,0.7195978093580638
20000,0.5035178735291204
20000,0.6835973945263357
20000,0.4443153674158048
20000,0.4014457585005117
20000,0.48386184327014564
20000,0.43290340475493333
20000,0.42752955485758803
20000,0.5043396161745072
20000,0.47880550270165634
20000,0.5566670484193534
20000,0.49174873349438725
20000,0.6104626465125331
20000,0.575529851882107
20000,0.48248765002081473
20000,0.5549679254243783
20000,0.5391632189959968
20000,0.4073406633832568
20000,0.6159351959742457
20000,0.5366332820733779
20000,0.6139540660488347
20000,0.413973020331305
20000,0.7906464344512567
20000,0.4475503264448396
20000,0.45207353361403585
20000,0.5197657947505573
20000,0.5767418402547057
20000,0.4044927162339545
20000,0.41775443787212496
20000,0.6091972446839152
20000,0.5306945041298609
20000,0.5562168086311373
20000,0.44445316093928644
20000,0.6034646210238851
20000,0.5581214981357343
20000,0.507823867768195
20000,0.5317675840419966
20000,0.5234625219074351
20000,0.5616388142630617
20000,0.6688888169599967
20000,0.45771741846758224
20000,0.44345694751521997
20000,0.4987860213826455
20000,0.4845953394778063
20000,0.39454315238547005
20000,0.41474754067348163
20000,0.48628077167506034
20000,0.5068625075809203
20000,0.5572118985884855
20000,0.49594105458119925
20000,0.6326193977990517
20000,0.5323949660961487
20000,0.4258229477463603
20000,0.4460126828201972
20000,0.5160848513064908
20000,0.5539493875497146
20000,0.39035870067142514
20000,0.46222361315737787
20000,0.4237448731214161
20000,0.4976701925889684
20000,0.7308374710782121
20000,0.5322772602021622
20000,0.5481728377165113
20000,0.5050670535430395
20000,0.7416981115933478
20000,0.5171075705667956
20000,0.40929433692606587
20000,0.47268966656931305
20000,0.4407526260635933
20000,0.4932050421579026
20000,0.5094800978861217
20000,0.5624269377795643
20000,0.5495860092947998
20000,0.6199406757112595
20000,0.46559276048363185
20000,0.6891186209576554
20000,0.4075650649625789
20000,0.5031074328378604
20000,0.5452941020211691
20000,0.45721480826408556
20000,0.4537635037428034
20000,0.44884192373600945
20000,0.47359708744160095
20000,0.494338450554958
20000,0.5526340315801744
20000,0.5181440015050304
20000,0.45026100683345555
20000,0.6482483635523526
20000,0.7119728456155638
20000,0.5926973502630857
20000,0.4934759370289543
20000,0.5260592264268701
20000,0.4131946299353093
20000,0.40939738722915053
20000,0.6389573324211038
20000,0.5522396303992362
20000,0.5538845839676741
20000,0.49755949034299773
20000,0.6388250523484701
20000,0.6213582955192775
20000,0.427787174185254
20000,0.5762385932286819
20000,0.4995936323700416
20000,0.5019545094726373
20000,0.5225054151404342
20000,0.5379393793809135
20000,0.4796129199877926
20000,0.45924223234805145
20000,0.49300662389267125
20000,0.5136135599474378
20000,0.489303572632368
20000,0.5592657390306786
20000,0.4600234987316368
20000,0.7081105126284821
20000,0.4971100702202216
20000,0.5413685601863997
20000,0.45914969607187206
20000,0.4534896106796307
20000,0.40959384066798377
20000,0.45249266059087323
20000,0.6767738444329227
20000,0.5258406225059409
20000,0.46368349381081
20000,0.7195696043507096
20000,0.44601172134767175
20000,0.5728750993161668
20000,0.693451549420859
20000,0.5036825234126098
20000,0.5137815901847417
20000,0.5220946770756537
20000,0.47575923551541954
20000,0.5098273074665246
20000,0.4997674727873505
20000,0.5413645810234419
20000,0.5842541133810983
20000,0.5466302929702413
20000,0.4991436019712706
20000,0.588377968408964
20000,0.4440537585460815
20000,0.49803345800969806
20000,0.4074431369737351
20000,0.47122787421804546
20000,0.4803449865074055
20000,0.5928318455231508
20000,0.590853016009489
20000,0.460661371173552
20000,0.5312486948778179
20000,0.5277990414238365
20000,0.5198361910947985
20000,0.5237047381116551
20000,0.5271177560378336
20000,0.4292390004161031
20000,0.4493462323762204
20000,0.42013805565537177
20000,0.6476592036322179
20000,0.40741790205124667
20000,0.4414796109499079
20000,0.4055745720235125
20000,0.473661187577281
20000,0.6305614750421852
20000,0.5849417460022805
20000,0.530293912851309
20000,0.5193314870928184
20000,0.646524417629324
20000,0.43856082609502106
20000,0.5727434646043018
20000,0.4478080008389192
20000,0.46242223846892366
20000,0.5258610546976688
20000,0.44359708950783333
20000,0.6283085946537931
20000,0.44510402081455824
20000,0.39652375492190733
20000,0.4469444477826953
20000,0.546983424880458
20000,0.566402243777111
20000,0.6288278650467737
20000,0.5017588354635618
20000,0.6296199065251663
20000,0.5233674435607195
20000,0.640542232795914
20000,0.5691249730118138
20000,0.605771136329927
20000,0.42743105001431797
20000,0.6247251988964246
20000,0.5552753538082631
20000,0.47761550958658633
20000,0.681257158634207
20000,0.469437174742804
20000,0.4918696148864656
20000,0.4573793966626016
20000,0.5144527234476555
20000,0.7264746522231199
20000,0.4506873041325338
20000,0.6098271302459565
20000,0.5499094071889058
20000,0.39803563891738436
20000,0.44862587598190057
20000,0.47453819476973946
20000,0.6242474269187296
20000,0.4552852861837534
20000,0.6170290411762505
20000,0.5063339196304371
20000,0.740656385628386
20000,0.49428027514123235
20000,0.477758198764725
20000,0.6160479305030598
20000,0.5478872683593751
20000,0.4922292622502555
20000,0.6080372487359185
20000,0.5043411899293895
20000,0.490460697921698
20000,0.5668808513711059
20000,0.5061424659262475
20000,0.5204785545624461
20000,0.396500678038096
20000,0.5036268740297688
20000,0.5492772982003414
20000,0.3796225555705008
20000,0.4251195457514595
20000,0.6137548624651628
20000,0.5034296383243095
20000,0.5221591613779443
20000,0.4312433240772248
20000,0.6673962791839315
20000,0.44144290457502433
20000,0.5890023772427215
20000,0.506101156062832
20000,0.5451599284780522
20000,0.5248212393314674
20000,0.448283100165109
20000,0.62965730211671
20000,0.6588311800657335
20000,0.42148613234878823
20000,0.757942789470516
20000,0.5717231773433923
20000,0.6543234932211824
20000,0.5401999281292427
20000,0.6187830381078282
20000,0.45760005760125505
20000,0.7812845431223364
20000,0.613158407661391
20000,0.5796084057627704
20000,0.6126214061459117
20000,0.5220000652644724
20000,0.4382098604407854
20000,0.41186025239642843
20000,0.4914662657906573
20000,0.7173383474353567
20000,0.4322397634542754
20000,0.5003552756075644
20000,0.4523914136740308
20000,0.6134630614632147
20000,0.5340735855963913
20000,0.534355833759799
20000,0.41626098009623447
20000,0.5902253658835606
20000,0.5671304796075747
20000,0.4416770444690703
20000,0.4753910079081443
20000,0.46212729965561755
20000,0.4341852854962154
20000,0.6617499881928609
20000,0.5271526118948565
20000,0.42234970865961735
20000,0.509234310070164
20000,0.5553870574828956
20000,0.41556179359902
20000,0.5116679964729507
20000,0.5315559395250548
20000,0.4808808886241442
20000,0.542947638597394
20000,0.5755209014577444
20000,0.4737793390191835
20000,0.42399926619371275
20000,0.46870415999210574
20000,0.5170690038939064
20000,0.49466059385499633
20000,0.5302067476267157
20000,0.5906067844516177
20000,0.45252771376304873
20000,0.516600666026375
20000,0.43035448339783117
20000,0.5347740242960835
20000,0.567838796702939
20000,0.4658219279304658
20000,0.40501829442744447
20000,0.4306132038503567
20000,0.7647986953642768
20000,0.48518473519787764
20000,0.4751492586861825
20000,0.42558404838486524
20000,0.5983184280393712
20000,0.41361057505456916
20000,0.6083843121009566
20000,0.42812783945683464
20000,0.4430587549583046
20000,0.5812146953978825
20000,0.42367564003204355
20000,0.5929199853149283
20000,0.4941947279619973
20000,0.5125033674886307
20000,0.5053187207394786
20000,0.5859779835115312
20000,0.5203643505674416
20000,0.47514147363844117
20000,0.5591401187637899
20000,0.6216730914211486
20000,0.4196863301086701
20000,0.5427915066403458
20000,0.3937591359862233
20000,0.3941526084215544
20000,0.45447439879320223
20000,0.4797260466832677
20000,0.51257729145254
20000,0.6450102136792919
20000,0.5304994018148617
20000,0.5405254542456117
20000,0.4590800450835728
20000,0.5832835598825741
20000,0.4363355549555254
20000,0.5372190832352328
20000,0.38508937463397364
20000,0.6041050621937946
20000,0.4414859488126416
20000,0.7456118563033144
20000,0.48319456956446577
20000,0.7140306899504831
20000,0.5286689315072196
20000,0.4060300763187104
20000,0.6593552279846757
20000,0.4923375704455207
20000,0.6133785968087538
20000,0.43753283547468785
20000,0.6075874011613422
20000,0.5146566038420237
20000,0.6182523881908397
20000,0.6027309442463872
20000,0.5828675886889803
20000,0.4307328506962475
20000,0.5197477697973459
20000,0.5331736528174494
20000,0.43488179785952213
20000,0.3971836024339457
20000,0.6999880506577578
20000,0.47927961165434885
20000,0.5527967800038353
20000,0.5048371869355401
20000,0.4557382110099254
20000,0.6149687500952303
20000,0.4287847877133329
20000,0.7410580739281221
20000,0.43039320960875066
20000,0.5243632140663792
20000,0.47605622861028907
20000,0.5605483797240027
20000,0.7076495710975795
20000,0.526702166046729
20000,0.49211148251378695
20000,0.5724000834139981
20000,0.6234260967385463
20000,0.7373960495110814
20000,0.4368307297604199
20000,0.45365129880618443
20000,0.46690383810580305
20000,0.7781886659439693
20000,0.5055174586698132
20000,0.4921237732166361
20000,0.5369285613741845
20000,0.5905853351769527
20000,0.5057105159451232
20000,0.42901009550561897
20000,0.44943099794012537
20000,0.46959488050148973
20000,0.5043186098671073
20000,0.568039904238827
20000,0.581218850484051
20000,0.5651871600956251
20000,0.5132941641044254
20000,0.5236138997396229
20000,0.5059259556290997
20000,0.4992158566153842
20000,0.5077406602322779
20000,0.6210972561576592
20000,0.4691292277435185
20000,0.6934188093005358
20000,0.45821163964648226
20000,0.4535092465490213
20000,0.45605336566257154
20000,0.41655064164122196
20000,0.5522403941472963
20000,0.39087984381060187
20000,0.42749147175335916
20000,0.4842300509607158
20000,0.509200415539871
20000,0.40444263658880375
20000,0.5406516211106354
20000,0.4038128875083928
20000,0.6315460159061278
20000,0.6331810580072471
20000,0.5380696867843616
20000,0.41453727942843516
20000,0.5709115086999839
20000,0.5240167202146001
20000,0.47717365152502306
20000,0.5525246929311631
20000,0.509625627618594
20000,0.6347514896574066
20000,0.5721679846607417
20000,0.4871969570805665
20000,0.518915331024048
20000,0.423471782615123
20000,0.4737652652726252
20000,0.39905758768367106
20000,0.4371807150833985
20000,0.5135767029933259
20000,0.5453156917406393
20000,0.7991536443371154
20000,0.6320170838197158
20000,0.44103799908039965
20000,0.5388365959190734
20000,0.5189188629766862
20000,0.689301454821768
20000,0.5168632088382461
20000,0.4231449841947351
20000,0.6127551767071405
20000,0.4803038276294973
20000,0.47311406148190144
20000,0.5593612430340588
20000,0.5332295009485608
20000,0.48370742718669574
20000,0.5567287229798662
20000,0.5532310940052643
20000,0.5192558568704368
20000,0.5930179344143215
20000,0.6503680783981263
20000,0.6470709182081711
20000,0.570264306051988
20000,0.5077199969880478
20000,0.6718634170411315
20000,0.5348220150305804
20000,0.5030898123854156
20000,0.6346831035979523
20000,0.604824527180572
20000,0.41477178724385166
20000,0.5504999523895836
20000,0.5596613966118884
20000,0.4286383301315051
20000,0.507849487694313
20000,0.4817417776096586
20000,0.5629037115130364
20000,0.5002611096608895
20000,0.5905889983777085
20000,0.5031983964703373
20000,0.6128033420566241
20000,0.5547367477645281
20000,0.5115399384973338
20000,0.5119098775212882
20000,0.534700188600268
20000,0.5221681151698149
20000,0.49055050205969036
20000,0.4400453108817535
20000,0.48154489870374756
20000,0.699424176943802
20000,0.42516271397456895
20000,0.4663490646913255
20000,0.5633851757706544
20000,0.40949378859414653
20000,0.44483390324956723
20000,0.7707156858958419
20000,0.5222555797873482
20000,0.5066140450226491
20000,0.3849217954788317
20000,0.41504905693430943
20000,0.3900819212562504
20000,0.5607237833477678
20000,0.5254590400628155
20000,0.6360046979685984
20000,0.654357786804082
20000,0.4310031581373491
20000,0.6701878609810187
20000,0.4829637735422754
20000,0.5172977035732422
20000,0.7086364721348144
20000,0.5718532997849047
20000,0.5563192512959128
20000,0.6841058043041145
20000,0.5832664782271723
20000,0.6276282469041116
20000,0.4325511496597714
20000,0.5910974449830153
20000,0.4782199445996828
20000,0.42142705473823544
20000,0.48182499124993167
20000,0.49163107132820255
20000,0.42856340134769627
20000,0.5361756270665332
20000,0.504711049295798
20000,0.5596716948971755
20000,0.4351789571721844
20000,0.523190733656466
20000,0.47828614354057297
20000,0.5163195013199247
20000,0.4712143290759098
20000,0.4226432898269656
20000,0.5559176324677053
20000,0.5572309245950333
20000,0.5326087828135085
20000,0.4754110425650305
20000,0.5094666813555011
20000,0.5491704006442126
20000,0.3874202637930271
20000,0.762372471671579
20000,0.42309621866448205
20000,0.5554843229285004
20000,0.5583556382103234
20000,0.4866146491556535
20000,0.4213507023814113
20000,0.6194567584162238
20000,0.42865314463246956
20000,0.6625107242486153
20000,0.4510040082461872
20000,0.40561754225876345
20000,0.4882233044438256
20000,0.6339217028535913
20000,0.5606982304810871
20000,0.4532645080274948
20000,0.5539181277715544
20000,0.45603542946667813
20000,0.5304780747134873
20000,0.4868445786498424
20000,0.5882429345042888
20000,0.4250764234497972
20000,0.6285908876935657
20000,0.4180124101741116
20000,0.5252158238921489
20000,0.4428432064252455
20000,0.5504227431793275
20000,0.45645566911442903
20000,0.4925158716438221
20000,0.41908812907373116
20000,0.46966790947608966
20000,0.49974644952513625
20000,0.7149256524687115
20000,0.4424254779680434
20000,0.4858404287786615
20000,0.5724644775411373
20000,0.6366251479652077
20000,0.526033483024249
20000,0.6006094589801891
20000,0.683883147142743
20000,0.5480010841487545
20000,0.4467487084281612
20000,0.4810097412112643
20000,0.5692493391798547
20000,0.5388458283441687
20000,0.4490937345311042
20000,0.5159700479467834
20000,0.5218008997130024
20000,0.3991935619389341
20000,0.5033467015268694
20000,0.6371844545985138
20000,0.4785339814925563
20000,0.6074879341320781
20000,0.48277823495891325
20000,0.40077231547705156
20000,0.4209965280320963
20000,0.45543966203091796
20000,0.4022742202371291
20000,0.611356280910283
20000,0.4347266235739768
20000,0.405841326246977
20000,0.4344089840708197
20000,0.4051465504400099
20000,0.5495931387230122
20000,0.8058072392009706
20000,0.6615281111136518
20000,0.4413963421623668
20000,0.4492910499691359
20000,0.6144570769264402
20000,0.5075466304723067
20000,0.4955801895295618
20000,0.4235153118701482
20000,0.6075630521139306
20000,0.6426557348364361
20000,0.6032468133419748
20000,0.5416493889835402
20000,0.6015294963589413
20000,0.527266241779846
20000,0.49796565289477496
20000,0.7611214822890321
20000,0.6248179731392851
20000,0.6462604694095597
20000,0.473304084146204
20000,0.4218702122814347
20000,0.5829647071368732
20000,0.4788237015908557
20000,0.4870938459086361
20000,0.5393561985122652
20000,0.5081011394952628
20000,0.42171956710417074
20000,0.4956792506010765
20000,0.551641170066021
20000,0.543915973545846
20000,0.605187325925324
20000,0.5237856361987061
20000,0.633975923133068
20000,0.5356958435224749
20000,0.4809575984017379
20000,0.5746583243616554
20000,0.6224786426583746
20000,0.6223102180308696
20000,0.5297859444956043
20000,0.43819051945265747
20000,0.4159055331789214
20000,0.5668178635810502
20000,0.39176963004334264
20000,0.5809723212444549
20000,0.5011910578504374
20000,0.7162388008432948
20000,0.5531495707569506
20000,0.6077667411061233
20000,0.46846517338751803
20000,0.4854275631564434
20000,0.5047768014693356
20000,0.5021923303915189
20000,0.5916739493557821
20000,0.47094165120436504
20000,0.5517054034109315
20000,0.5871964271215311
20000,0.5002682845261553
20000,0.5035531061364372
20000,0.6179077113823871
20000,0.5748945589771848
20000,0.5621548644729829
20000,0.6299276385625755
20000,0.47793211658994106
20000,0.5186765775521721
20000,0.5286707513452235
20000,0.7836287713547239
20000,0.41508498300490904
20000,0.6391378467786782
20000,0.4976214512538582
20000,0.5338006214160729
20000,0.517565510036156
20000,0.5181120022893919
20000,0.4721846142068551
20000,0.43779597854722035
20000,0.5903556965673169
20000,0.40956122825639674
20000,0.4962320519857782
20000,0.5947518470100406
20000,0.5742512962588374
20000,0.48934856846442776
20000,0.40253924872989016
20000,0.409567627102797
20000,0.4956495709603518
20000,0.4213991382879885
20000,0.6103861781691908
20000,0.41500260886919843
20000,0.5129653135537168
20000,0.552953736853352
20000,0.48695775783194617
20000,0.47496170768308604
20000,0.38216155057663537
20000,0.5352252831875142
20000,0.4394608539934959
20000,0.4984766212306998
20000,0.5746187092451066
20000,0.6023688049928135
20000,0.40320372786897063
20000,0.5138080310034583
20000,0.5271812120249567
20000,0.4968684176197805
20000,0.6287740566902211
20000,0.5733213872343325
20000,0.5544917212320779
20000,0.47380356300951965
20000,0.4959155039314807
20000,0.4940940549445836
20000,0.6298829193830611
20000,0.6331246319329583
20000,0.5960615856733747
20000,0.47336218067768504
20000,0.4122499972434752
20000,0.5638077488341204
20000,0.48425656078915447
20000,0.5076130728825934
20000,0.47921936852048785
20000,0.5748289469086841
20000,0.579158692556772
20000,0.536804052875367
20000,0.4118719200256453
20000,0.4770640602690871
20000,0.4077509016302198
20000,0.4733501554263261
20000,0.4858641965847082
20000,0.4088506019218699
20000,0.5686346991091745
20000,0.5034158813520953
20000,0.47201171784974116
20000,0.5386124877142635
20000,0.46324570075407606
20000,0.49609016499534914
20000,0.4951786259848846
20000,0.4788203943054769
20000,0.3939630383574316
20000,0.47447455214396667
20000,0.47263517550277423
20000,0.5504404625420514
20000,0.6032760402441113
20000,0.44231220777688335
20000,0.4885685126821898
20000,0.6212661116651447
20000,0.5835630236308458
20000,0.400324684524268
20000,0.43657076091273855
20000,0.39052854650032715
20000,0.49858522579851505
20000,0.5743867972991662
20000,0.5047736105345663
20000,0.586259767886594
20000,0.7049824788005322
20000,0.40732653297422905
20000,0.41595714634709824
20000,0.5784035165406766
20000,0.6126894183374882
20000,0.549589688026271
20000,0.5948210308460739
20000,0.48312693589979405
20000,0.3895958380986625
20000,0.6426688380757878
20000,0.4836446916615931
20000,0.5288622176007725
20000,0.43710412576405944
20000,0.48805100745669655
20000,0.41176358375918315
20000,0.4751945291275831
20000,0.6023496519277206
20000,0.597701296994101
20000,0.5212583951480864
20000,0.566243379720623
20000,0.6068331281332854
20000,0.5488283982641585
20000,0.4512049991820613
20000,0.4747889894171143
20000,0.4958525178438594
20000,0.47960676780227735
20000,0.482260249706144
20000,0.4243929045759436
20000,0.5286151555641903
20000,0.4836130795043792
20000,0.5514258294377457
20000,0.42495790024520635
20000,0.6991025137770714
20000,0.47975974575687996
20000,0.5170994210140053
20000,0.4771336605861017
20000,0.4187377766295564
20000,0.484823519289106
20000,0.5227794229729976
20000,0.4927130618369069
20000,0.4309720936824724
20000,0.5637292280085121
20000,0.5268178786238895
20000,0.4391247236191481
20000,0.5138716108925715
20000,0.4221261039917799
20000,0.520579670255275
20000,0.5031045718568066
20000,0.5137601388741746
20000,0.5593931182515667
20000,0.427839848033063
20000,0.41097428059940894
20000,0.454954006164504
20000,0.49983026922977153
20000,0.5881255760431608
20000,0.5500389543851376
20000,0.4397291512157203
20000,0.6182290474687976
20000,0.5451711109804644
20000,0.47899421091807143
20000,0.605466560935011
20000,0.543419109501417
20000,0.6035739515884984
20000,0.5024459698420041
20000,0.5445242249594228
20000,0.5231679373196211
20000,0.5829137893702832
20000,0.5882398101270745
20000,0.6002799560706763
20000,0.6372222623600617
20000,0.5198816633024909
20000,0.46538778348005116
20000,0.6174105853915043
20000,0.49198255237814414
20000,0.48932636797543755
20000,0.4103787257857042
20000,0.5390321799797378
20000,0.40980637870574105
20000,0.43177172996482016
20000,0.4380966174213642
20000,0.48918393199420923
20000,0.4762248842251834
20000,0.4993485504640055
20000,0.4930698523808824
20000,0.4107542651379976
20000,0.6346865399858362
20000,0.47891660274182213
20000,0.501229027601672
20000,0.5288660969274136
20000,0.5619470588294596
20000,0.5420633866515504
20000,0.45449936274777775
20000,0.5041967550044175
20000,0.5059127280537289
20000,0.7967999751344464
20000,0.5635339291541454
20000,0.412727158494011
20000,0.6645590002985821
20000,0.5133739694780758
20000,0.44555660695900906
20000,0.46567219962520906
20000,0.6186094155937469
20000,0.5022449782067099
20000,0.4214779229675578
20000,0.5314728708071718
20000,0.756692027872686
20000,0.6104869357988628
20000,0.5490866624046518
20000,0.7041438698132598
20000,0.5728151158032642
20000,0.4525666553392323
20000,0.5438243702943056
20000,0.5856613839355927
20000,0.6007239695259028
20000,0.5047951222141018
20000,0.4721238339065224
20000,0.6452728365648921
20000,0.5238683639462964
20000,0.6905684430948389
20000,0.5028947840908968
20000,0.5507688369031007
20000,0.48706332395310736
20000,0.4492341584182109
20000,0.45198139369301876
20000,0.46671675752445185
20000,0.4555588773606918
20000,0.5948142589057328
20000,0.4594690471555566
20000,0.5094906404234072
20000,0.6734064522401869
20000,0.48069246613252015
20000,0.6604400129730014
20000,0.5297873751490292
20000,0.5037410684460926
20000,0.6549412604768845
20000,0.46615057223468925
20000,0.6081550626146892
20000,0.5223461446030963
20000,0.5337692311737141
20000,0.5629255428748378
20000,0.44906019214317505
20000,0.40689995794463973
20000,0.5535953796049137
20000,0.5504954361172327
20000,0.4493032272653799
20000,0.5469941387858817
20000,0.500058179321506
20000,0.6727126801942555
20000,0.4734284354544601
20000,0.5307594470947457
20000,0.5251007768504392
20000,0.40451619487825186
20000,0.49774022003140383
20000,0.5867741778420128
20000,0.42755618064368406
20000,0.5137967965301247
20000,0.5588001603715795
20000,0.5321517455176331
20000,0.5269152521407556
20000,0.5993389771958957
20000,0.6135661571070304
20000,0.5238626605157978
20000,0.5421189294528883
20000,0.4961951758250966
20000,0.5175509871354229
20000,0.4889854494305262
20000,0.6177745420051733
20000,0.5124646560514529
20000,0.5744985390191453
20000,0.4875331843605703
20000,0.7049927231990534
20000,0.5653662869138687
20000,0.47600928384427427
20000,0.6347995031354671
20000,0.5294126938740519
20000,0.7192301349118632
20000,0.4565246587998178
20000,0.3914708330396008
20000,0.56348625039853
20000,0.7823725967900478
20000,0.793709030619626
20000,0.4948680877554302
20000,0.6098321932666599
20000,0.7442149711665449
20000,0.5271577664131671
20000,0.48910122094816405
20000,0.6175865024329479
20000,0.647483324205534
20000,0.40049781689122815
20000,0.46754147942371976
20000,0.4990101685772028
20000,0.5773702920570516
20000,0.7531728915415417
20000,0.41985461832038645
20000,0.5324669226705236
20000,0.5699588478382045
20000,0.4829176170718911
20000,0.8350282999752863
20000,0.5483578646293024
20000,0.4324452479665969
20000,0.6528012351866295
20000,0.5245266907012138
20000,0.42558176242734347
20000,0.6238176952348006
20000,0.4048788177017033
20000,0.45354578182542915
20000,0.49187305320318325
20000,0.5396807735953161
20000,0.6016521160688546
20000,0.43266968422033286
20000,0.444944078072016
20000,0.5289960190399019
20000,0.6064963648189233
20000,0.6160994881791014
20000,0.5397886835240672
20000,0.5570395653716315
20000,0.4586390803813228
20000,0.42447560222131325
20000,0.5456576139974716
20000,0.47992930614467694
20000,0.4795085894558174
20000,0.6529234422670378
20000,0.6089380080171302
20000,0.6496825638780995
20000,0.5726826662028448
20000,0.38708090486444335
20000,0.5277365058075946
20000,0.7094528047600588
20000,0.46943733761388207
20000,0.39540740488651804
20000,0.4632401621447708
20000,0.4541397996200796
20000,0.4637246495032391
20000,0.4751582107278178
20000,0.5409464050472984
20000,0.4426450249320746
20000,0.4769053514087257
20000,0.6792670979408008
20000,0.5215761911995911
20000,0.5041727703432632
20000,0.4080790968117675
20000,0.5982173730591726
20000,0.4373597877419628
20000,0.4765632696970148
20000,0.7047487642657979
20000,0.5314278399261348
20000,0.4215490586127451
20000,0.4621342515982039
20000,0.4841422736427574
20000,0.49956828743004916
20000,0.40876795290812046
20000,0.5250614333421535
20000,0.571464113113893
20000,0.5816546276748487
20000,0.5010056956467015
20000,0.42944306169379687
20000,0.47033824225395304
20000,0.41733766794317556
20000,0.4358925970275964
20000,0.6180736368453242
20000,0.572468857652786
20000,0.4033873621729294
20000,0.46808398753498576
20000,0.5389838104789455
20000,0.433251703884717
20000,0.5338266999020702
20000,0.4323680151043294
20000,0.4938928368988945
20000,0.6803143601962868
20000,0.4163939074320662
20000,0.4525706208841647
20000,0.6164143056052126
20000,0.5420030660243947
20000,0.6131861307822284
20000,0.6752471706564004
20000,0.48039967669556133
20000,0.3939056763550874
20000,0.43873062152069625
20000,0.6656167135913206
20000,0.7102516662062273
20000,0.6960132374127903
20000,0.4506264476002659
20000,0.4434836746584023
20000,0.5159911026437097
20000,0.46691431807125605
20000,0.48051437459779683
20000,0.4138939016047273
20000,0.6286162106210454
20000,0.46306819371438845
20000,0.8506858051899931
20000,0.5063239039936328
20000,0.567427788840259
20000,0.5822269771019767
20000,0.6180227647612461
20000,0.49725203475019747
20000,0.4272184440529194
20000,0.5335769513543105
20000,0.5527777224466731
20000,0.5288448545214905
20000,0.4659290305795523
20000,0.4599520575578972
20000,0.5000639715441341
20000,0.4152293596935945
20000,0.5570838816899323
20000,0.5335991912755617
20000,0.5488400926572555
20000,0.5500189044984639
20000,0.47841336213327074
20000,0.6345820164032541
20000,0.5383611936751125
20000,0.4289495019828451
20000,0.4692313804296777
20000,0.5333310280848877
20000,0.5983813976996646
20000,0.43462692872876396
20000,0.42906462523876643
20000,0.45405327538654994
20000,0.47791044285657874
20000,0.5468669502324992
20000,0.4661947185343602
20000,0.6139018304373172
20000,0.5593259145735987
20000,0.8169741676842054
20000,0.6073349196083422
20000,0.6276764172264528
20000,0.6530118161619393
20000,0.39039612269153556
20000,0.7362700575737601
20000,0.49528567929969913
20000,0.40858577102665317
20000,0.5227459258114722
20000,0.44119217378089903
20000,0.4676564930396773
20000,0.529180264099941
20000,0.7991320106678761
20000,0.4544882412530333
20000,0.48302461369951877
20000,0.4973609425197876
20000,0.5473595664218976
20000,0.6267706390050126
20000,0.4474342020194284
20000,0.47964540269412276
20000,0.4095530810731413
20000,0.6297848966891876
20000,0.4240926174090337
20000,0.400387718645857
20000,0.41229137312902425
20000,0.5749417654058244
20000,0.4920424861741368
20000,0.5519418745735181
20000,0.44916726258410933
20000,0.6833379421433116
20000,0.5170349134944784
20000,0.5728373312679708
20000,0.5132232407527787
20000,0.47106518952820764
20000,0.5098557158996443
20000,0.4657448799652828
20000,0.4623491488099317
20000,0.5458786821368773
20000,0.4317217921496618
20000,0.5441034139328533
20000,0.4781057898174335
20000,0.5154918798463549
20000,0.6226835447717429
20000,0.531376584730659
20000,0.434613108259191
20000,0.6127573287976793
20000,0.47342356357183685
20000,0.540489373410644
20000,0.42157550463146437
20000,0.5039362977445472
20000,0.5231204639239068
20000,0.4805691568355066
20000,0.4911536530879324
20000,0.4296505912173111
20000,0.5929263394192512
20000,0.5586939379964904
20000,0.6881697778013948
20000,0.409302818030288
20000,0.6692361615673699
20000,0.47719114721401734
20000,0.7109593210102658
20000,0.6511088290259806
20000,0.6036398503481782
20000,0.48605661994006877
20000,0.413302918702562
20000,0.6196523615465805
20000,0.5154802103618715
20000,0.661853216504066
20000,0.5524015577968772
20000,0.6084285054523515
20000,0.4117135738246182
20000,0.43102768368444144
20000,0.7138319958469701
20000,0.546887958342759
20000,0.4441606205010209
20000,0.5325427510727542
20000,0.47933421513282803
20000,0.49317487584874115
20000,0.5461405712375733
20000,0.4044684397860503
20000,0.5952129543355897
20000,0.44503031091703443
20000,0.40745859862444683
20000,0.48640227100167077
20000,0.5045034464170713
20000,0.530859477254038
20000,0.5821746066080218
20000,0.575356294331927
20000,0.5233228291650702
20000,0.40777733953292616
20000,0.5136975875040927
20000,0.5404422711978829
20000,0.6087980587594458
20000,0.5182703114593736
20000,0.5016663346873151
20000,0.5903242471372363
20000,0.39336555991302624
20000,0.4891725302405632
20000,0.5277176174729102
20000,0.6404327073749423
20000,0.4371359200630277
20000,0.41685682379915096
20000,0.5643517444050393
20000,0.5210224077036333
20000,0.6486439395275096
20000,0.5591047313047918
20000,0.7077993161743983
20000,0.7050917079575421
20000,0.43370019206463173
20000,0.5125164458400767
20000,0.5010314009257648
20000,0.6470419560628011
20000,0.5768267694164971
20000,0.5396920521610789
20000,0.6126757598566395
20000,0.42366679012498004
20000,0.41569787229712657
20000,0.49913392007440616
20000,0.4437311103686819
20000,0.5449143829572188
20000,0.683514009692774
20000,0.44432416642266515
20000,0.5337092779395395
20000,0.4174304368049107
20000,0.7475032343189618
20000,0.5338016380378957
20000,0.5354939105524738
20000,0.517347856052211
20000,0.6174594201789841
20000,0.57148898189801
20000,0.8300659288754548
20000,0.6316387808899361
20000,0.43199774245404987
20000,0.4414153467752794
20000,0.5152707619406866
20000,0.4408573382049918
20000,0.4431330084790542
20000,0.7428313151579455
20000,0.4049389441847091
20000,0.6471078032407094
20000,0.48175122160105927
20000,0.481086909405887
20000,0.52148642208869
20000,0.5487353310175758
20000,0.5848313952666548
20000,0.5867520516672451
20000,0.5106799122162247
20000,0.4349549516347579
20000,0.6727942278906172
20000,0.5460316221211029
20000,0.6312706272577662
20000,0.6861375453295819
20000,0.6696644358829051
20000,0.6389937368070074
20000,0.732045129109904
20000,0.5577977976833642
20000,0.45798293905734794
20000,0.4162458296546905
20000,0.5130520426642998
20000,0.5957589957438867
20000,0.7657135819133922
20000,0.6260330963961795
20000,0.5636547661619451
20000,0.6960750458704102
20000,0.6316131137386586
20000,0.4509931937517501
20000,0.6439725450915837
20000,0.5165263573711875
20000,0.4216590205466169
20000,0.4689093678945428
20000,0.5556934380108762
20000,0.5624700759008405
20000,0.513430747995401
20000,0.4000006941315521
20000,0.5508257490234887
20000,0.49543131194088275
20000,0.4819201404432584
20000,0.5408367721590926
20000,0.593728540234371
20000,0.623031988440472
20000,0.5050017283733567
20000,0.4101160952499412
20000,0.47917942295614735
20000,0.39727448985708624
20000,0.5402889290801367
20000,0.5231920576850692
20000,0.44576019401606254
20000,0.7031198963574293
20000,0.5574270090559457
20000,0.41157276394804543
20000,0.5009295710940168
20000,0.47197747521692324
20000,0.5040513589971223
20000,0.6327771542967456
20000,0.5583140244754798
20000,0.44208723835489133
20000,0.4203412497281623
20000,0.6038154593247966
20000,0.5288116909296484
20000,0.6123600707176388
20000,0.6311579853547424
20000,0.41335011551957407
20000,0.5558498024068953
20000,0.38153544862483946
20000,0.4914653615099105
20000,0.5348284310068354
20000,0.4229503896730976
20000,0.528008467727033
20000,0.478349928307645
20000,0.5045662673497561
20000,0.4727121071959861
20000,0.4744980012499053
20000,0.45668652332563453
20000,0.804927157824964
20000,0.4940855379630214
20000,0.5063467257801513
20000,0.5036300246359808
20000,0.4730280040934131
20000,0.5736589045549361
20000,0.5481770296160061
20000,0.6088116435771815
20000,0.49578132793574514
20000,0.465578656527361
20000,0.5189813385350431
20000,0.4986801088571811
20000,0.47584014081604004
20000,0.4561724513693468
20000,0.4415412286437548
20000,0.4727159237627627
20000,0.6376560418127537
20000,0.5591405465540794
20000,0.7029457324304661
20000,0.6676602677322857
20000,0.49369480548783357
20000,0.5457036728683735
20000,0.5086550561915573
20000,0.5069636091843286
20000,0.5023846381071293
20000,0.5365447578539849
20000,0.5555710819323457
20000,0.6805998412424711
20000,0.5425868615263165
20000,0.4739510316899087
20000,0.5406585532098621
20000,0.5484940291446975
20000,0.7242297835745665
20000,0.48412868819699545
20000,0.416908585511063
20000,0.48286517602725526
20000,0.47373005405791724
20000,0.5245135569814401
20000,0.5153262613881623
20000,0.6205086963659552
20000,0.46090062608183424
20000,0.39328572876102647
20000,0.4310647557445979
20000,0.4536500142332251
20000,0.44429867970629255
20000,0.5347767883773082
20000,0.5110132481759148
20000,0.5768611013452242
20000,0.4838839756438782
20000,0.42123061901244624
20000,0.5453284438143705
20000,0.5906974652833353
20000,0.40228272046192504
20000,0.6723636156078778
20000,0.4659252285487144
20000,0.6032325467288928
20000,0.3869113626739042
20000,0.5726011271904485
20000,0.52162949758606
20000,0.5538311645999622
20000,0.466925211790297
20000,0.5246401734437146
20000,0.576663413373155
20000,0.5295647860403463
20000,0.5726548375432768
20000,0.557150446648915
20000,0.4871182126590266
20000,0.5632750706516113
20000,0.6121997424269965
20000,0.6234954578928272
20000,0.5582880462995166
20000,0.41906177135825123
20000,0.4438285211263443
20000,0.473825130516932
20000,0.5368426563901452
20000,0.6195768216029189
20000,0.38275198752420325
20000,0.47037696922256983
20000,0.4872291962372028
20000,0.5130793070303082
20000,0.6490205390987581
20000,0.5387028737562313
20000,0.49920436001233054
20000,0.44163878588975997
20000,0.5160442565587141
20000,0.40759691370139645
20000,0.5851755090535704
20000,0.4304271935314115
20000,0.472103228624301
20000,0.5322057600923891
20000,0.40536788100347115
20000,0.4686750056593427
20000,0.388076312468363
20000,0.5198222551599017
20000,0.6120687044683157
20000,0.44361770392842786
20000,0.5074971230437088
20000,0.4288053816246269
20000,0.4824653810408098
20000,0.48195841060863726
20000,0.4208957272956423
20000,0.6103569485576028
20000,0.7282512306306316
20000,0.48395660039659943
20000,0.566047533211313
20000,0.6518904791979601
20000,0.48263949264105477
20000,0.533469084362258
20000,0.39041577905947106
20000,0.7315495481465779
20000,0.4946756811234584
20000,0.4933150663392861
20000,0.49515809677283845
20000,0.40026753563576356
20000,0.46000023756308306
20000,0.569867877580015
20000,0.5276972136744572
20000,0.6419991247294365
20000,0.5072826908387913
20000,0.44993314293072134
20000,0.5503007156522935
20000,0.4373326475528838
20000,0.6297840197374117
20000,0.4985747835357771
20000,0.4235453685832473
20000,0.4619981378872728
20000,0.5778089485882243
20000,0.4385933474712268
20000,0.4155385977497575
20000,0.5487549450726873
20000,0.4596524854878338
20000,0.4777436984689719
20000,0.4260527667910879
20000,0.4958163230151708
20000,0.4087276335567686
20000,0.5422505964866782
20000,0.4042898917610108
20000,0.5591845949510428
20000,0.42695532007582315
20000,0.5571187271947384
20000,0.6040405567380226
20000,0.4439163158857059
20000,0.5115000769614259
20000,0.581166580962419
20000,0.5571497590195694
20000,0.3891735965595182
20000,0.43684882576571205
20000,0.6354015098976995
20000,0.3865533280286437
20000,0.5616008713356566
20000,0.5877638296184349
20000,0.5064252362548162
20000,0.42976107704598154
20000,0.5463494105861599
20000,0.5266879746796824
20000,0.5064998682694257
20000,0.5292259066022025
20000,0.5387783768830119
20000,0.6958196817643791
20000,0.4145880438258859
20000,0.48806372000087755
20000,0.5453409072690802
20000,0.42511627306175676
20000,0.4049005787590236
20000,0.6743772957117719
20000,0.6360010478834687
20000,0.38210037356439974
20000,0.49109593007214
20000,0.662950909533671
20000,0.6806040949673583
20000,0.5951024850434128
20000,0.5343718489881336
20000,0.617110395121161
20000,0.4485130102563094
20000,0.5500622844289926
20000,0.6255677604329701
20000,0.5152948368188511
20000,0.4979811347559699
20000,0.44854282081888097
20000,0.4309032295705141
20000,0.4163121214054439
20000,0.5067709851662392
20000,0.47546013117387387
20000,0.5038606371383432
20000,0.4746705431572824
20000,0.559121173260719
20000,0.4958141813699913
20000,0.4946600790405867
20000,0.41173616004505426
20000,0.4800322533068056
20000,0.4861628801473553
20000,0.5060101369317068
20000,0.558466725091653
20000,0.6210172969078622
20000,0.45874944349194935
20000,0.5660329802780533
20000,0.660772633420409
20000,0.4798565955371673
20000,0.4776919642038429
20000,0.515946614260008
20000,0.49126334304348646
20000,0.5140489284926719
20000,0.501454895151175
20000,0.6187085771134369
20000,0.5119985871968409
20000,0.4730852341074494
20000,0.4390246520679675
20000,0.4596488907286102
20000,0.5471366054038178
20000,0.4711370262774422
20000,0.5357492638708519
20000,0.49716150983168667
20000,0.5795739462414025
20000,0.4988348205936061
20000,0.5026317913489823
20000,0.7360127683907247
20000,0.6437469618086795
20000,0.4763977731176244
20000,0.48136667199464633
20000,0.551481823123938
20000,0.5443773421032314
20000,0.4850767339382768
20000,0.4312855578356603
20000,0.49958193517113303
20000,0.5583209899442059
20000,0.506544958054702
20000,0.45240471261757975
20000,0.6966416657729116
20000,0.5112573164284443
20000,0.3959944587128362
20000,0.5264618036738177
20000,0.5208397296871332
20000,0.45048411155119217
20000,0.5666101993387409
20000,0.5715937903628886
20000,0.6188985380159799
20000,0.558997194789156
20000,0.4970819370412823
20000,0.48391500810215027
20000,0.5641249650626199
20000,0.624295827765379
20000,0.6078219058546191
20000,0.5229456993966048
20000,0.44943893813184677
20000,0.587819619314738
20000,0.6552701380299862
20000,0.501420950723804
20000,0.5343982799363054
20000,0.5037303562125707
20000,0.41649697672898905
20000,0.641958941098143
20000,0.566330217680942
20000,0.4947144350236927
20000,0.5513345514129483
20000,0.5064843570553103
20000,0.6003365623518631
20000,0.4756946316782077
20000,0.5013634137793619
20000,0.5027833648961887
20000,0.5375165504239467
20000,0.6122469324093063
20000,0.48001052384976567
20000,0.47841743588335295
20000,0.5764962380797171
20000,0.44168462467248887
20000,0.42616359885566407
20000,0.4319584408482974
20000,0.39471534296766403
20000,0.5302154991815453
20000,0.5035536863630063
20000,0.41662663398759037
20000,0.4824216848800464
20000,0.4296273599631963
20000,0.4332644132164876
20000,0.5501932725544413
20000,0.6009980879723191
20000,0.4938088622784399
20000,0.5795773873258867
20000,0.5325848647772825
20000,0.48249732780544524
20000,0.5423339704694861
20000,0.4394593998231677
20000,0.47959713566058215
20000,0.48593829894759666
20000,0.3941358466524426
20000,0.5038976547268846
20000,0.5791223348800788
20000,0.4207297573612038
20000,0.6511773080932792
20000,0.5703191670578284
20000,0.5561578239291558
20000,0.5739231014953332
20000,0.4249974179381298
20000,0.5676890516256111
20000,0.774931937394306
20000,0.665259719379535
20000,0.53917759898249
20000,0.5187826380034707
20000,0.539412707338338
20000,0.44363033251100226
20000,0.42340925938680335
20000,0.4933609600935991
20000,0.7891836969959289
20000,0.4170459704361156
20000,0.7810439593815366
20000,0.5066269565602735
20000,0.5466099502209614
20000,0.3992713707389433
20000,0.551587819596732
20000,0.4315712224344988
20000,0.5582462685534597
20000,0.5594493433331692
20000,0.3961294846473794
20000,0.5403358050670336
20000,0.44547260577477743
20000,0.4674349171372017
20000,0.44512576152042155
20000,0.6033405087733092
20000,0.48946097612885214
20000,0.5094047602520965
20000,0.5060094350757156
20000,0.5734450152353989
20000,0.48210552117007577
20000,0.38789584456905585
20000,0.49717770875275474
20000,0.48025706529446444
20000,0.42114384710490194
20000,0.5655243919486651
20000,0.5468266466445045
20000,0.4336870444020547
20000,0.6129761543172803
20000,0.5204499304596688
20000,0.5279723886363656
20000,0.4556446836336703
20000,0.4834359398635259
20000,0.5944929890521137
20000,0.5604559250009878
20000,0.41832479741393885
20000,0.47886214364915203
20000,0.6168474289936874
20000,0.535611970108225
20000,0.580852647824682
20000,0.5153675266273026
20000,0.4696213421732423
20000,0.5114973780970575
20000,0.41893058958191665
20000,0.5131807124692199
20000,0.43245629352832105
20000,0.4846608445182471
20000,0.6008850398720176
20000,0.4440353546742898
20000,0.8153321235220384
20000,0.47973948240543207
20000,0.6727922190409397
20000,0.5072524255243637
20000,0.49905658384722146
20000,0.7395363628072237
20000,0.47613733729288615
20000,0.40999979103527556
20000,0.6048257156893145
20000,0.7961282778088133
20000,0.40432366472849846
20000,0.47480845257025117
20000,0.5840851521848475
20000,0.49691022041049304
20000,0.5707754782688547
20000,0.39047762388405455
20000,0.44436176816032386
20000,0.5103085871298261
20000,0.5069400822787382
20000,0.5317091972815242
20000,0.4803505310717493
20000,0.4949474771703081
20000,0.5681043244012326
20000,0.5381741075363939
20000,0.6711091907559723
20000,0.46109231587992344
20000,0.6240374587864735
20000,0.61578554687902
20000,0.44348706299424046
20000,0.4134164785262758
20000,0.5533186957761439
20000,0.5535016063837381
20000,0.4639280370262784
20000,0.6034138624330296
20000,0.4451629682143361
20000,0.4831208952739824
20000,0.4022652890508836
20000,0.49005359189236636
20000,0.43930664588469726
20000,0.5572238076087876
20000,0.44996840930970095
20000,0.6592890147449504
20000,0.7719076971358751
20000,0.46591196792481215
20000,0.5005682043050032
20000,0.5075013196414669
20000,0.384826103497638
20000,0.434087783786499
20000,0.5711706253892189
20000,0.38670039735803
20000,0.47241477859529957
20000,0.5523509804671061
20000,0.46672997578959297
20000,0.5118749706253943
20000,0.5265310274685873
20000,0.5823422783400224
20000,0.47820514895000116
20000,0.5580012209966589
20000,0.47689982964833033
20000,0.5217144049884508
20000,0.43382787984472676
20000,0.43084047681820564
20000,0.5428220177037036
20000,0.5862546141608604
20000,0.46812124530130894
20000,0.5259196858887013
20000,0.4912476721581944
20000,0.4646537530948174
20000,0.6214182807960901
20000,0.3992126453580512
20000,0.45510197699489335
20000,0.39810024111575626
20000,0.5473372820382331
20000,0.5375249163410526
20000,0.42869455810796975
20000,0.49790863698806875
20000,0.4166366973614024
20000,0.5180966803608046
20000,0.5540236646866243
20000,0.6815380742440433
20000,0.49015840940912103
20000,0.40286236618439863
20000,0.4978574783060399
20000,0.5219345818927437
20000,0.3908398058440741
20000,0.4168929873387018
20000,0.5200562873592298
20000,0.7119054845613377
20000,0.46923122136929774
20000,0.5411028611175732
20000,0.6417823346910075
20000,0.5149155144990619
20000,0.4265574312754359
20000,0.6680106869129875
20000,0.5614929085193533
20000,0.60697028167873
20000,0.5471996815117232
20000,0.6195828803258783
20000,0.549868853647038
20000,0.44100308084838896
20000,0.5378298782771399
20000,0.4993818664167083
20000,0.5751807238425848
20000,0.43843991999337445
20000,0.6107496671644294
20000,0.5691380470137362
20000,0.5551960246631533
20000,0.48732341256006995
20000,0.645080635959397
20000,0.5941364092780385
20000,0.5700675214528517
20000,0.4787083726199683
20000,0.5264023641358772
20000,0.7632905184588857
20000,0.643687960756769
20000,0.42069934021047867
20000,0.5093776082974238
20000,0.47730843942459783
20000,0.46554505002000995
20000,0.46192491987172024
20000,0.4532647485745847
20000,0.6833557358198482
20000,0.6335427840311505
20000,0.48225463917056927
20000,0.6067605998379942
20000,0.783146676307837
20000,0.42288407826392127
20000,0.47038596918657927
20000,0.6365342655065449
20000,0.5449708876101693
20000,0.4859493293679527
20000,0.40373764505999454
20000,0.4001446723388027
20000,0.4238648761331881
20000,0.49169526541566305
20000,0.5497743748904003
20000,0.479291786909491
20000,0.4818634951606396
20000,0.49905398554197195
20000,0.410907592196577
20000,0.5346138619257066
20000,0.57297146702488
20000,0.47599109042287974
20000,0.5115650794365864
20000,0.744707290717328
20000,0.4829289794601851
20000,0.5174384264948532
20000,0.49071828458034517
20000,0.5054843587390907
20000,0.5052419751324022
20000,0.48713128727181115
20000,0.4736316900432953
20000,0.5699190201186854
20000,0.4869569187587325
20000,0.4205740218457871
20000,0.49775937178597734
20000,0.5106447973415466
20000,0.5720256483165452
20000,0.44100593794296283
20000,0.5725358436797836
20000,0.4885400212058867
20000,0.41777357756003164
20000,0.49526900181367095
20000,0.43935354682438515
20000,0.4272141823112912
20000,0.49560095818675004
20000,0.4302887396852213
20000,0.6293183475388064
20000,0.5006945550967624
20000,0.39140728647694745
20000,0.44541638207444567
20000,0.501491530039083
20000,0.5654110919189642
20000,0.44078859222849887
20000,0.4831066312727401
20000,0.7578827284276924
20000,0.5123903968458074
20000,0.4680384818150018
20000,0.5313612383891229
20000,0.559443706373244
20000,0.42226377274596233
20000,0.6045443830546836
20000,0.4899697345221225
20000,0.5120684453076756
20000,0.5550171226199743
20000,0.5920773489129385
20000,0.5718103039865986
20000,0.4716847333773028
20000,0.5348563507020484
20000,0.445065567885598
20000,0.6863093287036044
20000,0.42087097571523785
20000,0.4535774052405023
20000,0.45117838531064913
20000,0.39566956573283724
20000,0.6294023691617786
20000,0.7350762819970841
20000,0.431450797960937
20000,0.523393887638053
20000,0.5248515758977871
20000,0.4551600193012591
20000,0.5237766039263188
20000,0.5296218217061235
20000,0.43043407101682457
20000,0.4861286198382975
20000,0.39334720905031706
20000,0.5201242084583264
20000,0.40557677278785054
20000,0.4745691614215379
20000,0.4807757775488984
20000,0.5209593997123266
20000,0.5562135689214088
20000,0.46768521109533556
20000,0.4683307803931377
20000,0.41645871147019714
20000,0.5701448467584518
20000,0.678076605273964
20000,0.5268371484052422
20000,0.4186941598012514
20000,0.5292449393725178
20000,0.4714925986077511
20000,0.523110015167873
20000,0.6702087876127308
20000,0.46133236624192325
20000,0.4459096213069472
20000,0.606968752068694
20000,0.4772294073041917
20000,0.5559695690149234
20000,0.5452178177090781
20000,0.39684000776182204
20000,0.4462309535272637
20000,0.6296675819225706
20000,0.8417615997579057
20000,0.42036031843568006
20000,0.7176849269778103
20000,0.5920221932656797
20000,0.5198514358439084
20000,0.562878600946023
20000,0.4414137608686542
20000,0.4851287687347114
20000,0.4676147914628178
20000,0.41953697509322013
20000,0.622040558721401
20000,0.4052946759737766
20000,0.4443730494117511
20000,0.4235055421163411
20000,0.45785762059352386
20000,0.4220945282653445
20000,0.4830961770566961
20000,0.4366341638363329
20000,0.5712690155538538
20000,0.42409682481032746
20000,0.530088474495425
20000,0.5156924311995174
20000,0.6394851694389715
20000,0.40768991344338495
20000,0.4922272438401832
20000,0.43435473018598114
20000,0.4516442693040984
20000,0.5779393118051442
20000,0.5355975051846331
20000,0.4946744527427215
20000,0.3798212811048233
20000,0.5846435429865393
20000,0.6008035341773564
20000,0.5143435322303674
20000,0.4874205972327431
20000,0.4429529862338082
20000,0.47460161601568107
20000,0.5186528226168836
20000,0.6446477687255499
20000,0.6335174826174962
20000,0.41048965308664254
20000,0.5753372094137806
20000,0.4787637795550683
20000,0.4621103718019917
20000,0.6856277715460664
20000,0.3943477468974454
20000,0.49534962081900913
20000,0.5041692613878864
20000,0.5449693702669173
20000,0.5258267880671845
20000,0.5231137494325477
20000,0.499007292837398
20000,0.7342815406154463
20000,0.502210812892071
20000,0.4716573821547066
20000,0.4946344663229673
20000,0.4118910687310742
20000,0.6660104021147497
20000,0.4591832661097096
20000,0.6046107702967023
20000,0.6213990338639874
20000,0.554347127649024
20000,0.4366522149856253
20000,0.5378767028775375
20000,0.4798157133624539
20000,0.6413802658765955
20000,0.5930078478060539
20000,0.7051777002514699
20000,0.7431054262160082
20000,0.5331177296741518
20000,0.4935477997925068
20000,0.39839852892873806
20000,0.5178834079903544
20000,0.46468738036127677
20000,0.5205598196702764
20000,0.5306539192328376
20000,0.47458728307516174
20000,0.4628411631294169
20000,0.6451357431977871
20000,0.6077187790184337
20000,0.518333087681914
20000,0.4126388827622685
20000,0.5242161805230368
20000,0.4191248559658572
20000,0.6544582336216886
20000,0.5515860808318027
20000,0.4892007559494043
20000,0.4460765818447504
20000,0.4984106127497956
20000,0.5008786866150056
20000,0.5634474575707671
20000,0.5741049691097516
20000,0.5536119567976426
20000,0.46218506497805895
20000,0.5453242558204392
20000,0.4394143257505935
20000,0.4793333234323612
20000,0.4046633804450866
20000,0.434948992102148
20000,0.5591822308719853
20000,0.5158410217399848
20000,0.4342891471041774
20000,0.4947329353816341
20000,0.49132018536014843
20000,0.627559018628925
20000,0.5188914127952293
20000,0.38930363550673175
20000,0.48260856246634337
20000,0.5526503263342005
20000,0.5217150388237202
20000,0.41167283790909603
20000,0.5792435205661114
20000,0.6065683681034864
20000,0.5095357588985225
20000,0.44480608919949194
20000,0.5820501551758364
20000,0.4627091723380854
20000,0.8120856582826818
20000,0.6095741320839436
20000,0.6102232151792539
20000,0.3987600253794273
20000,0.5005853530982118
20000,0.7296742642016454
20000,0.4378265642335044
20000,0.5741692749165428
20000,0.5550513544517349
20000,0.7203454071851818
20000,0.48029905007593116
20000,0.5262359099016843
20000,0.5409741768632318
20000,0.529710168336479
20000,0.533007643418324
20000,0.735006008886697
20000,0.47798857825194124
20000,0.6289111918784099
20000,0.45122070492617866
20000,0.40381116053928584
20000,0.43330405176485765
20000,0.4327344058541712
20000,0.4326314285530105
20000,0.3919259812866055
20000,0.5937758524379709
20000,0.531176163425545
20000,0.5593959925901485
20000,0.5788351450515166
20000,0.5227797298885255
20000,0.4206921075199194
20000,0.4788496356282117
20000,0.4897903908337594
20000,0.4783398459111505
20000,0.4398561610491768
20000,0.4321388879922917
20000,0.5191358889969289
20000,0.6239333014526581
20000,0.43583820555841424
20000,0.5642399543116163
20000,0.5128677413844924
20000,0.4841289803732475
20000,0.7293465279541473
20000,0.6060649898661754
20000,0.6331034375929183
20000,0.48021736049530667
20000,0.49073415237982515
20000,0.48002335328725004
20000,0.6281341318185814
20000,0.4795125597124564
20000,0.4888338919470657
20000,0.4728272379133297
20000,0.6379142139998722
20000,0.675139328069938
20000,0.42771765533620815
20000,0.6144917530542667
20000,0.6222525437133681
20000,0.52173125886999
20000,0.4741907477149829
20000,0.8141662371853537
20000,0.5766797851849031
20000,0.5959770065603353
20000,0.6504868653939068
20000,0.6207133321138011
20000,0.5843660638441839
20000,0.5415506452338826
20000,0.5443036648298153
20000,0.5100777959026016
20000,0.5059993750687259
20000,0.5196927125358097
20000,0.4537020247981277
20000,0.7117811948000682
20000,0.4315068871420779
20000,0.7830437895355753
20000,0.42185882781208883
20000,0.4655181532051497
20000,0.45623622416640375
20000,0.5233649494252408
20000,0.4457742452635431
20000,0.5087104613948334
20000,0.4815688084556205
20000,0.587783829746031
20000,0.7131187575757035
20000,0.3993966276685293
20000,0.5864745496210568
20000,0.5046412553922209
20000,0.4464366971448092
20000,0.44275107308166717
20000,0.6781040853909188
20000,0.5291094606240692
20000,0.5447150065089339
20000,0.4579241936432664
20000,0.46766620110173923
20000,0.4213156534532432
20000,0.6251515633489662
20000,0.43760116738807714
20000,0.6581596432031629
20000,0.4275533133544317
20000,0.45345561492963565
20000,0.5306307739399064
20000,0.6590466187043407
20000,0.4400751076642991
20000,0.3946531311260087
20000,0.4686861016158432
20000,0.5098166103348084
20000,0.5741180228123379
20000,0.5160988334083448
20000,0.6248806444147018
20000,0.5872438648928616
20000,0.5613348484779729
20000,0.4195438224294311
20000,0.5686612891934458
20000,0.4564039967965309
20000,0.46712612663921277
20000,0.6422446375741473
20000,0.4954219021539558
20000,0.6346934447062421
20000,0.6271881477973406
20000,0.47563706679826995
20000,0.5169044591859695
20000,0.5566335019448161
20000,0.6800084958461126
20000,0.6357962817638877
20000,0.6291530093881789
20000,0.4458664448766285
20000,0.5596072809821028
20000,0.61395517074916
20000,0.5607213789456241
20000,0.6097415331475673
20000,0.7564262697342417
20000,0.4011954815129071
20000,0.42921890379831357
20000,0.5115339219701226
20000,0.6798423861025803
20000,0.5207202884392695
20000,0.568879654736536
20000,0.4836912830881713
20000,0.5463385179244756
20000,0.5565406974871622
20000,0.44597503890670753
20000,0.547019265010927
20000,0.3982581458439436
20000,0.41761001584953117
20000,0.41338008362235956
20000,0.4254500336726604
20000,0.4044988967879973
20000,0.4657402405326814
20000,0.5341332189136088
20000,0.527200651101875
20000,0.5092768721403557
20000,0.4801343073903221
20000,0.5599953382345315
20000,0.43000715594877986
20000,0.4835235223297478
20000,0.48503483972938527
20000,0.5552511710833842
20000,0.44986726328269705
20000,0.5448546658678253
20000,0.543321359088162
20000,0.5440561929654723
20000,0.5961347941689675
20000,0.6224409772539421
20000,0.5132344806195346
20000,0.4651668232653487
20000,0.4924605154454745
20000,0.3871751996046252
20000,0.4921799682591279
20000,0.4579704584322768
20000,0.5463798983372717
20000,0.41159375477519083
20000,0.5401349787442107
20000,0.48225701798240816
20000,0.6127040229815923
20000,0.6127732082060139
20000,0.4785480213751128
20000,0.5068045120354545
20000,0.43516254135896526
20000,0.5123745067255339
20000,0.5545742154319796
20000,0.6566882841872667
20000,0.49512295793903854
20000,0.413093593475555
20000,0.6938076008425419
20000,0.4731247845760757
20000,0.6140465265556655
20000,0.5537344751545716
20000,0.473037589095427
20000,0.8333758126461649
20000,0.539888031306469
20000,0.44706602023418995
20000,0.4802586475897437
20000,0.5816447974559756
20000,0.5147822580241573
20000,0.526048925553851
20000,0.4516248784558876
20000,0.5112583611875124
20000,0.6277220090393535
20000,0.5068558617113589
20000,0.47195694656038095
20000,0.475777809864583
20000,0.57319117188289
20000,0.6135061017799444
20000,0.43056413894707307
20000,0.5648307674955396
20000,0.49058891978939356
20000,0.41034859115126987
20000,0.49449019923994264
20000,0.5122173303089724
20000,0.5278896730188636
20000,0.6671290947984478
20000,0.6258596922680884
20000,0.4778654785516644
20000,0.41122694283779343
20000,0.46802289761269167
20000,0.6540437880880032
20000,0.569940795020095
20000,0.537078190086357
20000,0.6689840695079439
20000,0.5213923843991142
20000,0.6928083485952722
20000,0.7275577916548547
20000,0.4752924401314817
20000,0.4171299615800489
20000,0.771968186334438
20000,0.5650808466413406
20000,0.46136910409156884
20000,0.7338122962828162
20000,0.49059767554949335
20000,0.39734965929134697
20000,0.5532284013761464
20000,0.43149808960513003
20000,0.5385595430981291
20000,0.8217815981453617
20000,0.5442397119328258
20000,0.7222059460407577
20000,0.6195963634637435
20000,0.5648196397282517
20000,0.478644929141561
20000,0.39739753761870383
20000,0.7940344777585121
20000,0.5021009416459737
20000,0.4584051907332136
20000,0.48817102966340264
20000,0.4050366959667988
20000,0.5218526746178312
20000,0.4410132999082513
20000,0.4742006793024191
20000,0.8145686780552914
20000,0.5049324114172175
20000,0.6467168132601899
20000,0.5426681702479238
20000,0.4180632171168914
20000,0.4884251469565867
20000,0.4521987723912628
20000,0.6848915474221109
20000,0.5874465798683598
20000,0.6428806373720252
20000,0.4139520476801917
20000,0.5500246179629324
20000,0.5873598140875992
20000,0.5246282772953285
20000,0.6284645675987487
20000,0.4838892104902999
20000,0.5624764798835795
20000,0.48664122713277835
20000,0.4708008262060042
20000,0.5024392826861678
20000,0.4665332948516251
20000,0.5955994441946862
20000,0.521020124058254
20000,0.5554870437376183
20000,0.46755750355273035
20000,0.5372021528999765
20000,0.5304666624483968
20000,0.5406555167174035
20000,0.39090183720593674
20000,0.4038480265714109
20000,0.43610734778592475
20000,0.6007642127037285
20000,0.4298069214824419
20000,0.39604665523116567
20000,0.5539676481280167
20000,0.4694128108212888
20000,0.4919610071819359
20000,0.39586654690241957
20000,0.4824626997620691
20000,0.5878914111620923
20000,0.6089783778962886
20000,0.6841094610585733
20000,0.5258708517726154
20000,0.4958718603882998
20000,0.4659744374976238
20000,0.6088745712850243
20000,0.4131719793370901
20000,0.7276711383484769
20000,0.5426129993888661
20000,0.5386030521838722
20000,0.3786119909405026
20000,0.4269602783381502
20000,0.5298430739368857
20000,0.41959147476162373
20000,0.5299453771410477
20000,0.43690137846577143
20000,0.5599541278851825
20000,0.534196072644494
20000,0.4415193090771195
20000,0.42066730365205995
20000,0.6275373529724129
20000,0.5464178228616559
20000,0.520068118669696
20000,0.5800086219274618
20000,0.5662966749752218
20000,0.550574045393647
20000,0.6587768231651695
20000,0.7515334040332766
20000,0.45938869712087854
20000,0.5309442626272497
20000,0.5227530156027702
20000,0.5341142995759202
20000,0.4776725295604723
20000,0.5030796739667179
20000,0.5630817434018501
20000,0.5575884798888985
20000,0.5134884941248514
20000,0.5025426529422747
20000,0.5432396293588462
20000,0.5266433526090155
20000,0.5483012975047387
20000,0.5106673060504999
20000,0.47094886177145806
20000,0.5389279142393717
20000,0.5624794044826945
20000,0.652785173927097
20000,0.720247168967311
20000,0.49247453482492043
20000,0.5654825333835829
20000,0.5873087130063755
20000,0.45226217590370027
20000,0.5466626522226536
20000,0.6420142608645232
20000,0.6131215577051471
20000,0.5004094096234715
20000,0.47168960642906016
20000,0.4408598124085296
20000,0.5172988144451918
20000,0.5401773567013085
20000,0.4145978239154532
20000,0.6615735734952704
20000,0.7180197269840192
20000,0.5314226907418514
20000,0.578046190048465
20000,0.5252667652062691
20000,0.39714389495504004
20000,0.7792176647238077
20000,0.44991179390481045
20000,0.5869212590193718
20000,0.46935434341870924
20000,0.42794510728275914
20000,0.5335135564473485
20000,0.8221145836824739
20000,0.752716523605431
20000,0.5322391553646899
20000,0.5505223480911211
20000,0.5486486378518098
20000,0.47360207325560033
20000,0.5738422757440268
20000,0.614426478722744
20000,0.5236897057224443
20000,0.5490713948046333
20000,0.5068747413002404
20000,0.5503706931740497
20000,0.5194322691270558
20000,0.5865462282978338
20000,0.4899293594410635
20000,0.5235636496043592
20000,0.48881356330790127
20000,0.4911096508104217
20000,0.6657830519647638
20000,0.5962862451911642
20000,0.5407998146981431
20000,0.5593924271664933
20000,0.5317661822309113
20000,0.4867043931299278
20000,0.5623863518847487
20000,0.4836432279418712
20000,0.5845371319264492
20000,0.6403460356413757
20000,0.7208243666816101
20000,0.44587851955093666
20000,0.4093205109629622
20000,0.49190343087936295
20000,0.579439678195969
20000,0.5345020581276048
20000,0.4898146285848622
20000,0.4838825145707632
20000,0.556886779116086
20000,0.5843412788644018
20000,0.48477154329230404
20000,0.4746560421109636
20000,0.5230589039789493
20000,0.4840662609263999
20000,0.4556346832302597
20000,0.5570130826253107
20000,0.5466397378906399
20000,0.4724797616499419
20000,0.7847429292823984
20000,0.4835293663236036
20000,0.48122574379622646
20000,0.39939302251193637
20000,0.4833548414763411
20000,0.5660892364625484
20000,0.5579372020224191
20000,0.3979177461578034
20000,0.8388865470862992
20000,0.539321558371826
20000,0.5163831811090297
20000,0.45626300807157855
20000,0.4607317353244514
20000,0.5151130371439769
20000,0.4967501090566505
20000,0.516305658646228
20000,0.5082065239129792
20000,0.5742551911798078
20000,0.4215906601871534
20000,0.6984000312970806
20000,0.48520212230766835
20000,0.6786073810868062
20000,0.48436635479862206
20000,0.47026597905103573
20000,0.42363604715366154
20000,0.42714859593475724
20000,0.5726483251933346
20000,0.5433675522750693
20000,0.39259705605069495
20000,0.6305795991751176
20000,0.484062038121756
20000,0.42070188101379014
20000,0.47302829052356765
20000,0.485005288037895
20000,0.6953223221662833
20000,0.49715566438040343
20000,0.4242883685286767
20000,0.4585285485286646
20000,0.47987013886156665
20000,0.4824874379277502
20000,0.6332514328269891
20000,0.5326226161063046
20000,0.44590945598734577
20000,0.4672512866729578
20000,0.5221777627944582
20000,0.4898672267482452
20000,0.5574433703363257
20000,0.5278129869739484
20000,0.5369670717617255
20000,0.5341425029598521
20000,0.627993864866416
20000,0.6608144963853447
20000,0.4732900418579375
20000,0.5412862707640756
20000,0.4750659967357486
20000,0.6125721905042166
20000,0.5579986886462603
20000,0.5987281160634156
20000,0.6360039495482848
20000,0.48123137945906685
20000,0.49661312592069085
20000,0.3824622865459109
20000,0.49558961900398446
20000,0.5876358361002376
20000,0.47473557859558924
20000,0.638104879129041
20000,0.4412695282269354
20000,0.5252965643494264
20000,0.6244046448030007
20000,0.4720393622617084
20000,0.5752946997165679
20000,0.491871616380468
20000,0.5356295018952574
20000,0.5561506003085507
20000,0.4217888098470834
20000,0.5139559751064351
20000,0.4578146005262831
20000,0.4065385001990252
20000,0.4707344554253179
20000,0.4340883749163421
20000,0.4926503729230939
20000,0.6081572530884534
20000,0.407050855451946
20000,0.5429156275323344
20000,0.4280971516921347
20000,0.4544626223253211
20000,0.5937464231493836
20000,0.5293643929259749
20000,0.4039859922779172
20000,0.758516152265056
20000,0.5849918370002652
20000,0.5188553012111163
20000,0.5789941666981672
20000,0.609159660653586
20000,0.4372699215204224
20000,0.47687816518281406
20000,0.5548828918347806
20000,0.39836543841122496
20000,0.49220472018246014
20000,0.3998884982886153
20000,0.47525805709669855
20000,0.4825308778676341
20000,0.6952316078566586
20000,0.42732720974239496
20000,0.5470262653844679
20000,0.46857279727475626
20000,0.40868494050929277
20000,0.4971838581154455
20000,0.5589609380812255
20000,0.5914940714504583
20000,0.5124821180416165
20000,0.4414880451145382
20000,0.6149856863001876
20000,0.40506176371599145
20000,0.4242814659606759
20000,0.42550210371641345
20000,0.5125514548196626
20000,0.46726665733724015
20000,0.5240827844543994
20000,0.5025249875544174
20000,0.5910289305187325
20000,0.48767413913703883
20000,0.4847345165705973
20000,0.8150261707433604
20000,0.6338541966785789
20000,0.40535967434758274
20000,0.47461569414291016
20000,0.7417902286529616
20000,0.7067874807836919
20000,0.4789086181251947
20000,0.6026245260343197
20000,0.6133280311231698
20000,0.5488130162144992
20000,0.6221682887908326
20000,0.5265896025404688
20000,0.47347715123190154
20000,0.5617513120275983
20000,0.5824239851759166
20000,0.5110953463162978
20000,0.47781421005074154
20000,0.5661403850763614
20000,0.5365164364085733
20000,0.5126461721302139
20000,0.47651630625698965
20000,0.47708429752176706
20000,0.4998959052111112
20000,0.49499955978636956
20000,0.8146292882626918
20000,0.5509610356000224
20000,0.5077929292656277
20000,0.6563662167581492
20000,0.42890404001353133
20000,0.4217029334664322
20000,0.4762825423387273
20000,0.492643926986663
20000,0.5027333812938587
20000,0.48831637083605667
20000,0.44003920583045814
20000,0.4177508885999147
20000,0.5392631485401489
20000,0.5544034668203525
20000,0.502583962637854
20000,0.42660629867984434
20000,0.5280845688010566
20000,0.5289959001427228
20000,0.4768937422015235
20000,0.5773671613492471
20000,0.44618628251996983
20000,0.479383500740413
20000,0.4754401081132722
20000,0.46594560834435295
20000,0.49675932498703185
20000,0.42659469165614594
20000,0.5937046946249129
20000,0.43996640063166764
20000,0.47041698794638126
20000,0.5342595154981166
20000,0.510190051729439
20000,0.4308146144959308
20000,0.6056141856907259
20000,0.5567936824307401
20000,0.5965112251392767
20000,0.498611738527966
20000,0.4812180235741703
20000,0.5370805129162527
20000,0.4427440126094653
20000,0.4583155312536934
20000,0.5139542064774169
20000,0.5136744927893525
20000,0.4422454341172198
20000,0.5445897699462464
20000,0.601703402613696
20000,0.42800067022760824
20000,0.43245193546184557
20000,0.6046462198059727
20000,0.38707071279205874
20000,0.5456047730068838
20000,0.6680807161202599
20000,0.4805455344551169
20000,0.6216230205358332
20000,0.5212525197366993
20000,0.5757597531301504
20000,0.5699295992483207
20000,0.5093994438569124
20000,0.5483161861602327
20000,0.44153664982615953
20000,0.6327229234414519
20000,0.5764131451976762
20000,0.5189420424907145
20000,0.6220294993640493
20000,0.4766985334790336
20000,0.5432825216983022
20000,0.7306213307001076
20000,0.6044072365967528
20000,0.41710450874722704
20000,0.48076951136818025
20000,0.6978641635999878
20000,0.5437057760248104
20000,0.5514411690142098
20000,0.4145735027490216
20000,0.6297474968083661
20000,0.5365660520211256
20000,0.6826476851690767
20000,0.4987181068963034
20000,0.427774560843249
20000,0.4994092163574325
20000,0.4275499971752588
20000,0.4960316549501393
20000,0.4902920763145046
20000,0.4373222406794256
20000,0.6143311251741517
20000,0.48156197618000246
20000,0.43837583106131134
20000,0.6514839074223349
20000,0.6215987278907525
20000,0.45264107965818245
20000,0.4979792742917244
20000,0.5323696012467877
20000,0.4901441222107161
20000,0.4642170683541002
20000,0.528122027041181
20000,0.6180742556459411
20000,0.43032206685557867
20000,0.6227019562774289
20000,0.5585412938465311
20000,0.6285218151707547
20000,0.6621077615302694
20000,0.5741625164565433
20000,0.5778219220755246
20000,0.42035192332899063
20000,0.5110076089173748
20000,0.4639896692714654
20000,0.5753943628052987
20000,0.48948032551112414
20000,0.44290006197287063
20000,0.4838408109977009
20000,0.5557434269670423
20000,0.4380151908454005
20000,0.7839775382977698
20000,0.5151802040557644
20000,0.6636564276820762
20000,0.48763540067913086
20000,0.4375249597339718
20000,0.4797742666974356
20000,0.4943046831821761
20000,0.4888980041290988
20000,0.4409349180836819
20000,0.4034668788162116
20000,0.5249479019046227
20000,0.38666706087641967
20000,0.518737331030363
20000,0.5377574578044091
20000,0.5919347648531256
20000,0.5673933496683756
20000,0.5944450168001779
20000,0.4076778579669891
20000,0.5037087345586603
20000,0.5372865481569812
20000,0.5132757509809247
20000,0.4717370138457932
20000,0.7802861424804
20000,0.5352461270662788
20000,0.5396067993795206
20000,0.4203971648434701
20000,0.4927250853152735
20000,0.5760748112677079
20000,0.4461076834774752
20000,0.5591777267687996
20000,0.5732028500297784
20000,0.5397257552064026
20000,0.5031204271415078
20000,0.4233139204237377
20000,0.6526233825024573
20000,0.5080021185993377
20000,0.4422328387933228
20000,0.5984536774271213
20000,0.4191055837148027
20000,0.5490549445964693
20000,0.46996514341785234
20000,0.53611847461254
20000,0.4145955482295535
20000,0.48484519770311096
20000,0.5522436733016866
20000,0.5634549412728771
20000,0.47979416040175166
20000,0.5290849477813103
20000,0.45045411275561836
20000,0.3870747654740958
20000,0.5541993599847769
20000,0.5235869065326847
20000,0.6479856475561933
20000,0.5581139856276649
20000,0.5657955138834642
20000,0.5218779982163202
20000,0.4709933477251798
20000,0.44340129329659034
20000,0.40851251038432806
20000,0.5535914888685751
20000,0.5830791788984057
20000,0.41930533263915676
20000,0.5645086222302133
20000,0.5636012787070943
20000,0.5798653685739761
20000,0.43275280030135993
20000,0.43349272563012753
20000,0.46244898961361025
20000,0.44237640017827706
20000,0.430156671271874
20000,0.49493739338454024
20000,0.5353640802262613
20000,0.4978552439745584
20000,0.5214767098805182
20000,0.5090085060534558
20000,0.4749749257040711
20000,0.5575303635865241
20000,0.5330540426945918
20000,0.49428382901531953
20000,0.4934768462629338
20000,0.475203070790799
20000,0.4697863086264916
20000,0.4496946549408778
20000,0.45476776967793686
20000,0.4299502450390951
20000,0.48246255232540786
20000,0.4817517178096245
20000,0.4268038502272635
20000,0.4866266009099292
20000,0.43747404485734953
20000,0.5367055826661958
20000,0.39879573101715327
20000,0.509878246288204
20000,0.5533639356361162
20000,0.59989996063061
20000,0.5138695177522522
20000,0.721542978440012
20000,0.4643853446531824
20000,0.5810870246993323
20000,0.588943235444052
20000,0.5752063171097884
20000,0.46653391930108096
20000,0.42341466470421923
20000,0.5260597530611505
20000,0.7098161947492039
20000,0.5067675219462479
20000,0.6374223584558952
20000,0.5622575881670305
20000,0.5303643048669322
20000,0.5591166910957247
20000,0.5008589072043934
20000,0.6409782518504951
20000,0.43020445822779285
20000,0.5101263999353418
20000,0.576900181585601
20000,0.567675959579107
20000,0.5687715766005479
20000,0.5468128244910871
20000,0.5587521253354668
20000,0.634001571011118
20000,0.592883367238654
20000,0.5001782366124002
20000,0.6065385382988229
20000,0.8308980460105865
20000,0.49644082393607497
20000,0.45677690473712224
20000,0.789218810501306
20000,0.5101034170185388
20000,0.5706981216158183
20000,0.6900450011296804
20000,0.5839976841019838
20000,0.4986321037772606
20000,0.5540405847161173
20000,0.4344278276127361
20000,0.47407612281137795
20000,0.4943598313130623
20000,0.5156221629338006
20000,0.5635411266020247
20000,0.5063773020207251
20000,0.5677763407666704
20000,0.586457939453752
20000,0.5113000004155617
20000,0.4302502761038026
20000,0.7049891065130741
20000,0.5096673230286528
20000,0.5324981607810602
20000,0.5339276459543317
20000,0.5828976431637877
20000,0.4421649359145498
20000,0.4741704696767035
20000,0.631303490584952
20000,0.43901284456420814
20000,0.5523322118542789
20000,0.516024982399945
20000,0.5673189169584019
20000,0.4881106133570014
20000,0.4291458493951413
20000,0.5567670030262905
20000,0.6468204866467744
20000,0.5085632630235909
20000,0.5561345688621432
20000,0.5725742119639555
20000,0.409184944997465
20000,0.4607809877159465
20000,0.6704073642425462
20000,0.6151924876762496
20000,0.6020144139317294
20000,0.5163969995110206
20000,0.5378033667379916
20000,0.5185035286360337
20000,0.42310890393884787
20000,0.5524023103362747
20000,0.4210438596124542
20000,0.5323590140122991
20000,0.525808297245937
20000,0.4878447587836805
20000,0.454493314564769
20000,0.48064856220336455
20000,0.6521369201317194
20000,0.4157596436427886
20000,0.7509606813878487
20000,0.5682216487604196
20000,0.4475757939410366
20000,0.49389631684454127
20000,0.7413717715027293
20000,0.6179649419330913
20000,0.572394863095831
20000,0.5129732452027395
20000,0.5000975421006018
20000,0.5146659927849371
20000,0.4773315222264262
20000,0.6143096539512345
20000,0.4346927193285288
20000,0.448271060868465
20000,0.4466364327168887
20000,0.4023315180505895
20000,0.5874297852317044
20000,0.8303627498784629
20000,0.5393053439604417
20000,0.6712789056331014
20000,0.5420931636164855
20000,0.5541180000230376
20000,0.5646153828634067
20000,0.40227225674598477
20000,0.4296301661239251
20000,0.6999868638295825
20000,0.448474391871503
20000,0.5089484432281531
20000,0.46382868037430525
20000,0.48702006697410943
20000,0.46966660281053363
20000,0.6320680614704002
20000,0.635991877684723
20000,0.48279528958737483
20000,0.5034861772878494
20000,0.5095224810837529
20000,0.6259909745179143
20000,0.41933650677804885
20000,0.4648260645758603
20000,0.5198252938668233
20000,0.518025851141473
20000,0.6142072784958332
20000,0.46321586438647466
20000,0.5874175272455138
20000,0.5213472162940903
20000,0.3981308141672819
20000,0.6649047510955065
20000,0.5479701366250022
20000,0.5003425275225942
20000,0.4853965254930393
20000,0.49810646579314344
20000,0.5456622291496299
20000,0.5181342147826635
20000,0.48578448509229466
20000,0.5449757070097445
20000,0.561860847970254
20000,0.4739096444492301
20000,0.4185831096119757
20000,0.5636309178283786
20000,0.6219938562307952
20000,0.42849258787617817
20000,0.47227265283476677
20000,0.540676550551541
20000,0.4741301293557917
20000,0.39785426557342757
20000,0.563043997990327
20000,0.39184010551019594
20000,0.4819293885808525
20000,0.6011544602183149
20000,0.4559240346978364
20000,0.40689985782070215
20000,0.402329171912319
20000,0.517981594219468
20000,0.5236249689183263
20000,0.47058237747583825
20000,0.6633269835235619
20000,0.4687433707423572
20000,0.5712847339024023
20000,0.6207506313371793
20000,0.463851591698929
20000,0.502058339336213
20000,0.49257551290065765
20000,0.5338237207847575
20000,0.396336258465593
20000,0.8428935517687245
20000,0.4811550501734541
20000,0.5843238768762179
20000,0.4798605869952329
20000,0.4865299276851089
20000,0.47689485640660806
20000,0.46693160520673466
20000,0.5155207455304177
20000,0.4647232255869027
20000,0.5462823027503795
20000,0.6122599434193264
20000,0.42424875370125836
20000,0.40893958182908036
20000,0.39200734071452425
20000,0.43340412314443444
20000,0.5234197847162737
20000,0.6094664315725383
20000,0.4492333796406029
20000,0.5502973362041889
20000,0.6648880695853159
20000,0.38750065326828337
20000,0.5620478673133514
20000,0.4567816918599081
20000,0.45656353530098837
20000,0.3845720256924146
20000,0.3838195630376251
20000,0.4717316764168271
20000,0.6076251795041067
20000,0.5756507409471021
20000,0.4219372621354635
20000,0.5489139197505432
20000,0.4679891759218039
20000,0.4754118389044775
20000,0.5529613853210463
20000,0.4803322656560725
20000,0.6617715152973236
20000,0.48375611774770616
20000,0.6174384623950326
20000,0.5459091146498682
20000,0.6051462737614057
20000,0.4267432502483207
20000,0.5165590530527664
20000,0.5707525770850942
20000,0.680778705625218
20000,0.5920951059555283
20000,0.7146187790211622
20000,0.6329986481230663
20000,0.6174640427581176
20000,0.4731225098916614
20000,0.4812011225556762
20000,0.3930362072243132
20000,0.4247938945307738
20000,0.4447705025693002
20000,0.5486199257338685
20000,0.4569137709640913
20000,0.5458168857955439
20000,0.6340938592971159
20000,0.5239592207445188
20000,0.4425281651023083
20000,0.6961809487118602
20000,0.5744264724020498
20000,0.5639109434115555
20000,0.4876511152694596
20000,0.5812593029793008
20000,0.6314119782248091
20000,0.4382671070406312
20000,0.5114991800207422
20000,0.6720386043339968
20000,0.4814744053296236
20000,0.6813932691316474
20000,0.6857370649167486
20000,0.6149352581835568
20000,0.41837377649912144
20000,0.6802944531109776
20000,0.5497353908972298
20000,0.5641071895324424
20000,0.4605841022561518
20000,0.5591283001927807
20000,0.6692512801466839
20000,0.44503105657764525
20000,0.6288054729396211
20000,0.5196928238951543
20000,0.41559003855852666
20000,0.4324609180348938
20000,0.6200554428107032
20000,0.4000579210687094
20000,0.5643131717334091
20000,0.47391127823158163
20000,0.5510622866342053
20000,0.4685538989197471
20000,0.4548458691727263
20000,0.520323167558847
20000,0.6275418188604939
20000,0.643920648272015
20000,0.756198943932703
20000,0.674919255342794
20000,0.49640618689416277
20000,0.4377186725542903
20000,0.49439914835193177
20000,0.6105564149968528
20000,0.6248575463590536
20000,0.5259894075727033
20000,0.5128648030859609
20000,0.7362793399921818
20000,0.5474167960312729
20000,0.5559459915878999
20000,0.5035818160561473
20000,0.7601227239347551
20000,0.41498571360290804
20000,0.5086895407316987
20000,0.49495696295908076
20000,0.6122371027745164
20000,0.5709445263122729
20000,0.43998778641666964
20000,0.7819255113546268
20000,0.5115970109907931
20000,0.5703487400411607
20000,0.4189414491993485
20000,0.4022978262398263
20000,0.521296751511641
20000,0.43395654890484275
20000,0.44690673904838507
20000,0.532470445052436
20000,0.5524995704841638
20000,0.47105232590057877
20000,0.58234779703214
20000,0.49482068847289
20000,0.4750064687552512
20000,0.47892191224092334
20000,0.5618422408501476
20000,0.5820209441031645
20000,0.46918477409824677
20000,0.5255629747889282
20000,0.5734544173247856
20000,0.48111013336844055
20000,0.5176094091746879
20000,0.4355447970231844
20000,0.3860058390863117
20000,0.5245496371693804
20000,0.6305942805008087
20000,0.7022194102684837
20000,0.4740357619305018
20000,0.46046106761626876
20000,0.4980725360212701
20000,0.5942882187284123
20000,0.47688461996286646
20000,0.6260637118731137
20000,0.5556925703856642
20000,0.5065054529579494
20000,0.6054684464811179
20000,0.799427599039078
20000,0.512838213115608
20000,0.44501518106429644
20000,0.7923993375178198
20000,0.459473877683766
20000,0.7148667440813851
20000,0.6422216484405987
20000,0.5034370123095859
20000,0.4179353927665806
20000,0.4588839878214719
20000,0.4449412313050354
20000,0.5323672626893365
20000,0.5266724002438494
20000,0.6008682456753582
20000,0.4566075924831431
20000,0.6117724809631055
20000,0.5214941786820843
20000,0.47328110716122124
20000,0.4748545356131199
20000,0.5354588256005274
20000,0.46618338347441096
20000,0.6014150311851183
20000,0.4911815763504788
20000,0.5412635970345452
20000,0.4826726482667306
20000,0.4948692633262747
20000,0.610142378008095
20000,0.46175267097047373
20000,0.5518516677532972
20000,0.5230763853023133
20000,0.4942838222010336
20000,0.45291013541388
20000,0.4567350833175443
20000,0.5740423161116934
20000,0.5478425208919737
20000,0.6884457365760641
20000,0.6021173348873784
20000,0.6051318785337724
20000,0.5815895700158374
20000,0.46638678067018785
20000,0.47279488311873386
20000,0.4844650282458181
20000,0.5025523433889306
20000,0.5136205590447019
20000,0.50265087920576
20000,0.49193918633440836
20000,0.48669735846544987
20000,0.5078281690144758
20000,0.4812235953242672
20000,0.47033597263849025
20000,0.5494722050016371
20000,0.5152563107426945
20000,0.45018269647067755
20000,0.6388766961913718
20000,0.39734952638958626
20000,0.4137238148165907
20000,0.4024006361623173
20000,0.4716605864548989
20000,0.7249707993132004
20000,0.507399132171385
20000,0.48623406029148125
20000,0.618153458692576
20000,0.4914450265443125
20000,0.5339086660742326
20000,0.6697709390664346
20000,0.5444379738610735
20000,0.48732167168163604
20000,0.5160618300061356
20000,0.5128488190192195
20000,0.500089522969211
20000,0.4977891356067564
20000,0.4222759204301119
20000,0.5734197011350037
20000,0.5576986651494792
20000,0.42261297983318297
20000,0.44992218495338543
20000,0.46068799600063065
20000,0.4938575620669518
20000,0.541999691532484
20000,0.4588452776380227
20000,0.5562091644704455
20000,0.41424532717070983
20000,0.6194845514281104
20000,0.4632453060087307
20000,0.561221117502003
20000,0.4981405757503919
20000,0.3978266758724801
20000,0.6253246289842157
20000,0.6884959447551109
20000,0.6998635969617869
20000,0.3992281215440323
20000,0.4228275667782893
20000,0.567201488454219
20000,0.4907184626289047
20000,0.4730270643100375
20000,0.5247916138628738
20000,0.4935089331985574
20000,0.5310546733326275
20000,0.523139123290208
20000,0.5014720074239674
20000,0.563087453072331
20000,0.6302785058429609
20000,0.47009967119793117
20000,0.6032314724344063
20000,0.6742280512804742
20000,0.5863472790937402
20000,0.5626794403391918
20000,0.42953483442318513
20000,0.756183525443621
20000,0.51202815431973
20000,0.6071348896611354
20000,0.49502435688629276
20000,0.4203408804844522
20000,0.5254029935408738
20000,0.5738030304281989
20000,0.4433682833872484
20000,0.6032490281556627
20000,0.5040323558915643
20000,0.5343177142635617
20000,0.4806683573650022
20000,0.5243107192018476
20000,0.5432674140915789
20000,0.7588447486542471
20000,0.49796890906649155
20000,0.5833791399110231
20000,0.42224445028940344
20000,0.4178617307156334
20000,0.6245078091860258
20000,0.5673655979600964
20000,0.4392242059451022
20000,0.5418542368965357
20000,0.7226702005806906
20000,0.477117219054806
20000,0.5215336007826524
20000,0.6552652397447293
20000,0.5418476243605688
20000,0.4185855362384344
20000,0.5229915046297914
20000,0.3901934215118514
20000,0.4970139591592119
20000,0.5230310316344812
20000,0.6450965482028467
20000,0.6516620837386718
20000,0.544192457340405
20000,0.5064986481013963
20000,0.4498059008764252
20000,0.6429243054449011
20000,0.43325992244302314
20000,0.5558941021233892
20000,0.40372690238656184
20000,0.631567509489714
20000,0.562698878164918
20000,0.5144935053566632
20000,0.53267554884355
20000,0.4728613240311724
20000,0.6790044072434375
20000,0.4770660240457088
20000,0.5389439766584914
20000,0.4468446926532337
20000,0.6357553182232881
20000,0.6393965260851333
20000,0.6771800467857233
20000,0.44936623796357944
20000,0.5565112745322294
20000,0.5685055646184336
20000,0.5523857561569406
20000,0.6264548035506494
20000,0.5477520519703922
20000,0.667311205591688
20000,0.40890801691548706
20000,0.7227672745567316
20000,0.5517934485620436
20000,0.4774790698555796
20000,0.6175207875853013
20000,0.5059303787087269
20000,0.5094132575035311
20000,0.4707072296814769
20000,0.44865807004255376
20000,0.4804136968590967
20000,0.7392678174592127
20000,0.44971797304958866
20000,0.5243456826783687
20000,0.5106716423631528
20000,0.48267230837274877
20000,0.6217045931904237
20000,0.46446409806670846
20000,0.5160240367593005
20000,0.7429610700606224
20000,0.4619720876943661
20000,0.528985348244272
20000,0.5687601193355573
20000,0.6200999359843629
20000,0.4323330304663716
20000,0.7590579025163326
20000,0.4440250492895786
20000,0.5163767238739035
20000,0.4897421296878835
20000,0.477399853583978
20000,0.44136636889297165
20000,0.6124051962724602
20000,0.5268405821482456
20000,0.5459487747191223
20000,0.5738704186491768
20000,0.8462670735451344
20000,0.5253123316595034
20000,0.5067038649387762
20000,0.4799629832198445
20000,0.5318339569771767
20000,0.5367871376877984
20000,0.4632694057518821
20000,0.542519662775929
20000,0.6079099806469567
20000,0.41565620199300035
20000,0.5572922115063432
20000,0.49551636366353546
20000,0.5052540732639821
20000,0.493758996624917
20000,0.42488439154603524
20000,0.639677094103804
20000,0.4191270637102942
20000,0.4506226991845181
20000,0.5763085366007624
20000,0.4872899528094344
20000,0.5855127687059308
20000,0.4244138281066319
20000,0.6135200351865622
20000,0.4388071367560243
20000,0.48348621599487446
20000,0.5619104619743347
20000,0.5518369275217065
20000,0.4446744235002426
20000,0.6042548988684702
20000,0.5575126268811252
20000,0.48820214499684345
20000,0.5364816934474578
20000,0.5487636414283069
20000,0.46631274479471546
20000,0.40629840329840067
20000,0.5931530485548041
20000,0.5366930211162685
20000,0.7259527337019833
20000,0.5169423819500878
20000,0.7869162725104115
20000,0.5726608598398647
20000,0.5710781079572235
20000,0.5986622470007792
20000,0.5467992882954716
20000,0.4643465857543609
20000,0.42365021761389937
20000,0.6365416474350726
20000,0.4729943829790286
20000,0.5179564198084967
20000,0.4774520445941736
20000,0.5635487039678801
20000,0.5285362101603207
20000,0.4530917757961497
20000,0.43501285774539616
20000,0.4629128994039225
20000,0.6798742719653977
20000,0.6125089302337309
20000,0.5439723502175986
20000,0.5999671070365095
20000,0.4383149085322164
20000,0.5008568273760056
20000,0.6445650517207023
20000,0.4472964230552245
20000,0.6706747604812291
20000,0.49128153610981967
20000,0.5207589498858228
20000,0.41723696367480745
20000,0.39348483494549985
20000,0.5943319540243909
20000,0.4032771956403266
20000,0.5009727333366292
20000,0.4660041839737344
20000,0.46621832052459755
20000,0.4997750513529167
20000,0.5745679514897187
20000,0.481418977013625
20000,0.4298607237186684
20000,0.7178963287656878
20000,0.5100554069450326
20000,0.6353884087062887
20000,0.5765778010160485
20000,0.7229098352640746
20000,0.6202061276009606
20000,0.6932998492567571
20000,0.5542885156063535
20000,0.506326189860173
20000,0.42804190154828964
20000,0.4983935360195959
20000,0.6285430879962904
20000,0.6807761841676508
20000,0.492764327561741
20000,0.4418729974121351
20000,0.3970256285908896
20000,0.49360239382037757
20000,0.6587270297668611
20000,0.6254544744169434
20000,0.45400135609762443
20000,0.47814055782014675
20000,0.5191223105473031
20000,0.4658863625127018
20000,0.4102301349063943
20000,0.45083202838548814
20000,0.580425262605215
20000,0.4766597312587466
20000,0.4831030514624826
20000,0.6428963146962641
20000,0.4179129806126132
20000,0.5087107279531173
20000,0.43019091757538397
20000,0.5296459088542507
20000,0.5216777664034488
20000,0.5716486147212416
20000,0.5635334547135331
20000,0.43799589636932956
20000,0.6074397374445865
20000,0.5459174754716107
20000,0.44133506357167007
20000,0.6767007411272888
20000,0.46020982205684163
20000,0.5437789789740854
20000,0.4823018530054562
20000,0.6486574207164407
20000,0.42358293803052743
20000,0.46336629626372283
20000,0.5853354487529181
20000,0.4124239371309706
20000,0.46040852840912355
20000,0.597019371402886
20000,0.485685173747597
20000,0.6476622831479761
20000,0.8462022392737706
20000,0.6983752757620222
20000,0.5734928937392628
20000,0.4695716288510712
20000,0.44321630766547054
20000,0.6258710347694135
20000,0.5208534167554603
20000,0.6873898227411603
20000,0.6196926156772355
20000,0.4541032915642498
20000,0.49103960029868193
20000,0.4762217292217529
20000,0.45166558598844925
20000,0.4353148511566426
20000,0.6245357348655464
20000,0.5270410764795871
20000,0.43900844012686735
20000,0.46822438305014075
20000,0.38284888424729957
20000,0.4921644825698444
20000,0.4852802908296026
20000,0.4975684598380616
20000,0.5122127515759237
20000,0.5662161003679531
20000,0.6153152845479702
20000,0.4917284440952586
20000,0.5009666563922216
20000,0.5163244187510451
20000,0.4815807086188409
20000,0.45373096540392444
20000,0.5483457316488923
20000,0.5819661766460916
20000,0.41325516485995273
20000,0.4686023583111381
20000,0.5686934041377478
20000,0.4506333149299381
20000,0.6986158974821275
20000,0.6156102643007854
20000,0.6616413330123354
20000,0.5246847769453998
20000,0.5042559067288419
20000,0.5055575556114612
20000,0.4757794514965277
20000,0.4432833403414673
20000,0.4787482575597023
20000,0.48280627153498795
20000,0.5322001287760344
20000,0.41613133918657486
20000,0.5349806742147013
20000,0.4942795539151197
20000,0.5408201646727386
20000,0.7509707121929932
20000,0.4892137063141952
20000,0.6419200538236524
20000,0.6063485682119779
20000,0.4313670246197521
20000,0.551943438765157
20000,0.469584517711166
20000,0.6851509654902433
20000,0.5562635919398229
20000,0.5069344275533815
20000,0.5490374341172949
20000,0.4852852439016043
20000,0.47573233550575084
20000,0.4516173212951444
20000,0.5984425018455392
20000,0.4667999555202609
20000,0.40473219842892133
20000,0.5431981820849955
20000,0.490975425381798
20000,0.5909366942133707
20000,0.6020322134121115
20000,0.5676473382126993
20000,0.5285911805023393
20000,0.5114573307011497
20000,0.42123778224659814
20000,0.4410221469827789
20000,0.5454873598870132
20000,0.4084180474982199
20000,0.4949244560869558
20000,0.4367357568715765
20000,0.48390860910898914
20000,0.5122958949450979
20000,0.5379667376830111
20000,0.4596030265656847
20000,0.40474205784473893
20000,0.4495797807201271
20000,0.619625409971211
20000,0.5029448411796915
20000,0.4860401492439439
20000,0.4125264684218166
20000,0.4635385865317597
20000,0.7572419699612839
20000,0.6380592753479197
20000,0.523440870048176
20000,0.5741646304723035
20000,0.5048687974547753
20000,0.6181309656155836
20000,0.5105772010352184
20000,0.45376459180955736
20000,0.38487581954945016
20000,0.6081853846367831
20000,0.5524183557554162
20000,0.916450027460727
20000,0.6476626567667186
20000,0.7247536865257154
20000,0.5864546913192322
20000,0.4740261287548811
20000,0.5713918213579072
20000,0.41349129895532316
20000,0.3916751507329334
20000,0.5705344068169418
20000,0.557556493883999
20000,0.6468448317053144
20000,0.6408530447639221
20000,0.4459515128859883
20000,0.7297261454658227
20000,0.6399609732730813
20000,0.647336444487802
20000,0.6812780687490947
20000,0.49100504328330524
20000,0.4647964929645449
20000,0.4616978800054746
20000,0.3929779711710104
20000,0.5286166179659353
20000,0.42647115336330804
20000,0.5125069215577345
20000,0.5012677327262948
20000,0.49882858495881893
20000,0.5888134442085016
20000,0.6363849506070492
20000,0.5122874824520984
20000,0.8226447024000924
20000,0.5683399180125845
20000,0.43706550917381987
20000,0.5014712706612291
20000,0.513585026013515
20000,0.5682002689691097
20000,0.7166251267184646
20000,0.40220971687658613
20000,0.47610428271600685
20000,0.7132006968922018
20000,0.5897470494423512
20000,0.5361798034286115
20000,0.7254797732565497
20000,0.4631793440950497
20000,0.5600424296218508
20000,0.510654081939857
20000,0.5029701988088436
20000,0.464120357547669
20000,0.5865214339084852
20000,0.408706372861892
20000,0.5014999245243025
20000,0.6220167898192457
20000,0.5053148338585361
20000,0.5058490972187857
20000,0.5300820932063585
20000,0.4870540276515818
20000,0.38005791315152065
20000,0.5291393433202779
20000,0.4651951512465848
20000,0.5619668377106187
20000,0.5733074593122468
20000,0.43850858401643267
20000,0.43160022557729755
20000,0.4620166319818574
20000,0.5247044305467843
20000,0.728704265294296
20000,0.4959899689532854
20000,0.45826471425916093
20000,0.5741398732130538
20000,0.5354894502566481
20000,0.5123668043274047
20000,0.4536904032009285
20000,0.4877963297077991
20000,0.7482848846777043
20000,0.5720272405288754
20000,0.5094444892978234
20000,0.6785844815465212
20000,0.544779298409476
20000,0.4494521776570369
20000,0.5044945449488526
20000,0.6292735602583054
20000,0.4224343669138832
20000,0.49753045239950666
20000,0.500785547682591
20000,0.4012080792568066
20000,0.619767208275019
20000,0.523507333698855
20000,0.5598050059851045
20000,0.47112226464819745
20000,0.4836993773708773
20000,0.4893280782882926
20000,0.7630271795504603
20000,0.6978945717645751
20000,0.544040093128057
20000,0.40934861142121204
20000,0.43054611782121405
20000,0.5749469071792729
20000,0.538882091479602
20000,0.39839731483061136
20000,0.6036898772978224
20000,0.5800752315735678
20000,0.47532245635906517
20000,0.4662820471582242
20000,0.5111610215007918
20000,0.48442647129586985
20000,0.5184496230325496
20000,0.6021702629755501
20000,0.5252534024267237
20000,0.4667511173769698
20000,0.48410165771650726
20000,0.6252202318670472
20000,0.41754814620862457
20000,0.4520699895332523
20000,0.4001239576422354
20000,0.4156800613958258
20000,0.6310930792947986
20000,0.4232996697051126
20000,0.5428465153172274
20000,0.5163315856732961
20000,0.4962582585132891
20000,0.5299935789371987
20000,0.49927017445083866
20000,0.47593404541064055
20000,0.4902148651530021
20000,0.5370306178245697
20000,0.4534524294729671
20000,0.4972376436825469
20000,0.6565834752779943
20000,0.5593367377672336
20000,0.49168975140576954
20000,0.5095240009598869
20000,0.42531285088841747
20000,0.5298767054264253
20000,0.47167134811872763
20000,0.593693976441958
20000,0.5325161031189665
20000,0.5327960221261426
20000,0.5154958253513781
20000,0.5626175434385792
20000,0.6393346741527958
20000,0.6385737280271444
20000,0.5289872185067602
20000,0.4553620971853255
20000,0.4951771986905378
20000,0.5218263274969817
20000,0.7548890065617353
20000,0.6033876295495759
20000,0.5019659871847116
20000,0.4053173575354346
20000,0.5557674912980687
20000,0.4788676944386489
20000,0.5429987493378239
20000,0.4524017209108024
20000,0.4456247171043779
20000,0.6070065130063084
20000,0.591021504454108
20000,0.45882801184155847
20000,0.5386812306863218
20000,0.4873256518176649
20000,0.6812247622282105
20000,0.4013411755201618
20000,0.44563825661362044
20000,0.48385715509255234
20000,0.4704571283365632
20000,0.5073411165979149
20000,0.4991252117786818
20000,0.4400901463797968
20000,0.5363342704067132
20000,0.5339385446344908
20000,0.42559685832305527
20000,0.4329907211550753
20000,0.5068008052977284
20000,0.5197117507506922
20000,0.5220233048385681
20000,0.5130779630019675
20000,0.6638146915652565
20000,0.5864264137759254
20000,0.44314937155550804
20000,0.42601305139881745
20000,0.5434262844978324
20000,0.5401096572425014
20000,0.403053351544403
20000,0.47534420734795546
20000,0.6652762711328875
20000,0.6885954798238484
20000,0.7879389081279758
20000,0.5299004911038383
20000,0.4217033104040433
20000,0.5768589909071673
20000,0.4325621743018842
20000,0.8409918076481487
20000,0.5053510367833871
20000,0.5558512867972515
20000,0.5309574363667217
20000,0.4455320914385497
20000,0.4704394991173066
20000,0.5124674876311409
20000,0.7112462612758028
20000,0.5712992482657624
20000,0.5040153825453775
20000,0.6179238374290706
20000,0.5557030328408991
20000,0.5399417542797544
20000,0.537940760254527
20000,0.4670403039546325
20000,0.5333458776456368
20000,0.6561795435946416
20000,0.489268141583292
20000,0.5731420414842406
20000,0.5009472923543427
20000,0.5011320057406362
20000,0.4820773703673464
20000,0.5049669890515338
20000,0.4811729319169974
20000,0.606937851388315
20000,0.5072101720032526
20000,0.42633182912661305
20000,0.412018692643586
20000,0.6147196864990885
20000,0.428502688869592
20000,0.41059572696101915
20000,0.5242422617737346
20000,0.4261623265524741
20000,0.7853726922116835
20000,0.5637447315975501
20000,0.5414993160112588
20000,0.46459602443012654
20000,0.616500788111938
20000,0.47604330432916947
20000,0.4344566639418479
20000,0.5294840126193523
20000,0.5547846598128487
20000,0.5604443754423315
20000,0.49363585402980165
20000,0.4538987025880219
20000,0.4725418727976156
20000,0.5275952428547501
20000,0.48973580858482907
20000,0.4976642773654702
20000,0.6431803269380277
20000,0.5027178094161683
20000,0.43654349184747665
20000,0.5788810715276163
20000,0.4480687380060422
20000,0.547459341677379
20000,0.5023359773825709
20000,0.5233844896986011
20000,0.6211426039427599
20000,0.8529231165890663
20000,0.5203934911702266
20000,0.5005436764454743
20000,0.5728948506719529
20000,0.5222873530768052
20000,0.4977673202607226
20000,0.5500090309271857
20000,0.4782611125538297
20000,0.5865305856301077
20000,0.4272589040581986
20000,0.5151547789765059
20000,0.46517038199681576
20000,0.6134015097564564
20000,0.4191686265833391
20000,0.5414898280959624
20000,0.5211256639766129
20000,0.44909967471771806
20000,0.6039804964743046
20000,0.46255204585414317
20000,0.43539280943409636
20000,0.5636813964625644
20000,0.5293545559413783
20000,0.4239892912305768
20000,0.5348905559120971
20000,0.4397821825772
20000,0.6918248583177571
20000,0.582369419427312
20000,0.5297052200612125
20000,0.6730377418627892
20000,0.5216522526400935
20000,0.48832912732383915
20000,0.505923244926042
20000,0.6709904908835876
20000,0.4656783169687109
20000,0.5468254559199189
20000,0.557028775569104
20000,0.5422072853132479
20000,0.5275470579610674
20000,0.4913980625860598
20000,0.5000777747852644
20000,0.5862073245488377
20000,0.620588928961493
20000,0.4664498653327522
20000,0.7724136696823841
20000,0.4102446265285171
20000,0.41511646285159054
20000,0.5179336271747129
20000,0.45253929104381047
20000,0.48858977928429603
20000,0.5429893162201354
20000,0.4066664824767664
20000,0.637452083871413
20000,0.4233151057247515
20000,0.7532677278753677
20000,0.44259262274933514
20000,0.44448437936833296
20000,0.4800532900244608
20000,0.6346071325500825
20000,0.5954277745743147
20000,0.45851638861686006
20000,0.5526655074944057
20000,0.4741490532564105
20000,0.43379769530961665
20000,0.502224771772272
20000,0.6202700708377122
20000,0.5432334522541109
20000,0.5811769957456694
20000,0.5409906342236295
20000,0.7004883713940377
20000,0.5141025522154701
20000,0.42168085045904125
20000,0.48852977426439687
20000,0.5133602535195877
20000,0.49318398940081404
20000,0.5540453530127945
20000,0.6191261426332842
20000,0.43053796051948257
20000,0.4460070542155654
20000,0.48379217802989377
20000,0.5781864771149406
20000,0.4321039915828833
20000,0.5706837604396121
20000,0.5050482141558817
20000,0.43882657452037344
20000,0.5785062889543894
20000,0.4090876588635985
20000,0.470877479933947
20000,0.4027240275984588
20000,0.7521341474539073
20000,0.43477588622076013
20000,0.44669747550622424
20000,0.6060799785807227
20000,0.43350478214815336
20000,0.41548403599197675
20000,0.6395482365170639
20000,0.5252804281997102
20000,0.5556308679634064
20000,0.48447262267542934
20000,0.442204705522946
20000,0.6369635264984012
20000,0.5422502698103763
20000,0.48471444641668826
20000,0.4429063919316019
20000,0.6438033524096499
20000,0.5115834183852229
20000,0.605294666974137
20000,0.45042941421514454
20000,0.5140544844191004
20000,0.5175633931576614
20000,0.5452002480066749
20000,0.8496722190734353
20000,0.5050967951911975
20000,0.42631721632976854
20000,0.4819363483692693
20000,0.48462415786805163
20000,0.6161983708632949
20000,0.38466199703617027
20000,0.3941198465338794
20000,0.4262510820021527
20000,0.622119733620604
20000,0.5930220264582101
20000,0.5423368571584759
20000,0.5205663404591186
20000,0.47800164460910405
20000,0.44305653070211753
20000,0.6441241753145921
20000,0.6061120022011144
20000,0.8287492684103318
20000,0.5145671275486384
20000,0.5325234859164497
20000,0.40123056439443805
20000,0.45040655912511585
20000,0.5238983267968178
20000,0.5024765343920824
20000,0.48983731683042075
20000,0.5565461193535469
20000,0.5509985351379051
20000,0.5495766280703472
20000,0.5451484556659243
20000,0.5154103013740737
20000,0.6309336380589075
20000,0.4370206675156425
20000,0.40903219601594026
20000,0.4750014114328861
20000,0.43513709025731495
20000,0.5156348973168143
20000,0.49179288648067726
20000,0.5709157892342752
20000,0.5136163088982822
20000,0.5190743558247553
20000,0.43428464908162673
20000,0.6772589822849672
20000,0.6721439816486701
20000,0.4760700885580087
20000,0.49937032677897825
20000,0.5739795948684243
20000,0.43460025454334655
20000,0.6690819999171299
20000,0.42309507504002525
20000,0.41153360985010756
20000,0.5356267539239931
20000,0.5244451017725366
20000,0.5244261994541978
20000,0.49424510943601185
20000,0.5344999271390402
20000,0.605602960123973
20000,0.4203264489518471
20000,0.4052688109076428
20000,0.3989001723663059
20000,0.5349608722180407
20000,0.614725078755697
20000,0.48763831488887194
20000,0.37999936320440253
20000,0.5259974358488606
20000,0.42200691628090103
20000,0.5976100256402697
20000,0.46820286520984067
20000,0.6540855582074476
20000,0.3884715415918563
20000,0.46039424719734107
20000,0.5484622427148053
20000,0.532607044420702
20000,0.6593433092266836
20000,0.5404676825574043
20000,0.42285859424403976
20000,0.4068586297885836
20000,0.5555299270955976
20000,0.7511211922129044
20000,0.41081520077453526
20000,0.42096676414569045
20000,0.5041714555221529
20000,0.6115345452088035
20000,0.5806465216531544
20000,0.5011490396094579
20000,0.4535912480000731
20000,0.5431107593075892
20000,0.5651190919310167
20000,0.754336017313569
20000,0.43815512962246866
20000,0.478632909408266
20000,0.3912687689014612
20000,0.6873786341584359
20000,0.5438550322036356
20000,0.5268442289022642
20000,0.5698834474231649
20000,0.5446981963812827
20000,0.47894562789282336
20000,0.5300342258557402
20000,0.4865170957108445
20000,0.3917679183776757
20000,0.4868608480795842
20000,0.5520864991352914
20000,0.4761064204681296
20000,0.5631702250677085
20000,0.4663114333088489
20000,0.5025822455147915
20000,0.49822500614224813
20000,0.41812233793701553
20000,0.5230864317616899
20000,0.7593506250804726
20000,0.5279365118477541
20000,0.6025692040078877
20000,0.48304203267508855
20000,0.42702995453272086
20000,0.550634479769175
20000,0.8497030830715357
20000,0.5561102316022328
20000,0.5362055793910119
20000,0.43240190139819357
20000,0.5050054014199812
20000,0.5438602137981591
20000,0.44883145937605445
20000,0.692493586283625
20000,0.5147695070004372
20000,0.46846228026602654
20000,0.6234643060253012
20000,0.5262834985408619
20000,0.4779060632023829
20000,0.44361568949178376
20000,0.5874599995046637
20000,0.5104120271294386
20000,0.7033537107739928
20000,0.4464311171833367
20000,0.4621225984516261
20000,0.3904271900380185
20000,0.5908530151841679
20000,0.44518505855918533
20000,0.633823590856544
20000,0.3900678539163438
20000,0.5226183183502449
20000,0.475567057287511
20000,0.5109225524113072
20000,0.5156685374663919
20000,0.5771766528352733
20000,0.5413159521686651
20000,0.5327376007367891
20000,0.552336614170466
20000,0.6375084725986749
20000,0.6471750481957435
20000,0.5093853644159606
20000,0.6290074241910366
20000,0.41039608318359155
20000,0.5541205319348271
20000,0.4651363384073279
20000,0.6749475676804405
20000,0.4515965433312877
20000,0.5943119333333852
20000,0.4531557983166977
20000,0.44222967777273087
20000,0.43036712388559534
20000,0.47072035436279325
20000,0.5267803527149845
20000,0.48171578856311104
20000,0.5488671038645202
20000,0.48919460995371317
20000,0.41906045471036335
20000,0.3859999001488199
20000,0.6134322190378062
20000,0.4442877742846283
20000,0.7528653563047759
20000,0.43243262861816284
20000,0.4346311896354774
20000,0.5647518336209827
20000,0.5167538478458752
20000,0.3932759938805645
20000,0.6095174202380989
20000,0.9199651901145629
20000,0.5346770767090474
20000,0.4629150240926577
20000,0.4154907258889359
20000,0.47632323284742467
20000,0.47446695740944284
20000,0.5620834414491868
20000,0.5154823990853276
20000,0.5205536809383059
20000,0.6091004070962608
20000,0.5135869384159659
20000,0.4277392803880699
20000,0.4058583132409532
20000,0.4447781325068244
20000,0.6002857969184725
20000,0.6594326595980512
20000,0.5119645533142171
20000,0.4475143736984275
20000,0.39491265222719035
20000,0.4802856755832702
20000,0.496881390819312
20000,0.5009613731988309
20000,0.5273950042087562
20000,0.5217194868447125
20000,0.528797771011269
20000,0.4393363198337405
20000,0.4260640153158179
20000,0.46382159718904453
20000,0.5215525236090711
20000,0.49788933186002154
20000,0.479058161113159
20000,0.4694164183581886
20000,0.5402833385674297
20000,0.5530474366797522
20000,0.4208283792943566
20000,0.5336679740147845
20000,0.5060948700325313
20000,0.5892780880874045
20000,0.40583269439724
20000,0.4904423495486994
20000,0.5799559447040605
20000,0.5381097366368851
20000,0.543994582479565
20000,0.4511919379098616
20000,0.5549515807348715
20000,0.5389845857494457
20000,0.6163966464413586
20000,0.45365059771970984
20000,0.5428190938005756
20000,0.5201468845483465
20000,0.5127697857602591
20000,0.4631619734218003
20000,0.5678515994613867
20000,0.4618577511822225
20000,0.5467250944187864
20000,0.5671136636115759
20000,0.5533169149274122
20000,0.5141762128150216
20000,0.6433205478641081
20000,0.47336131793252206
20000,0.5085853779688493
20000,0.43890939260528955
20000,0.4182434360799743
20000,0.6539425392897147
20000,0.6021870125349659
20000,0.41533692874843703
20000,0.4109949326691217
20000,0.44466628774276346
20000,0.5340091204023126
20000,0.4593269168955525
20000,0.5641814854463548
20000,0.3967048851789826
20000,0.4694537302428644
20000,0.5165395911265765
20000,0.47835713483559905
20000,0.44511764936537745
20000,0.6040717259355303
20000,0.6913106742295958
20000,0.418907807479331
20000,0.5185981948071041
20000,0.5232740832349286
20000,0.7545181042859654
20000,0.5310973498901838
20000,0.5344359430254257
20000,0.6058755513470773
20000,0.42426078877020496
20000,0.6319908084624349
20000,0.4917669172925104
20000,0.5141967422390642
20000,0.4816715207081608
20000,0.4546493156685457
20000,0.48769673000063807
20000,0.5383177557485778
20000,0.47754792323433287
20000,0.6542492332456283
20000,0.47834318764396877
20000,0.48658301067290755
20000,0.4162726916633681
20000,0.6853795557135762
20000,0.4964861065759788
20000,0.634656505782282
20000,0.6013065740678681
20000,0.5063196568884946
20000,0.5268189843742799
20000,0.3974357917196917
20000,0.5338569562075787
20000,0.4451425328801046
20000,0.48948244806209296
20000,0.49267721748126564
20000,0.5188227437932423
20000,0.6769083213028898
20000,0.5895978077134819
20000,0.5489911749499811
20000,0.4843745922228706
20000,0.45957486813715476
20000,0.5065513043034823
20000,0.699865735233902
20000,0.4185565942825676
20000,0.5392653655588608
20000,0.5906283323136506
20000,0.6038196704019967
20000,0.4461306463997552
20000,0.41570995401239846
20000,0.4279389180106225
20000,0.7386654285483392
20000,0.4157684758097449
20000,0.43112318365114605
20000,0.5588712041394325
20000,0.415658003281247
20000,0.6008224860768963
20000,0.5483874211537615
20000,0.530886204345455
20000,0.5371703089802955
20000,0.5252938668408399
20000,0.5308318971349928
20000,0.5032119410246018
20000,0.7184381464431376
20000,0.48717287416533045
20000,0.6140160525568482
20000,0.4096723153248453
20000,0.43123329902603813
20000,0.6939862299009036
20000,0.4583304029180546
20000,0.507338365789795
20000,0.5431173604105058
20000,0.3990263112997262
20000,0.538381108085888
20000,0.5348108878980968
20000,0.5508469472099103
20000,0.658647138965245
20000,0.5967474521358123
20000,0.6532221324491718
20000,0.6376348952352234
20000,0.4270488616903382
20000,0.7670841379069966
20000,0.4651219829279219
20000,0.47608033880280054
20000,0.6204679639974033
20000,0.431131152065411
20000,0.4999834231016747
20000,0.6925600046473686
20000,0.6308552634807086
20000,0.5611905889567103
20000,0.6329288086696588
20000,0.4672192204450407
20000,0.45937672744565816
20000,0.5930334060173081
20000,0.4195776093594021
20000,0.3968779760611447
20000,0.4489342966514336
20000,0.40152623617594757
20000,0.6774859730443531
20000,0.5502390668104086
20000,0.5234057976126799
20000,0.5824357494332862
20000,0.599329520703877
20000,0.4853688224990915
20000,0.4290668157911351
20000,0.46831496907033854
20000,0.6023702246465197
20000,0.4658991839293657
20000,0.502464038416228
20000,0.6466878567926589
20000,0.4308750696357408
20000,0.4314807900888009
20000,0.43479702804384096
20000,0.46968696849065045
20000,0.43772656027898826
20000,0.45423179311953465
20000,0.4724189145864632
20000,0.5901839852003876
20000,0.5118054984241187
20000,0.5116570764565174
20000,0.5130679422409091
20000,0.5034364999666391
20000,0.4909105720969937
20000,0.4299097536024091
20000,0.42609239528196724
20000,0.6229542665737154
20000,0.4893392759447971
20000,0.6970717961410591
20000,0.49559606707159026
20000,0.43671062291476603
20000,0.43176160194967367
20000,0.38831652600891947
20000,0.529741957503332
20000,0.5820344054606179
20000,0.6184976867336377
20000,0.4619152322135716
20000,0.4183518989170665
20000,0.6241151753738952
20000,0.6161552756983404
20000,0.5145883810444962
20000,0.43875228118672976
20000,0.43385814122624144
20000,0.593146664437014
20000,0.49909285396400793
20000,0.42315369737345043
20000,0.505505561821507
20000,0.4666994816709297
20000,0.497063511176001
20000,0.6469362383974174
20000,0.5073242214427968
20000,0.6219237280276307
20000,0.536504643846198
20000,0.5218414786234964
20000,0.49026050874193566
20000,0.39136807266366125
20000,0.5597243396534094
20000,0.6315841332463696
20000,0.41083734393516247
20000,0.8185997314211289
20000,0.43687283214129546
20000,0.44713287020809617
20000,0.41157186771765
20000,0.4910296196110557
20000,0.4900242663345605
20000,0.4003522064212233
20000,0.5808597041920343
20000,0.508627357331289
20000,0.5009478584254431
20000,0.39396008295298485
20000,0.6759353464823019
20000,0.7111104931717553
20000,0.40149286509814686
20000,0.4413974429821036
20000,0.4041650500801607
20000,0.6266487254202903
20000,0.552159252934775
20000,0.5697592323809448
20000,0.5110486221399326
20000,0.42534886548530987
20000,0.4697674966571137
20000,0.5197927989778632
20000,0.4892340032107493
20000,0.5070406620550081
20000,0.5349456194339077
20000,0.43750101016164894
20000,0.5209188080884056
20000,0.49327416936394336
20000,0.4575490138999519
20000,0.4765547890974749
20000,0.397459594106293
20000,0.6454915199962403
20000,0.5754370477353998
20000,0.47821263074880044
20000,0.39499024994422494
20000,0.45038317061582595
20000,0.4820517195592909
20000,0.4604024141034152
20000,0.5456440676583375
20000,0.467450311090856
20000,0.6073189457268184
20000,0.47449359181591194
20000,0.5331507979716827
20000,0.5544317288523378
20000,0.4173437063731525
20000,0.4177740778271595
20000,0.3818513274863654
20000,0.6948628064408621
20000,0.4565751467126945
20000,0.49980009880496445
20000,0.4962801610296129
20000,0.494298478411933
20000,0.39879313729985255
20000,0.6067680069792271
20000,0.42607664835901554
20000,0.5438995822112842
20000,0.4642983030827487
20000,0.5271601559733492
20000,0.5033404360862388
20000,0.6591477745291533
20000,0.5377231117893588
20000,0.5609898839089065
20000,0.457381793551813
20000,0.5150921533607579
20000,0.5294098138518722
20000,0.4936749386810974
20000,0.4882991261029673
20000,0.42478128878382865
20000,0.4468558781416503
20000,0.6305157488489646
20000,0.6279545129225891
20000,0.5620444298450662
20000,0.4388414038727228
20000,0.41960544358125557
20000,0.4637768317549674
20000,0.40764465730076
20000,0.5773869968414048
20000,0.653477572936875
20000,0.5017593610904151
20000,0.4673245808607624
20000,0.4151452483827615
20000,0.47453768167836546
20000,0.47810585844389786
20000,0.5095903343635384
20000,0.4432666762246601
20000,0.5123767251289703
20000,0.49196432592542694
20000,0.573079317433833
20000,0.3943001545970578
20000,0.619352539460266
20000,0.6345149274713875
20000,0.4359801934676326
20000,0.6051698121447224
20000,0.6035005714116867
20000,0.5689027188558368
20000,0.41574403781783725
20000,0.516295531817902
20000,0.536158567499865
20000,0.446004793893291
20000,0.5580255300323892
20000,0.6049994141499295
20000,0.4153066817370856
20000,0.49667011617502993
20000,0.6558155442528019
20000,0.4963274942178996
20000,0.5529602353885965
20000,0.43784785263619097
20000,0.6035196821674887
20000,0.4433121748621158
20000,0.46788476334794027
20000,0.5769027286075092
20000,0.45143720084123984
20000,0.4369877848650934
20000,0.6394547263940702
20000,0.4447933676948662
20000,0.4839768122772152
20000,0.4878565787164789
20000,0.4153624399396708
20000,0.4767890329128625
20000,0.6174904735179996
20000,0.4529344343164949
20000,0.37912241256644325
20000,0.5582556037407147
20000,0.5160939261946812
20000,0.4204860785487482
20000,0.4079820739134211
20000,0.4921037502609838
20000,0.5008998206083155
20000,0.4926817589602965
20000,0.6263658349410607
20000,0.6477556545229747
20000,0.549774256872583
20000,0.3999936608016968
20000,0.6599485289654836
20000,0.5529346370319189
20000,0.5694089290636065
20000,0.5036377578306017
20000,0.5447151506185754
20000,0.5053932375405611
20000,0.4321593535634797
20000,0.38793043906944036
20000,0.5616722892023626
20000,0.41732362159813724
20000,0.800759970837941
20000,0.4807482261350861
20000,0.4367912016469797
20000,0.5785073519377132
20000,0.4594091486401276
20000,0.5358508296007053
20000,0.49121943059395656
20000,0.43395033931821475
20000,0.5081614564118018
20000,0.49739963673682774
20000,0.6617330321328087
20000,0.5639999406384083
20000,0.43856489706682134
20000,0.4287788710390307
20000,0.5928339061010562
20000,0.48657862867977164
20000,0.619650170256962
20000,0.5423948131900795
20000,0.4337618927259954
20000,0.6247755450817951
20000,0.39814215118652535
20000,0.6623742617783458
20000,0.42224519415088324
20000,0.5092413880764121
20000,0.48355799214995704
20000,0.47223576877940887
20000,0.4426764461482461
20000,0.4884856750331454
20000,0.49703781145546244
20000,0.6240067619715023
20000,0.45594630358082194
20000,0.5099827482481564
20000,0.468056551316185
20000,0.5754862810049156
20000,0.41288394988002913
20000,0.6501096735288664
20000,0.5424952377240847
20000,0.47790226718473694
20000,0.4996447987158285
20000,0.5268679449435326
20000,0.39451321166917114
20000,0.5791079368621097
20000,0.5740684789569686
20000,0.4266729918503689
20000,0.5846649771168392
20000,0.6258786564022775
20000,0.5902790439812938
20000,0.6223310628411668
20000,0.7483307492476752
20000,0.6589401689658613
20000,0.4734474311077896
20000,0.5162905855004066
20000,0.5564733326446667
20000,0.6388868607760244
20000,0.5123074283929995
20000,0.42153250441953466
20000,0.538301200219304
20000,0.5148926071448128
20000,0.48292402118867994
20000,0.5648152354509545
20000,0.5934851694856318
20000,0.499977172180919
20000,0.6203694433986652
20000,0.5151064480324493
20000,0.47580747834525405
20000,0.6527239806477633
20000,0.4134751621256633
20000,0.5880070566416513
20000,0.47002552270976555
20000,0.6080463889070009
20000,0.6158268144850118
20000,0.6370129643842273
20000,0.6502976445123735
20000,0.4728513025105017
20000,0.528532190612709
20000,0.4420726050346145
20000,0.5335452732422917
20000,0.505763323075956
20000,0.4857787113410947
20000,0.48984247091686034
20000,0.5677622209361254
20000,0.5426896691811717
20000,0.5523839683712077
20000,0.4867211671434253
20000,0.6289823711681363
20000,0.40161211903495914
20000,0.4144026206934153
20000,0.5225835532087416
20000,0.4669680872974095
20000,0.5953528451800412
20000,0.476250702139433
20000,0.5125913378502387
20000,0.5556646368700578
20000,0.496658462587276
20000,0.4599949979946142
20000,0.6695483988451258
20000,0.49846694800622293
20000,0.5245554481093543
20000,0.48181570691246123
20000,0.4076954419703959
20000,0.5856552271532146
20000,0.6355281042643456
20000,0.5458704210853683
20000,0.5618575243949443
20000,0.5311604797366484
20000,0.4840998522722247
20000,0.46485304625991003
20000,0.8367674024760938
20000,0.47671644365405863
20000,0.4117120053264181
20000,0.5396779996091845
20000,0.5408811960354002
20000,0.5378334767918651
20000,0.5740242875932833
20000,0.5129864667149183
20000,0.48635686036685666
20000,0.5351426605019957
20000,0.3961959703522736
20000,0.44507491011211936
20000,0.6160653202067251
20000,0.4667408874896451
20000,0.41135626889033305
20000,0.5599272617076825
20000,0.637090735041854
20000,0.45622571734582906
20000,0.4723188389385258
20000,0.46090167047045194
20000,0.4213759268862135
20000,0.48963940376527826
20000,0.663614746850294
20000,0.5059152216159757
20000,0.4704512225711826
20000,0.44199272850214055
20000,0.6233508975650713
20000,0.41906753518458006
20000,0.5207547821189951
20000,0.3995428223813424
20000,0.6223408858321972
20000,0.6861208882919341
20000,0.49045480943658043
20000,0.5896730600294814
20000,0.4155209806502402
20000,0.5008031383926314
20000,0.5763234534811165
20000,0.4857239683462789
20000,0.4472735977585732
20000,0.5481060872303043
20000,0.5281902745951813
20000,0.4445135634189298
20000,0.4917470912555475
20000,0.6123650206791008
20000,0.524339497071439
20000,0.5343079955413859
20000,0.4415269579874491
20000,0.5571951954076713
20000,0.42886239167002094
20000,0.732303906707054
20000,0.4997531664063422
20000,0.45341772319401596
20000,0.4050573356392359
20000,0.4137822021465339
20000,0.42788927021184375
20000,0.46979948100725394
20000,0.49527279074629
20000,0.6708744336445664
20000,0.39642856261053333
20000,0.61524710045773
20000,0.4724983565430732
20000,0.624308778465181
20000,0.4340410436426064
20000,0.6811843727860913
20000,0.4384710584463559
20000,0.4191033049229189
20000,0.3974256222030418
20000,0.6179067551070591
20000,0.5468319993690062
20000,0.4225637048400889
20000,0.4844241386438138
20000,0.5369863875987125
20000,0.5400629617142024
20000,0.5223212665841127
20000,0.5279161945324713
20000,0.545500809320007
20000,0.7158361860981851
20000,0.406565231244192
20000,0.43621726938928723
20000,0.502026805358244
20000,0.4207948779463456
20000,0.4667338924603275
20000,0.5153625475753619
20000,0.49222223803633136
20000,0.7911194535608166
20000,0.39109074493386536
20000,0.751629732651388
20000,0.5342274222485908
20000,0.6209735097067131
20000,0.5265375230761244
20000,0.44187929283206623
20000,0.3948446205650391
20000,0.49175806754797624
20000,0.43544791429059393
20000,0.7889928050519945
20000,0.5059897964696501
20000,0.5294698789757927
20000,0.4933853812998006
20000,0.6649832927310221
20000,0.5212967787549228
20000,0.5243064108416593
20000,0.6304926603247764
20000,0.44631353251645917
20000,0.4913735388210792
20000,0.630486137215322
20000,0.5376286957908195
20000,0.6449385701309074
20000,0.47837415123356675
20000,0.4762708140494122
20000,0.5587802417252079
20000,0.4883952156843614
20000,0.49036136040355577
20000,0.6423894636005559
20000,0.4856959866464396
20000,0.5298894838590266
20000,0.4978843317632361
20000,0.4773161851970133
20000,0.4682761116956404
20000,0.4231640268906821
20000,0.40848785954281813
20000,0.4499464831124697
20000,0.5939906481609781
20000,0.6292352762087211
20000,0.5133058832776065
20000,0.5646081137574267
20000,0.46274693698205027
20000,0.7665139631738013
20000,0.5064056004280991
20000,0.7289412323924768
20000,0.5570104565229193
20000,0.4701435865903539
20000,0.3932450037574155
20000,0.7147696253345588
20000,0.5542390716285326
20000,0.48289304986798043
20000,0.6394801893196558
20000,0.4112307896709729
20000,0.5102757212073864
20000,0.5503036893454178
20000,0.4739914547615836
20000,0.49057360048165544
20000,0.6884030785433239
20000,0.5282889210005745
20000,0.4412910516183999
20000,0.48968608035722533
20000,0.43870265748791304
20000,0.6509538566319428
20000,0.5122773367659066
20000,0.5031776559037254
20000,0.49066689976400557
20000,0.6060684311458139
20000,0.5353954050825797
20000,0.5713990307233349
20000,0.5220719797192411
20000,0.5814655740433498
20000,0.3931001436248477
20000,0.4786534379767987
20000,0.4144055227319801
20000,0.4597573628964514
20000,0.44229371631106634
20000,0.6244792506995457
20000,0.43935838611539485
20000,0.6703501867825126
20000,0.4339061989537173
20000,0.46713753180966283
20000,0.5135862707081841
20000,0.4858139196196874
20000,0.4842314644490085
20000,0.563893520728269
20000,0.42844798572129295
20000,0.6276873093097782
20000,0.4001186833748736
20000,0.4842305174566974
20000,0.5721632178189868
20000,0.5343449906512524
20000,0.4340369519237713
20000,0.4711364570109415
20000,0.8298896554082587
20000,0.5645975014849516
20000,0.5639696305208312
20000,0.6020381243416684
20000,0.43680011542796404
20000,0.42525287661240924
20000,0.7641580872659549
20000,0.48160501390913113
20000,0.4300209074993386
20000,0.46843021596583617
20000,0.43328315152946417
20000,0.72268550293127
20000,0.5622216125384476
20000,0.5615469039555188
20000,0.5397718928172911
20000,0.6361096174127481
20000,0.5124871908734905
20000,0.7104213101794937
20000,0.6210233470883365
20000,0.4207820072753925
20000,0.44366257538377013
20000,0.5729986337675943
20000,0.4896651021446114
20000,0.5387532714351365
20000,0.6185270217329741
20000,0.6248535657751942
20000,0.5176238939741689
20000,0.5216796065649925
20000,0.4843610596995217
20000,0.42892483858041847
20000,0.47277786859897514
20000,0.4937825677787787
20000,0.7303192737206079
20000,0.44186470607063977
20000,0.6037095890562552
20000,0.5578231680254103
20000,0.4006090888360712
20000,0.5620284778668571
20000,0.47590325563491
20000,0.4222650085481404
20000,0.5019884551380305
20000,0.40028597117277936
20000,0.5840147099585385
20000,0.5468043967800467
20000,0.4870259369019444
20000,0.46305499987170207
20000,0.5513473821669773
20000,0.6016051244462689
20000,0.5404275075724289
20000,0.43268448740618215
20000,0.46158388089061453
20000,0.48121255374679517
20000,0.646379917653282
20000,0.5070455642826884
20000,0.49357075097004544
20000,0.43258870430057095
20000,0.5124520703620072
20000,0.43816424661775294
20000,0.6769066337466786
20000,0.4660974987715459
20000,0.6154584883737323
20000,0.4298956311758015
20000,0.46478597061188276
20000,0.45456135186426977
20000,0.5643320263925014
20000,0.45475392896391675
20000,0.47868578519258465
20000,0.5021838259852771
20000,0.4514336838366781
20000,0.49780274044351036
20000,0.4185450339894975
20000,0.6071715854475752
20000,0.49885185775197394
20000,0.5131176861078802
20000,0.5590160628372289
20000,0.473596331246792
20000,0.4632774489876483
20000,0.8103824000285883
20000,0.4599774297653029
20000,0.5012701187934149
20000,0.4732262451193747
20000,0.4129857743949235
20000,0.48456316308299563
20000,0.5131847042978727
20000,0.5029876137027955
20000,0.5813544771444289
20000,0.519917537593974
20000,0.5600879475014882
20000,0.7153942114641242
20000,0.6361133839875637
20000,0.745561208265756
20000,0.5447208309245017
20000,0.4235676364618142
20000,0.5552869832571284
20000,0.43177737747064016
20000,0.4650346090943111
20000,0.5178026460192711
20000,0.5414604362281843
20000,0.4820320590193146
20000,0.5510968729970239
20000,0.652621474070021
20000,0.5090581275202564
20000,0.43755171737868476
20000,0.5611675347157027
20000,0.5119152345635264
20000,0.42898306708341816
20000,0.5439833995487313
20000,0.46834589596150544
20000,0.5299026602530047
20000,0.7280096501771784
20000,0.5817808865801795
20000,0.5487444505312525
20000,0.605886813818366
20000,0.5391827222896426
20000,0.45042651169098474
20000,0.5362673400723893
20000,0.4965210336976069
20000,0.7018056595178966
20000,0.5358303835075284
20000,0.5251831181067658
20000,0.4630106279726488
20000,0.6472803306759298
20000,0.6645373788414026
20000,0.7669591940885674
20000,0.46859005209257015
20000,0.5287639313575792
20000,0.4714922223803248
20000,0.5593278873042106
20000,0.6299638902736082
20000,0.41628654298565954
20000,0.5438914905795419
20000,0.4182614080898395
20000,0.4791865691639489
20000,0.60320023945629
20000,0.4811646935911616
20000,0.4599528738770894
20000,0.533878102854446
20000,0.5274408000862431
20000,0.4903266745157051
20000,0.785820758565288
20000,0.6622033109758624
20000,0.47893841684712446
20000,0.5337752533355995
20000,0.4766938185935444
20000,0.5674910649912746
20000,0.6074189733806559
20000,0.5504997458288821
20000,0.5022857089538751
20000,0.40846804312333407
20000,0.49466907231712914
20000,0.5341933329581151
20000,0.5930016110046066
20000,0.8019429267471468
20000,0.4702482513696949
20000,0.48015392760120784
20000,0.6161020801852837
20000,0.4371317503976276
20000,0.5343405026465604
20000,0.43405744966387855
20000,0.4784446087112657
20000,0.494079530871024
20000,0.4107973379968462
20000,0.5505004513442999
20000,0.8298913237395839
20000,0.4857920858946121
20000,0.5032020480615306
20000,0.517513259253952
20000,0.5483232832167241
20000,0.552062078998697
20000,0.5049170955599588
20000,0.811198075093187
20000,0.4116193644307588
20000,0.5657130468016219
20000,0.4314263621865083
20000,0.5510406982626094
20000,0.5403390837185548
20000,0.44910248160406263
20000,0.47944015151722164
20000,0.500164907234245
20000,0.5353782300707424
20000,0.6043464088515046
20000,0.5013729675803045
20000,0.5615319675484415
20000,0.46232993087844176
20000,0.5865226454463341
20000,0.5613261198474501
20000,0.4412273187701113
20000,0.4183957747957529
20000,0.4592760191118877
20000,0.46577920833958203
20000,0.641459316713039
20000,0.4002546007033405
20000,0.4082778362676871
20000,0.4540948002580945
20000,0.4277011612170803
20000,0.4948190093828811
20000,0.50812790392999
20000,0.7592281523871119
20000,0.43174213563023567
20000,0.5528539493953488
20000,0.6081139116787393
20000,0.506264420040321
20000,0.5530537087103347
20000,0.5681990750039962
20000,0.6396661424541594
20000,0.45817748166119326
20000,0.6262789585267957
20000,0.565657945329316
20000,0.5524188228677723
20000,0.48737276894549736
20000,0.467957262786386
20000,0.42700189736505917
20000,0.4585867870509856
20000,0.4424896542214875
20000,0.47248060107495843
20000,0.49572483365767994
20000,0.4740393163093098
20000,0.4499920587974834
20000,0.5451720214735156
20000,0.41827109370928844
20000,0.48812866954883566
20000,0.6227141197050573
20000,0.4807357683182555
20000,0.46074248377675553
20000,0.4928057332208068
20000,0.44242277044154915
20000,0.6131379447128813
20000,0.4783802025287251
20000,0.48242158634533755
20000,0.5156512177732286
20000,0.7271510170831142
20000,0.5736435187282349
20000,0.4631145193716017
20000,0.5145769315210039
20000,0.440987796815589
20000,0.5280269074481108
20000,0.41148398497554034
20000,0.4112548335281693
20000,0.6499569633825869
20000,0.4723650836513818
20000,0.5893216519098565
20000,0.5652979451702588
20000,0.4501892384411655
20000,0.4483464448792103
20000,0.8519083258771495
20000,0.565265476800014
20000,0.5735312256375533
20000,0.4050196828115146
20000,0.44174836985182686
20000,0.5870704496981719
20000,0.4067417326567091
20000,0.6206336108592609
20000,0.45410388576030825
20000,0.4018198903559793
20000,0.48545456240045276
20000,0.5316159921492893
20000,0.5109456207705679
20000,0.4046806152787645
20000,0.8171584612450478
20000,0.5861280644071022
20000,0.43206300316800744
20000,0.4657190792564872
20000,0.4823835844087779
20000,0.405301355307932
20000,0.5160732361672891
20000,0.6971137683320412
20000,0.47230835513412894
20000,0.42764519191215095
20000,0.5127680105512091
20000,0.5496202879252574
20000,0.596007945924118
20000,0.4076931618502629
20000,0.5437027542501907
20000,0.6586544410724182
20000,0.5340484420901664
20000,0.5663578694063249
20000,0.5637527754361441
20000,0.41670522322533815
20000,0.3923167520839924
20000,0.4787931609941604
20000,0.6137008430641417
20000,0.5210244054760144
20000,0.717787275467163
20000,0.3920464061556133
20000,0.5341769259498579
20000,0.5228009051471905
20000,0.4384748492391826
20000,0.5005896414491653
20000,0.5932365715737761
20000,0.5487948742882449
20000,0.4957809890486965
20000,0.5094662676279414
20000,0.4442607972929523
20000,0.510859860693791
20000,0.4958860788183274
20000,0.48564769011659314
20000,0.428976159301617
20000,0.6142152574231698
20000,0.3849549913237479
20000,0.44250627345802945
20000,0.6342357756576186
20000,0.5114639747128611
20000,0.5002620888789978
20000,0.5037979235451964
20000,0.6475454943208694
20000,0.6495737708616147
20000,0.6233200669963631
20000,0.5429423368432141
20000,0.6077753221566368
20000,0.5451624851902764
20000,0.5112221204054646
20000,0.5632356678433926
20000,0.39726553734512854
20000,0.49946796149892236
20000,0.5098274106495272
20000,0.5448196385678743
20000,0.6382750423002139
20000,0.3832965477362677
20000,0.6036078011438002
20000,0.40286770915080444
20000,0.5528335720406804
20000,0.44953567724647797
20000,0.41297842277453745
20000,0.43749886811350536
20000,0.7607065802939414
20000,0.47498325657178825
20000,0.76015975138386
20000,0.512304301417484
20000,0.4937742415162821
20000,0.6086077150229723
20000,0.7259700629199317
20000,0.5452235364667858
20000,0.5936536328982582
20000,0.45329581246375017
20000,0.4863535840017746
20000,0.49629458907294727
20000,0.40389268363311803
20000,0.6278664487074574
20000,0.5091038564278026
20000,0.4526674491951747
20000,0.49879033800747846
20000,0.4211838815440449
20000,0.5984966107760255
20000,0.5950713927414384
20000,0.5762090615772817
20000,0.4529014369879155
20000,0.464109950905395
20000,0.4696117227592265
20000,0.6943416387827991
20000,0.6407864454471838
20000,0.45057942255985955
20000,0.7672082662799372
20000,0.5238875668064148
20000,0.6689696420877632
20000,0.4938783232071188
20000,0.5643761137595609
20000,0.4353752764443162
20000,0.514631174328625
20000,0.8371279920613177
20000,0.4978143935166388
20000,0.6206486006144736
20000,0.49425122253797316
20000,0.5666751984010617
20000,0.5583812135172871
20000,0.5374022735644701
20000,0.5095430138180694
20000,0.5401141533754507
20000,0.6407513116104971
20000,0.4267802303723068
20000,0.41870500825343626
20000,0.5722358226926345
20000,0.41300885674145293
20000,0.4676260279708916
20000,0.4403634463888447
20000,0.5032785001670151
20000,0.6200994315761928
20000,0.5532736107551085
20000,0.5963907166991288
20000,0.3922831136758611
20000,0.4463025740081496
20000,0.7670734172994917
20000,0.5966059133599022
20000,0.540683306708
20000,0.7343111381472981
20000,0.47643320208685247
20000,0.44975864376784797
20000,0.5652530141593358
20000,0.5590374615091924
20000,0.5737504765935781
20000,0.5242984307270189
20000,0.5179956925651519
20000,0.7692805427498348
20000,0.5176215446558754
20000,0.44089380518555676
20000,0.5505731424354807
20000,0.43217670603504943
20000,0.6523019252699571
20000,0.39207142978623266
20000,0.5239290007010606
20000,0.5961657518155077
20000,0.5055106128179545
20000,0.4545494278464273
20000,0.4320285545987821
20000,0.5434195066801153
20000,0.4516895877406349
20000,0.5451104480807083
20000,0.5528014497224361
20000,0.440868035380721
20000,0.4693130700577543
20000,0.6574301683011909
20000,0.41399800669711
20000,0.4743381245813827
20000,0.4619839209508307
20000,0.4009514409921652
20000,0.5144691396349711
20000,0.4485507978457084
20000,0.7290786718915784
20000,0.42212329448320446
20000,0.38806752730399974
20000,0.4010881962943331
20000,0.6268025278629189
20000,0.5234504870080133
20000,0.5525789116833703
20000,0.536829638487615
20000,0.441033443007128
20000,0.61250948379543
20000,0.48122288369609467
20000,0.4470926631515191
20000,0.5981719746796555
20000,0.4945901344995664
20000,0.7433388019874017
20000,0.7214611598766982
20000,0.42388620083455575
20000,0.45566809052981794
20000,0.40478179704890244
20000,0.3854715370563328
20000,0.5675526899227671
20000,0.5778530766960298
20000,0.5118885154084926
20000,0.40924511056386553
20000,0.5088127866558969
20000,0.5038732620264169
20000,0.48086147403508
20000,0.5533990993901952
20000,0.5058351684127186
20000,0.43156342999949054
20000,0.5112118007421653
20000,0.43148653199332165
20000,0.5444975840125855
20000,0.5198048932912209
20000,0.509535705943319
20000,0.8091671230431164
20000,0.5723408320244996
20000,0.5866170937315113
20000,0.49344211934824955
20000,0.4457916568669483
20000,0.4807097159797043
20000,0.5178180704508561
20000,0.41523780733789584
20000,0.45567974107541453
20000,0.5962328892282289
20000,0.4820499607514528
20000,0.5333341196850835
20000,0.4757220401735653
20000,0.473862273451274
20000,0.6005416786019628
20000,0.45311706953249403
20000,0.5506015439488695
20000,0.6878397663174693
20000,0.6005543411747408
20000,0.4690719699102171
20000,0.4086776505435437
20000,0.4639144798298137
20000,0.4507511110543347
20000,0.485156699339831
20000,0.47713603152582773
20000,0.42576695192238073
20000,0.48067665545867877
20000,0.40853618499472705
20000,0.645841879046227
20000,0.47801859877496294
20000,0.42424937720673606
20000,0.43919982256391343
20000,0.4717572439286811
20000,0.40690937138468086
20000,0.4650637627351684
20000,0.4510472821456329
20000,0.5277066792663243
20000,0.41847814455280913
20000,0.5257075733672069
20000,0.4600091723894857
20000,0.5411377584806103
20000,0.5366016566083667
20000,0.5097535846249421
20000,0.6094114948590387
20000,0.5027396769727158
20000,0.5715970312522389
20000,0.6666690504346169
20000,0.6274677481966927
20000,0.46428553775930365
20000,0.4405233325695499
20000,0.4679308471936343
20000,0.6969741547793866
20000,0.5488623541195415
20000,0.4962606448310358
20000,0.4680997519408592
20000,0.51350721139522
20000,0.5001263447613656
20000,0.4384415998376091
20000,0.4683270876561422
20000,0.42866763703157584
20000,0.45606384095841984
20000,0.5145423366859682
20000,0.5121153804875157
20000,0.47781098683858725
20000,0.45859216048006346
20000,0.39049902443818274
20000,0.4061621533602757
20000,0.5020609866285866
20000,0.5499816923635272
20000,0.5502809370711761
20000,0.529364513698639
20000,0.5002818001894338
20000,0.5313059460593237
20000,0.4047497095479507
20000,0.6596871751331063
20000,0.5165050998511259
20000,0.5866777623712618
20000,0.6494631151684224
20000,0.6210492696253963
20000,0.5276857196685707
20000,0.44912406817443523
20000,0.6139931364359325
20000,0.511978105979306
20000,0.47391017145269604
20000,0.4711381100325783
20000,0.49544658124982255
20000,0.6576634213556015
20000,0.4985686147543674
20000,0.523428040828365
20000,0.5132028151035324
20000,0.48686012141359164
20000,0.38797833580276747
20000,0.4986716402454808
20000,0.5560540138977678
20000,0.4163603157234986
20000,0.41306174027288006
20000,0.6069549747634004
20000,0.5057923015609924
20000,0.4227700244068253
20000,0.5838143819805592
20000,0.4733624612766097
20000,0.6337347404014744
20000,0.6332826262933452
20000,0.47462279308452276
20000,0.8357357774103313
20000,0.5551371536718599
20000,0.4477241438517144
20000,0.6186127873240269
20000,0.4958200601250199
20000,0.7335040814760264
20000,0.5791212398384932
20000,0.5562762434901221
20000,0.46856010694635963
20000,0.4509346355040708
20000,0.6647707277022021
20000,0.5018169024904222
20000,0.5885795123997695
20000,0.4968000833106403
20000,0.7179705109387751
20000,0.5986494610233124
20000,0.4782425897805921
20000,0.5371657004187301
20000,0.5386137699765738
20000,0.514853042155685
20000,0.41370771513735394
20000,0.5111509212633087
20000,0.468540407813788
20000,0.6379646100557549
20000,0.5267291883879481
20000,0.6883670897310573
20000,0.5686649649937957
20000,0.5471576109975747
20000,0.4246366752344568
20000,0.48598823265501095
20000,0.6028171480524516
20000,0.5429814487931539
20000,0.46696898937078096
20000,0.4881653226011888
20000,0.5325037790575461
20000,0.4863275303069383
20000,0.6367886533947918
20000,0.4790809474940171
20000,0.5895304794086539
20000,0.40457710577254025
20000,0.47689725949147926
20000,0.5772982649374659
20000,0.5238376778218036
20000,0.7708099845697577
20000,0.6069354838224912
20000,0.6039338108831336
20000,0.4287968409077991
20000,0.5840581218840636
20000,0.4977055921672588
20000,0.5470583075085781
20000,0.5532247826253514
20000,0.4076505881850362
20000,0.5405373346447327
20000,0.46335104494391155
20000,0.7076272515675077
20000,0.5674735338459143
20000,0.5406975695168703
20000,0.5084951046177945
20000,0.5623564024616124
20000,0.6842859290872906
20000,0.8245445266577682
20000,0.47915057467673944
20000,0.5012170165279238
20000,0.5134032488213834
20000,0.480669969563045
20000,0.38498851601698214
20000,0.5037082970331274
20000,0.5824854776561522
20000,0.48068425298893325
20000,0.7074241939170467
20000,0.5383974169593078
20000,0.6109304772442516
20000,0.4309429309797577
20000,0.6447436414060874
20000,0.4296239053196864
20000,0.41287193268283995
20000,0.4301042992214427
20000,0.5463513504660213
20000,0.5588130628319622
20000,0.38678394153766665
20000,0.5058687572528281
20000,0.46559300831062095
20000,0.494180790360081
20000,0.5644583294873677
20000,0.5478942134531333
20000,0.5773659956173883
20000,0.5462274726872457
20000,0.4894409579528485
20000,0.4031320907130919
20000,0.5924078528720222
20000,0.5773250082367757
20000,0.7676544913989253
20000,0.4932237307052925
20000,0.5045893897858682
20000,0.6200804956788278
20000,0.5994084305261697
20000,0.41696314870556406
20000,0.5387045129438179
20000,0.44087877681403376
20000,0.44914799146507633
20000,0.5745338945789018
20000,0.5190400098340118
20000,0.6389514382039714
20000,0.5226857456934566
20000,0.6175978441443345
20000,0.5054014548105797
20000,0.7483114499371912
20000,0.47777211098837674
20000,0.720611924025471
20000,0.6177134736012555
20000,0.45721480493033373
20000,0.6291342911044481
20000,0.41407062586504767
20000,0.45284626804617245
20000,0.47258874523455185
20000,0.4792692660819114
20000,0.5781224859610706
20000,0.49862792208719525
20000,0.5004439271787733
20000,0.571787640920259
20000,0.510061990632136
20000,0.4922343760045431
20000,0.5404569112143189
20000,0.4927129432066072
20000,0.4287843112639995
20000,0.5402604370549473
20000,0.49088873600772176
20000,0.4574448507450787
20000,0.5003769163572594
20000,0.47526602376552207
20000,0.46259977245120987
20000,0.4723794081859342
20000,0.546017130219481
20000,0.49192667933914636
20000,0.41877177983095415
20000,0.602562084717898
20000,0.5357144675745585
20000,0.556421575192122
20000,0.40300909078302677
20000,0.40907782342565424
20000,0.571556766106235
20000,0.4830431083889934
20000,0.6472982447628913
20000,0.41725219847945894
20000,0.4579845445891766
20000,0.5079830001220049
20000,0.8220932648525633
20000,0.4241672604295937
20000,0.4298262306263632
20000,0.6637688643828492
20000,0.48236711079554906
20000,0.5417895731548165
20000,0.6407052829149136
20000,0.5756055637048122
20000,0.6190877889362921
20000,0.4381618365656396
20000,0.4789369368130837
20000,0.3971776101462739
20000,0.5407654578415552
20000,0.4207970039610125
20000,0.5662009531604769
20000,0.6257709712724534
20000,0.5042078278800343
20000,0.47469998014241727
20000,0.47734526925115317
20000,0.5510118743697484
20000,0.5821734980856885
20000,0.46242250079627356
20000,0.42751442210631607
20000,0.429161147629117
20000,0.6767095095114442
20000,0.5774612445698785
20000,0.5365847814409976
20000,0.5603236998027654
20000,0.47767485307924995
20000,0.40439087280679253
20000,0.6470908059782672
20000,0.42582211235912293
20000,0.45925652290218644
20000,0.5120995289500478
20000,0.5546554256226243
20000,0.4045824100717571
20000,0.5337263006581048
20000,0.5751354279085329
20000,0.4528422154582505
20000,0.49342144268406485
20000,0.45372368686332454
20000,0.5399345582318686
20000,0.6246909331649485
20000,0.4440504934690358
20000,0.4664662653363196
20000,0.4716714380516974
20000,0.47500409532481735
20000,0.4640379288629991
20000,0.5079722486230795
20000,0.583249908434169
20000,0.5003777190649773
20000,0.4854435697035239
20000,0.6746043258644713
20000,0.51299299322607
20000,0.6446183331424554
20000,0.5545074052070434
20000,0.5304076598806483
20000,0.6033110914748765
20000,0.44322878272133814
20000,0.5123057226848072
20000,0.48733953171036576
20000,0.6232551681244666
20000,0.6249908003574688
20000,0.45381534956857383
20000,0.38500021364126663
20000,0.5629903223794147
20000,0.40405387959719224
20000,0.5549699508800838
20000,0.46449267975368946
20000,0.5238929964514482
20000,0.6866222617442382
20000,0.46685938718828296
20000,0.6570234404253961
20000,0.6525637915496961
20000,0.4980406895952973
20000,0.4884703768131054
20000,0.4307552911273656
20000,0.5389000514939071
20000,0.5772835023162995
20000,0.47505546044973584
20000,0.6178301870293643
20000,0.48856444181430025
20000,0.588096255888033
20000,0.5285567096629447
20000,0.4442245486456868
20000,0.5235097100161208
20000,0.4830395802601195
20000,0.5393485681415133
20000,0.6401843739851113
20000,0.472701348872282
20000,0.6354820816071568
20000,0.5348781828255075
20000,0.4965365027178381
20000,0.4325065589537338
20000,0.5221015904282581
20000,0.488542251627491
20000,0.43368384435968305
20000,0.4991238618153669
20000,0.4784465612800405
20000,0.6186142956202214
20000,0.5928167224815635
20000,0.5780492634705068
20000,0.6087967894782003
20000,0.4889369357260907
20000,0.43963640131651033
20000,0.41438137907802264
20000,0.40180179714350506
20000,0.5004504158922923
20000,0.5473361572053289
20000,0.40502015631905747
20000,0.4625703762262543
20000,0.426464183316271
20000,0.4250738627364982
20000,0.6398597967474506
20000,0.4372686249037314
20000,0.44001120494460094
20000,0.45276186674818075
20000,0.41189355390707955
20000,0.48431691131411986
20000,0.48382786642397374
20000,0.6839978068195521
20000,0.5432643336268177
20000,0.4356082399855212
20000,0.4886817269510974
20000,0.5505835315236611
20000,0.5021657667424851
20000,0.46911305796988
20000,0.49674803546574775
20000,0.5113129736671989
20000,0.6102362041789279
20000,0.5445794182998339
20000,0.4408593682863188
20000,0.5492413863795581
20000,0.5122871221675613
20000,0.4258094823479047
20000,0.5419012033650114
20000,0.4023246715381158
20000,0.5089873949460141
20000,0.4962556240547965
20000,0.6519789396506355
20000,0.6784166976686463
20000,0.6448114046559764
20000,0.7163309953345462
20000,0.3978855283525208
20000,0.6327362687037555
20000,0.4786351740994133
20000,0.42530457979239195
20000,0.4833969708775427
20000,0.5195417292991633
20000,0.5083268953134993
20000,0.39549657035775587
20000,0.4661581035266683
20000,0.477008106514484
20000,0.4782649622510098
20000,0.4647579530336617
20000,0.5410896331261773
20000,0.40748196702986955
20000,0.4068510819167337
20000,0.43675976554359053
20000,0.45947204576258827
20000,0.4900838420689416
20000,0.49674757677309317
20000,0.5419293997882829
20000,0.4716884390569016
20000,0.5353311326249048
20000,0.5158166978867847
20000,0.467220944259231
20000,0.4996047425355546
20000,0.46068498387866047
20000,0.4179951166340205
20000,0.48136175852042756
20000,0.5599321862750855
20000,0.6555800392553639
20000,0.44572630980162237
20000,0.45269679131517193
20000,0.6225365564745389
20000,0.4455250758318857
20000,0.565646723288873
20000,0.6011569219311609
20000,0.4646627208125119
20000,0.777588299426328
20000,0.4016830305034284
20000,0.7502159236816374
20000,0.5230084758888786
20000,0.5759923062812724
20000,0.6192921927541519
20000,0.5551501249702324
20000,0.4455481844218329
20000,0.49047002899427156
20000,0.47732808459046294
20000,0.6245174234263857
20000,0.3869217483627942
20000,0.574863342244177
20000,0.42018829656684764
20000,0.5755508584443781
20000,0.48344369445195645
20000,0.4602281552256342
20000,0.49571485015506844
20000,0.5110431966428696
20000,0.4384107163834737
20000,0.4948720513278898
20000,0.5122601673370788
20000,0.5390666914673042
20000,0.5575899774840833
20000,0.42934588027195053
20000,0.5572866352977283
20000,0.4696027663257308
20000,0.6620161345533551
20000,0.5576400522259755
20000,0.5919415810785872
20000,0.4414606533855076
20000,0.6337591741915847
20000,0.5911169022101589
20000,0.5933805161517739
20000,0.5770116471999619
20000,0.4815175401917801
20000,0.4369471484299478
20000,0.64472429739002
20000,0.4186964245502342
20000,0.4868301764122135
20000,0.5571364738080312
20000,0.4344953705402154
20000,0.5784074580105045
20000,0.6129315762143916
20000,0.562604158709886
20000,0.4925756638049213
20000,0.5969436138396488
20000,0.4986589238236478
20000,0.6014914171435145
20000,0.6124290682328053
20000,0.4661854225436202
20000,0.6616396210872232
20000,0.44157628898544116
20000,0.5027767372654759
20000,0.5305140791082091
20000,0.4927519438863865
20000,0.48207968105543536
20000,0.5188327022316108
20000,0.6791315064912894
20000,0.543562634992305
20000,0.45567243977595595
20000,0.48810618958754776
20000,0.4262750741023212
20000,0.5025313675187737
20000,0.557933756037072
20000,0.4538556339696064
20000,0.4552817872834974
20000,0.5373643721532664
20000,0.47554525762776445
20000,0.5143140303609223
20000,0.5053546898471138
20000,0.5621923553873603
20000,0.5791201963463638
20000,0.531525352818055
20000,0.6261198271402462
20000,0.4966427951814811
20000,0.5977914615539116
20000,0.4112025473838088
20000,0.6089336519297065
20000,0.6102665500270225
20000,0.5949598190590621
20000,0.6023893069646956
20000,0.48908555223366323
20000,0.48282304606067744
20000,0.49736699413160157
20000,0.6147676283197219
20000,0.5704501092956459
20000,0.632367471521495
20000,0.6606292046806689
20000,0.5422127971795189
20000,0.4770011744745018
20000,0.513587179109209
20000,0.5000589431382768
20000,0.6392236455990005
20000,0.49472520035815326
20000,0.48789050589781074
20000,0.4720661795836683
20000,0.5320772581171843
20000,0.5001072376900839
20000,0.5868936074453377
20000,0.42222693700466885
20000,0.7486865113582867
20000,0.5616252139452266
20000,0.6272299501653343
20000,0.41761508630186295
20000,0.5114716053046906
20000,0.5925483901461834
20000,0.45930470469617013
20000,0.558049483486946
20000,0.6133475279304581
20000,0.47530656641132024
20000,0.509750954908657
20000,0.5254155803542173
20000,0.4327021192107591
20000,0.6350151429762466
20000,0.4828425319247359
20000,0.46094190769512605
20000,0.5510234353781545
20000,0.5681170208856456
20000,0.5084613869773601
20000,0.6719672586088684
20000,0.4983982987857977
20000,0.564129198695924
20000,0.6145244680890497
20000,0.48628992333284554
20000,0.49577106473960947
20000,0.5795787385847948
20000,0.5795327929221326
20000,0.7845031432534373
20000,0.5749643013912331
20000,0.47838875555376714
20000,0.5662129669467588
20000,0.6268490411745554
20000,0.6229860868085122
20000,0.5310073867010525
20000,0.7372497041153194
20000,0.49434605850603863
20000,0.6200548081499311
20000,0.44886444849832513
20000,0.4693896770146936
20000,0.5156172349267008
20000,0.41978576763813363
20000,0.6825006411002782
20000,0.7500700172345528
20000,0.5260586734719561
20000,0.5907791438806002
20000,0.40520075401648237
20000,0.5315658730320437
20000,0.5432124292379649
20000,0.41299419877132026
20000,0.6083108237497263
20000,0.4433579092257904
20000,0.5399171286266601
20000,0.5572281079888779
20000,0.5755016359044797
20000,0.5476568983280583
20000,0.618779255449848
20000,0.44927455562618196
20000,0.5111085850333191
20000,0.41509707529191325
20000,0.5890474349017957
20000,0.5500520651047773
20000,0.6211972636269995
20000,0.5022732846830191
20000,0.6006862355527722
20000,0.4375806362505531
20000,0.4957923930544426
20000,0.6601517735891798
20000,0.4697405758642652
20000,0.46809438727842007
20000,0.38939798569188583
20000,0.3972727973831745
20000,0.4268666529021445
20000,0.5325379377331898
20000,0.43796220628146
20000,0.5367024626746258
20000,0.5432646767939998
20000,0.5435916764028803
20000,0.4354072853861944
20000,0.44205059871428576
20000,0.5362408024017558
20000,0.4824215239262939
20000,0.5636599832434404
20000,0.40155807961620177
20000,0.4319294025565055
20000,0.520808721486408
20000,0.5497279970453508
20000,0.47796549505293506
20000,0.6649302555559756
20000,0.5139468909651937
20000,0.42241155311832784
20000,0.5586974595484984
20000,0.5076120621150669
20000,0.5122261355527793
20000,0.5560590936474771
20000,0.4741646486231495
20000,0.4378192691203184
20000,0.5975916407953112
20000,0.5501941335519321
20000,0.5273477620642337
20000,0.6170264864507886
20000,0.5957437754986883
20000,0.4053753656457557
20000,0.5403114666022303
20000,0.6368335651107666
20000,0.5715312842958157
20000,0.42430211305732585
20000,0.49742911090116665
20000,0.6694787751030179
20000,0.4628529848046492
20000,0.5225830845517919
20000,0.5032832464275048
20000,0.47999140898288056
20000,0.5485976795408651
20000,0.5561185004686195
20000,0.5186283982985619
20000,0.40102282710998327
20000,0.6133549443292544
20000,0.3905926697495913
20000,0.5726257795381446
20000,0.44649585858122454
20000,0.5446352591230964
20000,0.5329094729110656
20000,0.5336325884002673
20000,0.3987168541134099
20000,0.418010818731675
20000,0.5164701883740289
20000,0.4654054826859343
20000,0.6114919082722455
20000,0.3973882949100059
20000,0.6217922353705568
20000,0.5298686574339457
20000,0.4486479106819011
20000,0.555063187054085
20000,0.5286286231640636
20000,0.47255000807287434
20000,0.4561033641068664
20000,0.5370195518487055
20000,0.48837195991117427
20000,0.43324223192135475
20000,0.507059182565725
20000,0.3946898955071104
20000,0.42809917441291384
20000,0.5281660908169481
20000,0.4846624958041767
20000,0.5072670449302684
20000,0.5526429736175876
20000,0.5407194160015376
20000,0.5463374207059678
20000,0.4506765752105112
20000,0.59039652340304
20000,0.5822574243639572
20000,0.635662279882993
20000,0.6325126714447658
20000,0.5394621187533906
20000,0.45533766675806053
20000,0.5570729130967892
20000,0.623738499412938
20000,0.5692077060219405
20000,0.6178163170501465
20000,0.5008739364838127
20000,0.47855135713122043
20000,0.5500806200259923
20000,0.5258378122223442
20000,0.7128997231601052
20000,0.5472048693901881
20000,0.46213613676731957
20000,0.5585155326723182
20000,0.4403565630122861
20000,0.6288577909712622
20000,0.38581687833333866
20000,0.49388710574999556
20000,0.46195869760293773
20000,0.5485670963188237
20000,0.539114362431691
20000,0.46654683923180895
20000,0.4106123300366477
20000,0.5977008082075128
20000,0.47179337347207473
20000,0.7100218267377335
20000,0.5185376053981177
20000,0.44288290527882623
20000,0.5393923477272128
20000,0.4291172745747016
20000,0.4746992281323251
20000,0.4321530629217016
20000,0.503970049226269
20000,0.5436155328741596
20000,0.41917020915488534
20000,0.5294693240696206
20000,0.5420189911798858
20000,0.550302325369945
20000,0.6984804969002688
20000,0.5764582883279856
20000,0.5410269809286543
20000,0.42796765136471787
20000,0.5614728970729135
20000,0.48677400973824836
20000,0.5937185031302146
20000,0.4738066925592792
20000,0.5891135916397787
20000,0.625269520508012
20000,0.47785755336098656
20000,0.4285252373488075
20000,0.5730673383748195
20000,0.6153860824510615
20000,0.6538980613605752
20000,0.40497546475838336
20000,0.6117217324478791
20000,0.4451354988490275
20000,0.4277214530931393
20000,0.48981262149244054
20000,0.40112926547881805
20000,0.4762054413829198
20000,0.580754328933185
20000,0.5631045250850647
20000,0.48506614094698475
20000,0.547567335484392
20000,0.5410680942368534
20000,0.535792952691949
20000,0.5424445134801048
20000,0.48200926646181574
20000,0.5369097790706344
20000,0.43714644335800246
20000,0.47555085195991054
20000,0.4199239958730366
20000,0.5307847877240047
20000,0.5501697390457682
20000,0.39990523267664846
20000,0.7917413176150829
20000,0.4362150799679426
20000,0.6053294617760648
20000,0.43790258308455715
20000,0.6164140208180089
20000,0.3836053902894875
20000,0.5352521719968933
20000,0.5951741206468797
20000,0.6754393125162299
20000,0.5647904267150625
20000,0.8166722893910361
20000,0.6127855857508904
20000,0.475579728487079
20000,0.5820115402878413
20000,0.5426359460904152
20000,0.6710810609577339
20000,0.5491327710199608
20000,0.5250622355238868
20000,0.5494355933037351
20000,0.41326607649316105
20000,0.6189237878637628
20000,0.5863892529001196
20000,0.4364182064799325
20000,0.6444868762802728
20000,0.4755308355859281
20000,0.5662820077627386
20000,0.5339732691625768
20000,0.41235835350414474
20000,0.49114748788858986
20000,0.6808287816608779
20000,0.4154663005589982
20000,0.5950993153387429
20000,0.45602018483963164
20000,0.42123750130103493
20000,0.5876182980204739
20000,0.6017574430063886
20000,0.5842078601043368
20000,0.46237742428713036
20000,0.5404972196320051
20000,0.6228826861593386
20000,0.38642727807291644
20000,0.48575973315199994
20000,0.415627434329559
20000,0.49402498254214533
20000,0.6243854562333789
20000,0.4737158861132487
20000,0.5368435326687351
20000,0.6037374853811294
20000,0.45741464437018964
20000,0.5408209864026755
20000,0.6249356969951663
20000,0.5526933204026849
20000,0.4215929124875838
20000,0.4627400766469735
20000,0.43720414791909856
20000,0.4738348832629221
20000,0.4721340112863306
20000,0.45952515022145546
20000,0.5675642321835557
20000,0.5016594398466347
20000,0.46916199516064955
20000,0.6200995780987982
20000,0.48154842381467333
20000,0.4476973981202721
20000,0.5259978335518392
20000,0.40686051648337423
20000,0.45925976371489324
20000,0.5463566415571048
20000,0.5194998986746056
20000,0.6113583934760575
20000,0.5181037250948511
20000,0.4666808869622267
20000,0.6074502076005255
20000,0.5172608845983178
20000,0.48858510492830337
20000,0.47917207783500076
20000,0.4322597344873017
20000,0.5487990283248261
20000,0.46083616231001134
20000,0.46386394518884594
20000,0.4930682239567424
20000,0.4953299524380216
20000,0.4739802179458506
20000,0.4534807038498138
20000,0.5258711297826931
20000,0.5108569499277207
20000,0.4663878852898799
20000,0.42595554193176827
20000,0.42744759569055885
20000,0.6082427311706756
20000,0.4799457537203088
20000,0.46805300001364736
20000,0.4571423149168713
20000,0.4330041287760107
20000,0.4799055046954281
20000,0.393884173112146
20000,0.4445952670161551
20000,0.5979932421380805
20000,0.4067119836341434
20000,0.5046515929719647
20000,0.46607335705579717
20000,0.5616296463162447
20000,0.47330444045668
20000,0.5311557148156327
20000,0.4901716827193916
20000,0.6239611406551573
20000,0.5038009605288295
20000,0.5151920161851841
20000,0.5147708837839216
20000,0.7648119450738102
20000,0.595703908181283
20000,0.6024279467099649
20000,0.5501162026003373
20000,0.5019129402084881
20000,0.4168059448864133
20000,0.6159915700243208
20000,0.4038997698325456
20000,0.49899478348212684
20000,0.7820891835455657
20000,0.5214299046208402
20000,0.4902086257524662
20000,0.47514959263032597
20000,0.500866609230103
20000,0.5191706277367443
20000,0.42401702285076315
20000,0.5758718282875589
20000,0.5096181994252484
20000,0.5425609822571555
20000,0.6730971645887361
20000,0.5372753261088482
20000,0.5171890756651151
20000,0.45186611942254856
20000,0.5930456906159022
20000,0.5916940460765383
20000,0.42125560580411614
20000,0.5656025163207433
20000,0.513337988485796
20000,0.5627993984179978
20000,0.4864565389077911
20000,0.601493632056788
20000,0.539292007430197
20000,0.47553950215516844
20000,0.5585796216829317
20000,0.5058092165998183
20000,0.5144488462239922
20000,0.5289586306845668
20000,0.3929462950511194
20000,0.5144787426935891
20000,0.5756011653901575
20000,0.5172270878262553
20000,0.49048782798849094
20000,0.509585267638705
20000,0.534290425461262
20000,0.4928885835096436
20000,0.6845920408558817
20000,0.6277575233173478
20000,0.45935543183002014
20000,0.4756950926322386
20000,0.4163653687639322
20000,0.5932947747620856
20000,0.512661709356943
20000,0.6681870386621686
20000,0.4592355051158164
20000,0.5592517022257637
20000,0.46474205457515855
20000,0.5318046777932172
20000,0.6355728881747095
20000,0.5633241550380074
20000,0.4525988299926194
20000,0.5961338938093685
20000,0.5305082235128599
20000,0.6087820917072745
20000,0.595265248632754
20000,0.5706437550307331
20000,0.4950175545870796
20000,0.5214380789835118
20000,0.43637306002625204
20000,0.4833913113839068
20000,0.48947189677319136
20000,0.41098692607700615
20000,0.6593048863483487
20000,0.6287757511460375
20000,0.6532667032290014
20000,0.4299592691903291
20000,0.572995219771706
20000,0.49657825518061055
20000,0.5109137949972462
20000,0.4984276288116717
20000,0.5292393574957033
20000,0.446626771797454
20000,0.5056142315397136
20000,0.4791907999907999
20000,0.5125277800342397
20000,0.6118348714448398
20000,0.6229015185673601
20000,0.4941282737733492
20000,0.4169938163596135
20000,0.5180887638809293
20000,0.5085303385041068
20000,0.7047834406432888
20000,0.6806608026948537
20000,0.6286301391966355
20000,0.4818855928476337
20000,0.5292594631459194
20000,0.4307835882113998
20000,0.4061880013010369
20000,0.6186846265623309
20000,0.38534989369498945
20000,0.5579292128981828
20000,0.4786828186553234
20000,0.40596268024709
20000,0.4862986051905221
20000,0.5068854508002656
20000,0.4952821331803164
20000,0.42821519138426517
20000,0.39921629522031155
20000,0.5794298609815361
20000,0.5422892591043653
20000,0.44297918035002215
20000,0.5989672648109163
20000,0.46532984541362227
20000,0.4713155959902394
20000,0.5590612977319036
20000,0.5627097343991576
20000,0.49602955520124115
20000,0.5509145423955152
20000,0.4799456186187177
20000,0.5816687514032031
20000,0.8523128737587486
20000,0.556273957356264
20000,0.43748103939921906
20000,0.5557056926966139
20000,0.5746112048234672
20000,0.5837606605881418
20000,0.5208751067718048
20000,0.5935621417501498
20000,0.5083112467070017
20000,0.5676121418499203
20000,0.40861595066338186
20000,0.563106635708845
20000,0.4187382568413708
20000,0.5175689880586626
20000,0.5268615173605407
20000,0.7862498639909193
20000,0.5274286336132306
20000,0.6486371359273482
20000,0.4583071030364501
20000,0.5058304194383985
20000,0.5713415908126973
20000,0.5611478520775532
20000,0.5372080680826733
20000,0.4396134629771692
20000,0.6177185623703771
20000,0.4759624950175293
20000,0.4674972292000489
20000,0.47853729996955163
20000,0.6060603198509595
20000,0.7332808695714378
20000,0.5440158988180592
20000,0.4132351591148916
20000,0.6448992350782957
20000,0.5018159499143937
20000,0.6498336163114308
20000,0.4570696166330141
20000,0.6791057346569014
20000,0.47942475055652106
20000,0.4778969039990373
20000,0.5723501857395662
20000,0.4958515391691462
20000,0.5678072159129787
20000,0.5208559250366306
20000,0.5366812871635221
20000,0.44239623929497285
20000,0.5680315397902319
20000,0.6460770339731117
20000,0.6238228594444195
20000,0.42796941299832086
20000,0.41272584239769816
20000,0.5323635877544193
20000,0.5670145290981444
20000,0.5452689728394173
20000,0.4166583783352173
20000,0.824912604051632
20000,0.5044701716515406
20000,0.47165649291956346
20000,0.38833029596383567
20000,0.46436065225164147
20000,0.4213732686145115
20000,0.5219079952071736
20000,0.4252216522599195
20000,0.5061416403661153
20000,0.5387590221070108
20000,0.5263823911887389
20000,0.4700070781211134
20000,0.575186313164465
20000,0.41909846829638586
20000,0.5212359994536149
20000,0.6143715134505942
20000,0.8303189182979185
20000,0.5694846150858414
20000,0.4800059411921428
20000,0.6198345756168029
20000,0.45358089735548235
20000,0.38807714351603023
20000,0.6268408460669089
20000,0.5205143833561633
20000,0.4916286407860843
20000,0.44655132383897495
20000,0.4996154445908562
20000,0.5412323294504436
20000,0.46167172296297954
20000,0.5244035090907336
20000,0.6227054625521221
20000,0.3887603566246607
20000,0.4935335154797208
20000,0.4581639589549535
20000,0.5023564395173417
20000,0.40885187004406853
20000,0.406157166673884
20000,0.6758290817853816
20000,0.5006927251217445
20000,0.7526981329059147
20000,0.4953945147305329
20000,0.5336514325305671
20000,0.8010787862541571
20000,0.5779007344431238
20000,0.4658537929145034
20000,0.4252111806244765
20000,0.44367699085305345
20000,0.5335141664439643
20000,0.5406234138933945
20000,0.45985889138163644
20000,0.49511481920077943
20000,0.6901263344345075
20000,0.4233176603346993
20000,0.4653264792743861
20000,0.48849302452953575
20000,0.5024096405668371
20000,0.5086437016293441
20000,0.48516408936678435
20000,0.46878308494775334
20000,0.6651865411349426
20000,0.5601563081371331
20000,0.4110868147799242
20000,0.538932908310539
20000,0.5904657830616915
20000,0.513678382801795
20000,0.39843315341169855
20000,0.5105583477377645
20000,0.4315574465627241
20000,0.4785792612424806
20000,0.5051454728115876
20000,0.41211831156710177
20000,0.4000483211818509
20000,0.4826574785063336
20000,0.4588714441932089
20000,0.504847061025903
20000,0.5547515660727398
20000,0.47767886263868864
20000,0.42993589197053983
20000,0.5192502121256787
20000,0.6173316276720998
20000,0.3954527074533093
20000,0.4581999088400561
20000,0.62861449597436
20000,0.4870482164034374
20000,0.4321597136669067
20000,0.4033499689969364
20000,0.45794070520544766
20000,0.5742057051034831
20000,0.4205453621907014
20000,0.41864798931326225
20000,0.5202821336796813
20000,0.8145087418025027
20000,0.7400241883223276
20000,0.5235673514316557
20000,0.5865965801020286
20000,0.6488903526581907
20000,0.5137730959218653
20000,0.47271364340739946
20000,0.5762981633935333
20000,0.4838038571749927
20000,0.49360840808802486
20000,0.5865502730668343
20000,0.6501174057190663
20000,0.43090904373095557
20000,0.4471341512085784
20000,0.4515867577287642
20000,0.4863999488422154
20000,0.5109904314144409
20000,0.5516093167963901
20000,0.5303467740903584
20000,0.4898740681174207
20000,0.4302656670266982
20000,0.4480311234289311
20000,0.5341561885117904
20000,0.6135132671722655
20000,0.580287083308883
20000,0.4315508634426128
20000,0.5328009531995738
20000,0.5878987499295272
20000,0.44503643426802114
20000,0.5299530663500178
20000,0.5290439063746115
20000,0.3937259955584626
20000,0.3979169343628201
20000,0.45596479160625425
20000,0.5311311185756297
20000,0.45748470257964713
20000,0.4312254733390432
20000,0.6214030359850411
20000,0.43189714020199044
20000,0.4731431358749345
20000,0.4945179155512761
20000,0.5347735851673825
20000,0.46626487629392244
20000,0.5191859922904558
20000,0.5621628119817788
20000,0.47342900065466825
20000,0.5628464605708791
20000,0.5200233860323318
20000,0.4002189133464172
20000,0.6933822586390985
20000,0.4376716860007833
20000,0.4332403228585516
20000,0.4329130737213679
20000,0.4771119163630493
20000,0.4086508883952239
20000,0.6136438410287034
20000,0.5100846981439227
20000,0.49592823719496976
20000,0.5555111390081086
20000,0.43799209721008725
20000,0.6229604136699324
20000,0.6064121868282654
20000,0.5271134066017048
20000,0.568780356599879
20000,0.4844577784760943
20000,0.5291202062500138
20000,0.5886321634790682
20000,0.5090061335105676
20000,0.44192262397452986
20000,0.5741174744301535
20000,0.5357867209563374
20000,0.3814631585294223
20000,0.4257743364664609
20000,0.5108212591089041
20000,0.5225758365145041
20000,0.49351856016629403
20000,0.5981833967113527
20000,0.5068717944281204
20000,0.4631463315782035
20000,0.5121507630304842
20000,0.7117172042197643
20000,0.4962137407176381
20000,0.5638830503114534
20000,0.44149533513972083
20000,0.46317536394018244
20000,0.48401664771681807
20000,0.5088215297097114
20000,0.4868384017421463
20000,0.658474510043218
20000,0.45914421071514216
20000,0.47914375699760364
20000,0.44212691888779
20000,0.6761699040961893
20000,0.443177896324651
20000,0.46723661421680823
20000,0.546205593694414
20000,0.44877645035682523
20000,0.3977254492492713
20000,0.6153092018650728
20000,0.49614285836053146
20000,0.46359262795361117
20000,0.6365890240241355
20000,0.44197017583839915
20000,0.47413717506911784
20000,0.4777431169171087
20000,0.6158545960677021
20000,0.611759162006032
20000,0.5740341509477946
20000,0.6288527166158355
20000,0.4720077260063685
20000,0.608193818904385
20000,0.41638536503251117
20000,0.6677569370089923
20000,0.4449624905483009
20000,0.48717832444581366
20000,0.5381195296847736
20000,0.5480694174706313
20000,0.4332730280417114
20000,0.5470311072019816
20000,0.5258716147044765
20000,0.41682540654992567
20000,0.532761598611106
20000,0.4368356074702787
20000,0.5060747301740312
20000,0.41862752895870786
20000,0.5388142374080636
20000,0.4095837761996779
20000,0.40047435196104153
20000,0.4163453267905628
20000,0.47594295497806055
20000,0.5917984124203732
20000,0.39081174435888133
20000,0.5168539108676662
20000,0.4905008650553451
20000,0.3823424347535999
20000,0.6744395855513935
20000,0.4799372112671453
20000,0.5723737130587969
20000,0.47577612414559933
20000,0.4876345346959077
20000,0.5395263857884413
20000,0.6160210475728706
20000,0.5877593635192541
20000,0.4377860303445063
20000,0.4667203844690757
20000,0.4860016034048155
20000,0.5482402536286096
20000,0.4564126206493981
20000,0.4293551148233601
20000,0.4210357316846103
20000,0.4515592016734724
20000,0.5869329175509259
20000,0.5689753418036426
20000,0.46516815117990534
20000,0.46059923137737546
20000,0.45959857640130375
20000,0.50926438294599
20000,0.5111556746696483
20000,0.5587985071869077
20000,0.5311492379342088
20000,0.41693500357111524
20000,0.5059733852404371
20000,0.4738723101622019
20000,0.4124330532341759
20000,0.4406639698624764
20000,0.5232401359927746
20000,0.5345678173201189
20000,0.6159636242390828
20000,0.5391208091902729
20000,0.43237027657724897
20000,0.5366926352699453
20000,0.6759259041531706
20000,0.47962468754859505
20000,0.5344459328894745
20000,0.5319205829510953
20000,0.4409489073225692
20000,0.46628387799553805
20000,0.45236867879450077
20000,0.5031349254340858
20000,0.6389497199292523
20000,0.46785651045380827
20000,0.4709416608435295
20000,0.40895243426920047
20000,0.5016944344850133
20000,0.52418195291566
20000,0.4636501130364373
20000,0.5997318649464676
20000,0.6062387537395878
20000,0.5283376527973854
20000,0.6071162464913046
20000,0.48329441960249264
20000,0.47111027904108976
20000,0.5666922965878531
20000,0.4769281541876565
20000,0.5141925517291898
20000,0.4778620254728163
20000,0.48125437803343
20000,0.6331905325574547
20000,0.44363627026611313
20000,0.5722583629507152
20000,0.5036292601782051
20000,0.44122874961069813
20000,0.419494794025235
20000,0.6575595240517647
20000,0.5772120644809252
20000,0.46155411049353234
20000,0.6403731512587004
20000,0.502832857956855
20000,0.4127303030650094
20000,0.4795559694200643
20000,0.4925697386011736
20000,0.5270080669768566
20000,0.4224697932427043
20000,0.5588973386199871
20000,0.42523069172669725
20000,0.5941540814708482
20000,0.5173498110684667
20000,0.5486878368800622
20000,0.4373454868704897
20000,0.4204384931440551
20000,0.6624676116942202
20000,0.5306503328380019
20000,0.5405958168471497
20000,0.43759032571403356
20000,0.47452390071673
20000,0.5591880864478713
20000,0.4741691016317893
20000,0.4641431457900104
20000,0.47894600458509295
20000,0.38281515191792165
20000,0.4196723814041352
20000,0.43094045380108764
20000,0.4913108003126244
20000,0.4997177426878486
20000,0.6754637501720218
20000,0.5429960841795116
20000,0.4106163690122552
20000,0.5490261452037702
20000,0.5166782472991646
20000,0.5806091438736094
20000,0.5904251918472804
20000,0.5957422706645865
20000,0.5312092299273481
20000,0.5677007210360459
20000,0.6180865287493992
20000,0.4928127966292361
20000,0.42380437127225823
20000,0.5130426423078935
20000,0.5799696859772423
20000,0.5661906765525117
20000,0.4444821579646422
20000,0.598927611548402
20000,0.46137010872404033
20000,0.7967305524188874
20000,0.6113642641467762
20000,0.4219765937266819
20000,0.5182103521643708
20000,0.6655764638479571
20000,0.4671330807727788
20000,0.46262806956327257
20000,0.4383658790328238
20000,0.6547547092655357
20000,0.463461044913841
20000,0.5354984921932067
20000,0.5913869008471848
20000,0.601522610853997
20000,0.5727678378629684
20000,0.43385672041085327
20000,0.40491010598643273
20000,0.4527905873723061
20000,0.5146583723697479
20000,0.4485840845462813
20000,0.6354836031072748
20000,0.5180893360662053
20000,0.5677342082352466
20000,0.5238479734721483
20000,0.3977285358875297
20000,0.4205670997967331
20000,0.5338853869362149
20000,0.49424970607025925
20000,0.5529746657397931
20000,0.6068118066067968
20000,0.44167214612038147
20000,0.6642311829304262
20000,0.4776375929223199
20000,0.6306076586398638
20000,0.49702084727898416
20000,0.6096544021110185
20000,0.49451594258569914
20000,0.5385429286651227
20000,0.5142539147067989
20000,0.49814624449848616
20000,0.5583410800413878
20000,0.5291437308726228
20000,0.609691245758905
20000,0.6321609994939867
20000,0.6201621673042884
20000,0.5512908053296172
20000,0.6250112981838628
20000,0.5156708662817376
20000,0.48867688528988645
20000,0.6554643389046374
20000,0.5234059880782507
20000,0.5213278558626996
20000,0.41966682296952096
20000,0.6393728840840536
20000,0.48155892151874885
20000,0.5286560915422637
20000,0.4607456405609229
20000,0.47640173793102314
20000,0.47514979591010675
20000,0.4916793386685658
20000,0.4872659340510826
20000,0.41732107278977304
20000,0.4388119059594109
20000,0.41418359824956485
20000,0.6747507845352853
20000,0.6601472354766081
20000,0.46022257235474506
20000,0.5028681991699855
20000,0.491879757592286
20000,0.5645723090247532
20000,0.49134138220910417
20000,0.4293273128138415
20000,0.6387904546749795
20000,0.7102748805116919
20000,0.4790021696723163
20000,0.583336121393248
20000,0.44327887175221947
20000,0.5491267519344044
20000,0.4188629978439774
20000,0.5100216924712326
20000,0.4720975957820305
20000,0.5681834120355307
20000,0.46824272755541524
20000,0.4190498094904448
20000,0.47237004515219405
20000,0.5274407925907031
20000,0.5532079770263745
20000,0.416712844734351
20000,0.4760810712501418
20000,0.4448007943459593
20000,0.4062592107748488
20000,0.45892581171897046
20000,0.6276791557710305
20000,0.6380508381167457
20000,0.6925474535283042
20000,0.4044575106072127
20000,0.5491194318224284
20000,0.5042556286436215
20000,0.4134975573266872
20000,0.5450670162461041
20000,0.424445205890894
20000,0.608944030118848
20000,0.48039433619372196
20000,0.435253904875961
20000,0.5063983706532158
20000,0.5775372339192941
20000,0.3986537987412379
20000,0.5111070302978673
20000,0.5313968950297816
20000,0.7708700139939025
20000,0.4716409537496245
20000,0.40109828975513806
20000,0.468506506405588
20000,0.47259746726514
20000,0.7234097132382381
20000,0.6007440720705771
20000,0.6593682348818172
20000,0.48561724357853303
20000,0.4612711513917417
20000,0.5232230320498444
20000,0.5215894269801415
20000,0.4058696471958479
20000,0.5378232336180064
20000,0.5198539657818113
20000,0.5999528450957786
20000,0.4776714175876729
20000,0.4679462548483627
20000,0.5073036380650197
20000,0.5899706371000704
20000,0.3835133127651884
20000,0.3900348692913954
20000,0.43268725954857373
20000,0.5238449143395245
20000,0.4300103639321084
20000,0.5659467027504979
20000,0.5425896546131811
20000,0.5270465416687294
20000,0.4993739049541227
20000,0.4983400083990821
20000,0.4276823954031371
20000,0.5647646546987534
20000,0.5936887081871227
20000,0.5031906672835563
20000,0.6155914311369554
20000,0.5045939574862278
20000,0.49936014374624055
20000,0.6519501905445748
20000,0.48302637781342234
20000,0.5645387980942943
20000,0.556013935367951
20000,0.4866676352949923
20000,0.39916097612272583
20000,0.46113679990871115
20000,0.6192347618401166
20000,0.5478681338469166
20000,0.44977989271747304
20000,0.7444693807602929
20000,0.6276838063904872
20000,0.5498639061323037
20000,0.5651694872891165
20000,0.49109484519306335
20000,0.4277294689430082
20000,0.4588614396798771
20000,0.5188125710196118
20000,0.5462928645344626
20000,0.43908240737493964
20000,0.4273482735161486
20000,0.656720760269509
20000,0.5376723154981865
20000,0.5064022401110296
20000,0.5300456224834038
20000,0.6801542261268133
20000,0.7736907182672155
20000,0.5315660673416945
20000,0.6104579822462043
20000,0.7786961029170635
20000,0.6794966223435613
20000,0.7794308916615899
20000,0.5717358682362796
20000,0.41764760346089996
20000,0.4292225592348762
20000,0.4282280061131841
20000,0.42515975879606777
20000,0.6135524608643229
20000,0.618893531270534
20000,0.42686469288968915
20000,0.6039240962333118
20000,0.5688146509007608
20000,0.4263623982091054
20000,0.6148904019499327
20000,0.4833249769352541
20000,0.4860370670300012
20000,0.40700358327905095
20000,0.4119820980532908
20000,0.5118942750696728
20000,0.5951475843857025
20000,0.5489772497069964
20000,0.5291606692923715
20000,0.7025228838549185
20000,0.49510597864901995
20000,0.5361926804394596
20000,0.46514757788627603
20000,0.5173247348052973
20000,0.5869523742650068
20000,0.413150024013042
20000,0.5947813243033686
20000,0.4395734594701724
20000,0.6939113743552736
20000,0.4258379778745779
20000,0.5354580246947014
20000,0.674309175022025
20000,0.6057682964122001
20000,0.38710006946541786
20000,0.5398021466901644
20000,0.4202569551569215
20000,0.40616462378072965
20000,0.612237090722223
20000,0.722942560716799
20000,0.40911186024362584
20000,0.48463906711366894
20000,0.4279402845108608
20000,0.4796449427139898
20000,0.4152274851142025
20000,0.424215078871025
20000,0.4983477937892895
20000,0.5329298634032946
20000,0.559135352403011
20000,0.5202997001561857
20000,0.44168682543235444
20000,0.5405505368968113
20000,0.6581853682174632
20000,0.46706323720403975
20000,0.5858504522525154
20000,0.6221215838259584
20000,0.5085412393243011
20000,0.4319968971367255
20000,0.48431347294505894
20000,0.45961397848430774
20000,0.43206296650992193
20000,0.3953164390765443
20000,0.48455935785359905
20000,0.49679833426280323
20000,0.4081480217034418
20000,0.5010107518821224
20000,0.4312817839867301
20000,0.5112151187693892
20000,0.4982760407609982
20000,0.47643668564231056
20000,0.38746691174757886
20000,0.5636298234778305
20000,0.45190288856892213
20000,0.5101445190190317
20000,0.5692671501086196
20000,0.5778729212632855
20000,0.4790338062591678
20000,0.4520643496389141
20000,0.4622402707560128
20000,0.6479402360941748
20000,0.409025539985301
20000,0.5527309785480258
20000,0.5110267036525475
20000,0.45962613928369855
20000,0.4579782200361322
20000,0.5328627805314431
20000,0.49874098585133964
20000,0.48742408798695785
20000,0.42085416259371045
20000,0.5082812365416718
20000,0.6395681800338465
20000,0.5228499729094236
20000,0.5338500601391187
20000,0.4957004349767771
20000,0.5624805795432187
20000,0.44252088969707354
20000,0.4615456203088445
20000,0.44450462853560796
20000,0.4477905421425192
20000,0.5723865147095564
20000,0.4496860928349974
20000,0.5783774011984517
20000,0.5550919860289749
20000,0.5441881038922828
20000,0.45854292672283115
20000,0.4167029412002798
20000,0.47192333609978643
20000,0.5454837133256624
20000,0.5589958407522193
20000,0.5449643730453162
20000,0.5216539603209435
20000,0.4194870809195394
20000,0.5151165912202195
20000,0.4416043575163514
20000,0.6059933487686697
20000,0.4537356590526421
20000,0.43454426907332777
20000,0.6214296892355932
20000,0.7486754054464455
20000,0.6157445765764306
20000,0.5069439893908398
20000,0.5951644747198693
20000,0.4367779183690634
20000,0.5521816279924762
20000,0.5534181241758067
20000,0.6096727184384011
20000,0.5986819401444443
20000,0.5441728279619719
20000,0.5537871206150522
20000,0.5261335876130445
20000,0.49771744001847346
20000,0.41121041283109727
20000,0.6431636836396454
20000,0.6202955003032684
20000,0.5081605218267443
20000,0.6251697397873287
20000,0.5029246966972798
20000,0.4753872449346789
20000,0.7772693003379809
20000,0.6674335649240919
20000,0.4083564194699612
20000,0.46698257892005957
20000,0.5383541489593844
20000,0.572746109028149
20000,0.5537786400428992
20000,0.4895460780448429
20000,0.4731065830939582
20000,0.5556897672962371
20000,0.6834653863252358
20000,0.7281699094480155
20000,0.7003285553869613
20000,0.4184601423991609
20000,0.46828902812221085
20000,0.5512166736345865
20000,0.5087854475461772
20000,0.4719784640069482
20000,0.5057318901788498
20000,0.7031109959129284
20000,0.6409960679238321
20000,0.536834559059181
20000,0.4753145078839492
20000,0.4599010006348309
20000,0.42143896930728375
20000,0.5598867774750986
20000,0.4567843018201677
20000,0.49364151384384003
20000,0.5265672827643596
20000,0.6982641273439996
20000,0.43452826659920907
20000,0.5524830567384561
20000,0.4617372417005926
20000,0.43123021987260823
20000,0.4852198446472982
20000,0.5866720190432905
20000,0.5326222821307685
20000,0.4859199565324008
20000,0.7291761483074146
20000,0.44257506448851053
20000,0.4772418765735021
20000,0.4714296959458852
20000,0.4432254591211311
20000,0.6610233082846843
20000,0.601411650514273
20000,0.7667236512338036
20000,0.42902410450307454
20000,0.5272393379786405
20000,0.6758395970127135
20000,0.4763006376973588
20000,0.4061159562841635
20000,0.5885695108277597
20000,0.5372536507773578
20000,0.5917094690740266
20000,0.6156255378108125
20000,0.4876249699014455
20000,0.508633388942207
20000,0.4623620372848438
20000,0.40632274463921314
20000,0.3836865042871176
20000,0.45753832996266103
20000,0.43808040994034275
20000,0.5527970179405063
20000,0.4971933485910714
20000,0.4899220456264177
20000,0.4135588147016358
20000,0.509384599414346
20000,0.5896743186965877
20000,0.5985830936789346
20000,0.6531539953599871
20000,0.6779503171821268
20000,0.7984127890376413
20000,0.5327952344772828
20000,0.4629581473619221
20000,0.4750055223428162
20000,0.5618421079726235
20000,0.5124685616814574
20000,0.43133811529499644
20000,0.5236319654736524
20000,0.5599454245125289
20000,0.6253282605370833
20000,0.38123808359864714
20000,0.4743688734665125
20000,0.4607353998193707
20000,0.4801008163356621
20000,0.43073241987756805
20000,0.549610399831955
20000,0.4194856524976553
20000,0.7131732399844778
20000,0.509000502093021
20000,0.5929992523923567
20000,0.3925624424081302
20000,0.5828661324658173
20000,0.49695098697428247
20000,0.3912474241513103
20000,0.4858567389928485
20000,0.4682569524099005
20000,0.7595162503142352
20000,0.49625582886220815
20000,0.4178988375645638
20000,0.5290830337773399
20000,0.5605517581876369
20000,0.4946067781605697
20000,0.6189676333967796
20000,0.48596023680242284
20000,0.48136872777686474
20000,0.6068373537064528
20000,0.42839245759534217
20000,0.6477091443891735
20000,0.5035810718178503
20000,0.5466210351184231
20000,0.4343301256024074
20000,0.7461465879859042
20000,0.5165035574295894
20000,0.6058651572868065
20000,0.5915250179791696
20000,0.5310917370200027
20000,0.5117193190537013
20000,0.5328509257275674
20000,0.5344714519328999
20000,0.4232948545280143
20000,0.5951967048058989
20000,0.6522799116284848
20000,0.4308626513301274
20000,0.48848864181556895
20000,0.51215694041642
20000,0.4763491763877461
20000,0.4848038711192546
20000,0.4568313644212305
20000,0.48528974502886524
20000,0.6839356580419114
20000,0.5265454092336411
20000,0.5756808826221838
20000,0.6089048774420631
20000,0.62061417775317
20000,0.6154821347415532
20000,0.5115181490464709
20000,0.5380640615613889
20000,0.42863134812679693
20000,0.5375405765625401
20000,0.41705124482768335
20000,0.5826074817350224
20000,0.552131144872537
20000,0.4410930442848244
20000,0.5275518262247475
20000,0.5849470616901853
20000,0.625753847406407
20000,0.4915369760809338
20000,0.42996266594451443
20000,0.5504996923708244
20000,0.5903673792810955
20000,0.46930688713613744
20000,0.645756568081899
20000,0.49093488847326894
20000,0.4841469493681233
20000,0.48771728687689897
20000,0.6369444789295925
20000,0.5203266663408869
20000,0.5300521252921404
20000,0.589382379251599
20000,0.6446119470991063
20000,0.5760345177953544
20000,0.6054479303808022
20000,0.465851271249946
20000,0.4740209905009971
20000,0.4433562303007251
20000,0.4974928677132683
20000,0.58145953674377
20000,0.5159868877180642
20000,0.43788417232562055
20000,0.48870556800930276
20000,0.4063012266471927
20000,0.4781139506505322
20000,0.5902030225025144
20000,0.4567867470708076
20000,0.6091819288326165
20000,0.6059514399953996
20000,0.626179327882015
20000,0.6116144297223038
20000,0.5035481997707271
20000,0.46750695321421504
20000,0.6140737125927198
20000,0.6549546859332506
20000,0.5310306562897033
20000,0.623632938714798
20000,0.5590406021339024
20000,0.6039383364343474
20000,0.478387037007561
20000,0.5219395803943345
20000,0.4029128438132343
20000,0.4002439565985637
20000,0.5840012196068779
20000,0.4340241980607855
20000,0.6569087767063421
20000,0.4382739347583721
20000,0.5165558645726029
20000,0.5474201161480661
20000,0.4698072610629516
20000,0.5469535253310178
20000,0.532867869841692
20000,0.5498639093383387
20000,0.5254479344373574
20000,0.6139226308722011
20000,0.4880355141107225
20000,0.5060926109614139
20000,0.5271101796665714
20000,0.6903244375251686
20000,0.4763026009154891
20000,0.45012147990424284
20000,0.7064439435101333
20000,0.4583368643601233
20000,0.47920490172016966
20000,0.5576578449615622
20000,0.4188944862082992
20000,0.39266263203032303
20000,0.43186318212160224
20000,0.5508587884437368
20000,0.5037237302817528
20000,0.5099071577416162
20000,0.477462370446498
20000,0.7832547604360124
20000,0.6507613204171963
20000,0.5258856449972074
20000,0.6203963576850892
20000,0.49987712292889935
20000,0.4768581935640648
20000,0.5387898861851178
20000,0.4258599543739912
20000,0.6191127417678904
20000,0.6316408909084755
20000,0.40066314243712753
20000,0.519022607224193
20000,0.614726967730662
20000,0.40844570343491393
20000,0.5192967278612337
20000,0.5277518035837515
20000,0.5341775964116572
20000,0.47968017868105806
20000,0.5533394923026889
20000,0.39945078075780804
20000,0.8010993450951341
20000,0.4824557863372516
20000,0.4497294964853401
20000,0.5058635891187696
20000,0.48987050255561476
20000,0.42319212509513643
20000,0.5278927074174553
20000,0.5159190346821971
20000,0.4303561846583775
20000,0.5749566169423034
20000,0.6028672572657507
20000,0.47616296005047676
20000,0.6791440707311343
20000,0.42285991127157263
20000,0.47490342039824496
20000,0.6902296855854948
20000,0.4782540737071201
20000,0.4894694570052923
20000,0.6265580997656582
20000,0.4768644512991651
20000,0.6911734986850053
20000,0.5741738299890486
20000,0.5488381533041423
20000,0.46625859744445486
20000,0.6072135076704064
20000,0.47991814501486485
20000,0.4009948974842936
20000,0.4853075183414391
20000,0.4405422522003206
20000,0.6477784944541528
20000,0.5457579813674978
20000,0.5203258040154936
20000,0.38313914402119487
20000,0.7561817183011138
20000,0.6865351848300383
20000,0.5022915462333439
20000,0.5518929955871168
20000,0.5247819806489861
20000,0.610991290516362
20000,0.47084283577705266
20000,0.5219151819784039
20000,0.43213090296610457
20000,0.5085997872227211
20000,0.4408482431568566
20000,0.43021563891332076
20000,0.514802576024508
20000,0.5244661529292055
20000,0.5152383131881711
20000,0.6083012273990086
20000,0.6159863595667759
20000,0.4613148540181677
20000,0.47481086439540043
20000,0.42246151713076746
20000,0.5121567346562024
20000,0.5110393983830682
20000,0.5538715204379067
20000,0.4581775086271009
20000,0.5734263206238072
20000,0.5362204300097466
20000,0.426959959937766
20000,0.5596929850445894
20000,0.49228565654092277
20000,0.5162756681777202
20000,0.6458254217120483
20000,0.4918311279213425
20000,0.4040494486155801
20000,0.4464047191990076
20000,0.5266974812300272
20000,0.5791257245383161
20000,0.5417944634139258
20000,0.4155200648425163
20000,0.5609428940822372
20000,0.7451217408039472
20000,0.4933348653429952
20000,0.43780830718602887
20000,0.4880763154194518
20000,0.3951907531641017
20000,0.5118762324686122
20000,0.4845177846731237
20000,0.5689252704704987
20000,0.4308446594563543
20000,0.5093247856760135
20000,0.4250230918523147
20000,0.48703706489063114
20000,0.39878081364794304
20000,0.5215438938767815
20000,0.5253022126639657
20000,0.4994753864202525
20000,0.5086044781674313
20000,0.5256563867793667
20000,0.5621325568032223
20000,0.4005312884232096
20000,0.47252002589185044
20000,0.529072364627585
20000,0.5170575996820508
20000,0.6271189688765818
20000,0.6280967811963619
20000,0.5291323921035154
20000,0.5084437645166389
20000,0.5678878105212003
20000,0.5184462514781589
20000,0.5064411189316448
20000,0.43804415230060467
20000,0.6712058428777173
20000,0.4762317648483945
20000,0.5208808514111622
20000,0.633055960480208
20000,0.5282301082042395
20000,0.47602885420697677
20000,0.47871232407866776
20000,0.5508904178048603
20000,0.513217300829686
20000,0.5204583300005206
20000,0.4138854967009647
20000,0.5482797033982846
20000,0.38018801402473335
20000,0.42677571349995563
20000,0.5044460705257697
20000,0.7902057037392771
20000,0.5050562614253629
20000,0.6080762821262621
20000,0.4319868091444407
20000,0.44200616739582743
20000,0.45361473323670604
20000,0.5513145946805335
20000,0.5100634150803266
20000,0.40893630913387957
20000,0.5025260935700693
20000,0.5880595493566395
20000,0.48535620419427705
20000,0.4266858837972444
20000,0.4524061353485842
20000,0.3923741555780169
20000,0.6031085660525324
20000,0.5957952836622481
20000,0.4205084569811026
20000,0.5851827819446556
20000,0.49193359698652406
20000,0.5806639442912274
20000,0.58220487921168
20000,0.46956849396553046
20000,0.6628261295495442
20000,0.6493335662096965
20000,0.4950916815275973
20000,0.5811539796508848
20000,0.4749300216007682
20000,0.6454489888507476
20000,0.5098861706369304
20000,0.6254675509026898
20000,0.44767308640922615
20000,0.5632859916968893
20000,0.5683698715315582
20000,0.4318549900069165
20000,0.49971982803470605
20000,0.5799024766789778
20000,0.4243281578255953
20000,0.716160046922938
20000,0.6184453473971664
20000,0.4387254314895953
20000,0.47516877220291404
20000,0.575899104660316
20000,0.469754616441957
20000,0.47948250486938876
20000,0.4535979518986904
20000,0.5380772406044801
20000,0.43261479827507165
20000,0.5103081042689231
20000,0.5875285278762425
20000,0.40573283952648714
20000,0.4294828440842984
20000,0.5480294053903434
20000,0.5659819793418527
20000,0.5086090043479173
20000,0.5392543804816602
20000,0.5571530634173828
20000,0.6575658598997218
20000,0.5111315205583212
20000,0.487391812941709
20000,0.5293460336558536
20000,0.4125540544262763
20000,0.6361499386525823
20000,0.4345741367831318
20000,0.5291769988349808
20000,0.4691904332658259
20000,0.4186409110335662
20000,0.5304820490753879
20000,0.5149918316982375
20000,0.5058091486413556
20000,0.42239822352453243
20000,0.4298533746938337
20000,0.40098673876003543
20000,0.563934386105431
20000,0.5207578767413142
20000,0.5258077114544539
20000,0.4747195538127418
20000,0.41740616231277106
20000,0.5925444540340291
20000,0.55051364956237
20000,0.5099702885503451
20000,0.4591413462145754
20000,0.6179444487716388
20000,0.6162099902350023
20000,0.5269805842150452
20000,0.6528116762819601
20000,0.5318456729633073
20000,0.47556125042880076
20000,0.4732120276477585
20000,0.6349087842684378
20000,0.5229521229949151
20000,0.5035082005258402
20000,0.4799410490383458
20000,0.7549878795540128
20000,0.5054692239156018
20000,0.5692456096442436
20000,0.6024906430678336
20000,0.5186020098081265
20000,0.5043043537473582
20000,0.44269251849617475
20000,0.6042109037893029
20000,0.6259015522546506
20000,0.6089000923444271
20000,0.5092528427114477
20000,0.5043727379847702
20000,0.45158664101922114
20000,0.4255051774093463
20000,0.5437794995883408
20000,0.3986062963583942
20000,0.651790022371259
20000,0.48968268084763794
20000,0.5292277453238633
20000,0.4318054583468072
20000,0.44196633026675336
20000,0.4007889433202204
20000,0.5132195025637023
20000,0.4585585802885671
20000,0.4566538599700128
20000,0.42490456392729736
20000,0.4576818647971307
20000,0.5435224171401167
20000,0.5619465964342293
20000,0.4131283708974986
20000,0.6340846326897255
20000,0.4255333476782685
20000,0.5294251181710625
20000,0.4298286856705447
20000,0.5007167268132896
20000,0.44010693881145263
20000,0.5007334179866194
20000,0.6546999230503779
20000,0.5658825441973977
20000,0.5528651545173021
20000,0.4659824778632185
20000,0.5282927093731417
20000,0.4209598553326419
20000,0.5930922537286328
20000,0.43866755109020433
20000,0.45009049827169956
20000,0.8025988737498628
20000,0.4819998684713932
20000,0.47421113428539385
20000,0.6165228725345584
20000,0.5213577530489925
20000,0.48999965785600363
20000,0.5342264804730188
20000,0.6346097196765246
20000,0.6193323962326485
20000,0.48761804490665916
20000,0.6426519182632686
20000,0.44003055024126053
20000,0.48968377451288325
20000,0.5338349684056815
20000,0.47523540741795356
20000,0.6770311407177577
20000,0.6100321454059562
20000,0.5697372029725439
20000,0.42412311966516575
20000,0.46664582920342584
20000,0.6106679640673075
20000,0.48649938630030587
20000,0.44893224983751856
20000,0.4383173163248725
20000,0.4846349973181955
20000,0.5547696613871784
20000,0.6275352794678405
20000,0.45570470508096006
20000,0.4164326599830716
20000,0.5096167386540027
20000,0.5597085179010487
20000,0.590309111459846
20000,0.5323864469326652
20000,0.5098670418080713
20000,0.556894870494048
20000,0.4738955180624143
20000,0.561537645181099
20000,0.4095961053988476
20000,0.5423643793274083
20000,0.5464529964416932
20000,0.48582406914067305
20000,0.404359772256538
20000,0.8199839137255502
20000,0.42951182031566437
20000,0.6980715739638698
20000,0.5546505826745675
20000,0.4386406312900431
20000,0.5565359544901668
20000,0.7694846717455619
20000,0.6813066073774484
20000,0.4940652963139008
20000,0.4576168806450662
20000,0.507600924886074
20000,0.5949136474729682
20000,0.6317306685217878
20000,0.5029988773641612
20000,0.47691393390929787
20000,0.6085401445598229
20000,0.5128705735614589
20000,0.5155066539396951
20000,0.5769517129447413
20000,0.48451510112777146
20000,0.565478777122305
20000,0.6001285886596995
20000,0.5468721518145642
20000,0.5717303392412452
20000,0.4025668219972037
20000,0.44316836093679635
20000,0.6306946804354711
20000,0.470685624610693
20000,0.4742571550664872
20000,0.3919487912116019
20000,0.5839193769724342
20000,0.42663251058266305
20000,0.4551178150574515
20000,0.5206896862790581
20000,0.4815636956473296
20000,0.47890565822611325
20000,0.6788634145894281
20000,0.5567049489413637
20000,0.6863890659179792
20000,0.5183049843721844
20000,0.5141089987243428
20000,0.4408526949810223
20000,0.39702646356487054
20000,0.5707658580680299
20000,0.5777964168716151
20000,0.5082305299152886
20000,0.5372552442587277
20000,0.42530702546540644
20000,0.5424514023819973
20000,0.42205557608826144
20000,0.47327753338034306
20000,0.5822328677957791
20000,0.5122399540195733
20000,0.8486181663114966
20000,0.555919850284046
20000,0.4193049877545269
20000,0.6009406025614136
20000,0.5572803536080648
20000,0.5062580640251477
20000,0.49028209133110545
20000,0.5358733348391241
20000,0.4458786206600271
20000,0.42357830884031533
20000,0.5401871297127827
20000,0.5025164165645526
20000,0.44483297636608843
20000,0.6293841521999031
20000,0.5032937300316976
20000,0.47919648794918945
20000,0.4792147045904631
20000,0.6207229274202164
20000,0.4057413152928031
20000,0.6745736261024747
20000,0.5685250000623293
20000,0.4504846084003681
20000,0.6054110421446887
20000,0.43190925217688625
20000,0.46322827268221345
20000,0.6491382614879184
20000,0.5004097265194067
20000,0.5060474529286901
20000,0.48660324387355736
20000,0.45540201083226517
20000,0.43657062500406296
20000,0.6172301537736115
20000,0.45027359219993685
20000,0.4646952316611436
20000,0.45362582731694556
20000,0.4989140160715011
20000,0.7151948829045914
20000,0.4284471318311909
20000,0.8235792457105737
20000,0.6646604936218286
20000,0.4926217460429467
20000,0.51334498029756
20000,0.43174086342902185
20000,0.6326542755002095
20000,0.4764913423939355
20000,0.5524380166859875
20000,0.5444067717101786
20000,0.7277982673210892
20000,0.6418609828607804
20000,0.4872305782209479
20000,0.4654966984748641
20000,0.6002767758655381
20000,0.5109805505321509
20000,0.47209054940109885
20000,0.6119803576153006
20000,0.4965596241406042
20000,0.4756926278559076
20000,0.4475995351082219
20000,0.39884124865453596
20000,0.48651363480085114
20000,0.449738901376074
20000,0.5129171546285951
20000,0.5907763160629148
20000,0.6681525137904947
20000,0.49443783340390757
20000,0.4211130652691196
20000,0.48207329934675375
20000,0.5067077757337962
20000,0.5662219963091434
20000,0.39217806072110056
20000,0.41627899534651697
20000,0.47968222708804625
20000,0.5159446790576585
20000,0.521871189457739
20000,0.5878118059660823
20000,0.6145631446722156
20000,0.41937668092270214
20000,0.692675015503674
20000,0.4291321210887594
20000,0.4631953939641545
20000,0.4966158849251935
20000,0.483926987151442
20000,0.4705497927711126
20000,0.6344323610338403
20000,0.5614879944340132
20000,0.3876009070171343
20000,0.4769142338593963
20000,0.56461514733862
20000,0.6054135634917869
20000,0.7634137990850796
20000,0.4921235636421331
20000,0.6235725340647437
20000,0.642881410236807
20000,0.5008504021136639
20000,0.45463357204782023
20000,0.5668095870383383
20000,0.7840961407192735
20000,0.531981916438908
20000,0.5057930934739384
20000,0.5702287582649523
20000,0.49233677163199785
20000,0.4726202823892166
20000,0.5107001498614203
20000,0.42527844990052005
20000,0.4470470453541903
20000,0.5143929233531093
20000,0.601088017815393
20000,0.4481622387244572
20000,0.5665208475278918
20000,0.43477013180859336
20000,0.39831415440760737
20000,0.48953591226927323
20000,0.4383668317639023
20000,0.4114032255552587
20000,0.5453101494222828
20000,0.5527332298062497
20000,0.5058524179353097
20000,0.5105192239591673
20000,0.49635241277944336
20000,0.46938155750735144
20000,0.44753133907685283
20000,0.4483722127344319
20000,0.5247649127617774
20000,0.6095813165800731
20000,0.4941129021009546
20000,0.5275728816423711
20000,0.4488030353282852
20000,0.6509217646707113
20000,0.7648999920496004
20000,0.43648896180282437
20000,0.4206148245136979
20000,0.6502858687054761
20000,0.48148335065190845
20000,0.47381661363058375
20000,0.628783689504179
20000,0.6192490748728968
20000,0.5053077253458643
20000,0.4100773731170782
20000,0.6168942022528099
20000,0.5518650803007917
20000,0.4988584570719844
20000,0.47744609856755793
20000,0.6329668337000754
20000,0.5899210955354418
20000,0.49621180140417476
20000,0.4548188334314137
20000,0.5876101180187259
20000,0.49369308304512277
20000,0.4245645410226095
20000,0.7326357441570751
20000,0.4126458771903241
20000,0.49220273055930724
20000,0.6781268861924437
20000,0.48329109826724903
20000,0.4282570299537797
20000,0.6165811006789649
20000,0.49230052218801695
20000,0.5751795742586548
20000,0.6073678417443699
20000,0.4309234521485863
20000,0.5379177361658519
20000,0.4996203247143302
20000,0.5828408745293518
20000,0.48564516579570194
20000,0.4707200280631276
20000,0.6593560525375913
20000,0.5464430338844313
20000,0.46906858229370413
20000,0.5084246894276095
20000,0.6120856428174952
20000,0.4830010164296781
20000,0.45196057819004
20000,0.49272694945583867
20000,0.42481734037833985
20000,0.6221063053170899
20000,0.5106916885061007
20000,0.4827717949402227
20000,0.4687803184950646
20000,0.5052538560028582
20000,0.4638001754231601
20000,0.43012979871563206
20000,0.539585605921339
20000,0.47519183215258726
20000,0.5145498004757345
20000,0.5250003549536145
20000,0.45548116640129116
20000,0.41715743478118017
20000,0.6746516453345098
20000,0.43106089068218856
20000,0.6050658550255164
20000,0.562439843260328
20000,0.5000320014219342
20000,0.4742003925194299
20000,0.3992832142446384
20000,0.6039703545180273
20000,0.47495655564000366
20000,0.5510967348878336
20000,0.4809021266697754
20000,0.39534779337178233
20000,0.5203653291186155
20000,0.7430643523301542
20000,0.5269734392481001
20000,0.5912982580489018
20000,0.8349260375009943
20000,0.5746193066484039
20000,0.5684319882356937
20000,0.6851856233805834
20000,0.4834814964200734
20000,0.3886856996956203
20000,0.5495193444878275
20000,0.5160738426560705
20000,0.6140236147570803
20000,0.5182485724689693
20000,0.4226646470584845
20000,0.6325972527745694
20000,0.42451499861277797
20000,0.5239066365324859
20000,0.6541516797948961
20000,0.3994890396322836
20000,0.41211173583820937
20000,0.510461935650298
20000,0.43162633797007915
20000,0.4831198201441767
20000,0.5082765324523014
20000,0.503340348377077
20000,0.463625737876885
20000,0.4663510600643996
20000,0.4751644995359208
20000,0.46844660145395567
20000,0.782619877199403
20000,0.5127002631830331
20000,0.45722015928917425
20000,0.5214277978825936
20000,0.4989321775843834
20000,0.43146976983910684
20000,0.5584316184066237
20000,0.566467654122755
20000,0.4235659824922458
20000,0.5558519244732065
20000,0.40268941032904315
20000,0.4315531952645152
20000,0.6144422251280639
20000,0.5180330626646411
20000,0.45776871634867394
20000,0.5288505881174187
20000,0.8537979495376407
20000,0.6733772820418091
20000,0.4890860182380369
20000,0.4819040177992027
20000,0.6012578016424571
20000,0.4036373878624346
20000,0.5699551457851546
20000,0.4155156364403325
20000,0.4103627461990436
20000,0.4298212227205962
20000,0.5608625519004417
20000,0.6230686936894352
20000,0.6159624538773057
20000,0.675050677959772
20000,0.4882423338360002
20000,0.6250092144945035
20000,0.5725969023825782
20000,0.6316488466430894
20000,0.5427010093420616
20000,0.5035940203064364
20000,0.4077499619742227
20000,0.4875153871869161
20000,0.44643422249596204
20000,0.49653593914254796
20000,0.4152415070633115
20000,0.6326051115643934
20000,0.43936341206646295
20000,0.6987758580956313
20000,0.4748753336247936
20000,0.5222797099834575
20000,0.4354095881867624
20000,0.41041777679143693
20000,0.5161636996544613
20000,0.5241366171746167
20000,0.41405657508437965
20000,0.553135647757091
20000,0.5510258458674778
20000,0.4565356440443756
20000,0.6486353963829605
20000,0.582792447567003
20000,0.6543819340088716
20000,0.47062223871503367
20000,0.5043351742893254
20000,0.529958827798458
20000,0.44644342571757334
20000,0.48146677686286
20000,0.4976155854044941
20000,0.5358678036659205
20000,0.712038934250223
20000,0.4634602191712022
20000,0.4754826494992459
20000,0.5144575768436934
20000,0.4913126296037458
20000,0.5728636348252355
20000,0.6916010876770778
20000,0.5867494675669243
20000,0.7859166202269201
20000,0.5560166506853651
20000,0.5620750117173938
20000,0.6340409538190269
20000,0.5363574716576147
20000,0.437744821873577
20000,0.6685571939389003
20000,0.49269174107292346
20000,0.5168034039329109
20000,0.5796249571894384
20000,0.627615694814046
20000,0.42335876326602845
20000,0.3887014178477608
20000,0.48304833967684535
20000,0.5523137015854809
20000,0.5873004246043563
20000,0.5494755601439159
20000,0.4462993058562912
20000,0.4900800947111144
20000,0.4989614861311954
20000,0.5748384631370342
20000,0.5683996731222815
20000,0.4156629575694921
20000,0.5372268803738149
20000,0.5566641412754322
20000,0.48895236137006004
20000,0.4261624102110366
20000,0.49950520881016286
20000,0.49727585219628906
20000,0.47808496004193257
20000,0.502375570909138
20000,0.44894597878854364
20000,0.6937353894533586
20000,0.6702629975631481
20000,0.3917071420300129
20000,0.53216934627219
20000,0.5156497232277947
20000,0.5151255180432959
20000,0.4301251273347221
20000,0.44219494076524585
20000,0.6422757417187399
20000,0.6993844227315923
20000,0.565871318336435
20000,0.5424138139537391
20000,0.7390364263984325
20000,0.6565902656191396
20000,0.5374692700990451
20000,0.5447641390149154
20000,0.43645901684794236
20000,0.5312608062959059
20000,0.4978703851116309
20000,0.47837104414116366
20000,0.6161954692964327
20000,0.4244796519628312
20000,0.49178465292132545
20000,0.5401554998903974
20000,0.6024682427199827
20000,0.4833241558135078
20000,0.5332305660234586
20000,0.49552559350795344
20000,0.5080982851855275
20000,0.45829641726971254
20000,0.43990114658775886
20000,0.4895164605305294
20000,0.5215878054748057
20000,0.5131040839671118
20000,0.3983188346433955
20000,0.6725259810346204
20000,0.5404182180000003
20000,0.49281336482067944
20000,0.5503982839574075
20000,0.7354226618130735
20000,0.4344869702082786
20000,0.5695411820190943
20000,0.5298725387431207
20000,0.6200087742348027
20000,0.5404785311071159
20000,0.6145137499655173
20000,0.44041890026036323
20000,0.6086369045965424
20000,0.5532327255896319
20000,0.4859325220353918
20000,0.7420270584712318
20000,0.40109989214681235
20000,0.48729660218575227
20000,0.649251358966577
20000,0.4831956702469084
20000,0.4668147543799311
20000,0.4962711122654712
20000,0.5246097163147597
20000,0.4128614050493883
20000,0.4158354242955753
20000,0.42336840625767336
20000,0.8068622623163203
20000,0.44511926665567336
20000,0.4877855596309702
20000,0.3943589292139281
20000,0.5086882978956595
20000,0.4915730889313673
20000,0.46944273963631966
20000,0.5956014113749212
20000,0.4351793589997563
20000,0.5019558012828357
20000,0.4630592597178909
20000,0.6613447110024621
20000,0.5066721488001996
20000,0.4868833827337251
20000,0.4049075736132189
20000,0.623662951945514
20000,0.757859055766194
20000,0.5119173177275966
20000,0.41707928254056487
20000,0.5105592668363663
20000,0.5022079291437835
20000,0.4359987414393827
20000,0.4038332920140163
20000,0.5509316889656494
20000,0.43531335782071573
20000,0.6238422128795603
20000,0.3852638132174846
20000,0.46939682648553005
20000,0.623474598451741
20000,0.599896258162182
20000,0.4520334498549148
20000,0.6168488727548369
20000,0.49127559849393443
20000,0.6404925985092043
20000,0.6090413632732306
20000,0.4204874200596785
20000,0.4725779887857844
20000,0.4989642129976179
20000,0.5016055663238388
20000,0.4958466015981025
20000,0.4046977025167595
20000,0.5735041140036541
20000,0.6083778231249215
20000,0.49519969760528826
20000,0.399271493734084
20000,0.5539928522541162
20000,0.5959695088738485
20000,0.4730213400002564
20000,0.6001251065524501
20000,0.6218718027521265
20000,0.43667708421608703
20000,0.4118687644183602
20000,0.42087084000517966
20000,0.3931728332352529
20000,0.5765105583462337
20000,0.5352415335207508
20000,0.810988220116778
20000,0.637989573328387
20000,0.5122859637916969
20000,0.6274533166423877
20000,0.5439308212276849
20000,0.46465702829775285
20000,0.551523265646156
20000,0.503147674235176
20000,0.46246798912353554
20000,0.7076381151886495
20000,0.42079088346875104
20000,0.5139975699516381
20000,0.5404938165454243
20000,0.5431813396636926
20000,0.42888639386692506
20000,0.6118125011413422
20000,0.6060026325752301
20000,0.45741680296717313
20000,0.6384084247426831
20000,0.6338787736181964
20000,0.4504893522579857
20000,0.48871937915831626
20000,0.5589409363631619
20000,0.42467578129798933
20000,0.6869710776244122
20000,0.5289643644453331
20000,0.5114206481582517
20000,0.42928305312845766
20000,0.4944591960677436
20000,0.46972738226798777
20000,0.47914407509239004
20000,0.45420650306110993
20000,0.4505430073231679
20000,0.5884831516815493
20000,0.6552026970413672
20000,0.4916789748036047
20000,0.6296308200220607
20000,0.489938185519746
20000,0.4032868726204468
20000,0.5727503804997773
20000,0.736692828275222
20000,0.5782997593686072
20000,0.7343791856305985
20000,0.533352094215919
20000,0.46560787234629003
20000,0.4924174293178555
20000,0.4583173309264144
20000,0.5510459533932539
20000,0.5723892186895491
20000,0.49480514031412
20000,0.5087052709629872
20000,0.4980250389699151
20000,0.5709517911622608
20000,0.4162031897175423
20000,0.5402724583693622
20000,0.470048822065393
20000,0.5218788284256773
20000,0.4181535818738485
20000,0.5165458625355414
20000,0.5590943334117946
20000,0.5503554220998914
20000,0.4032330925964755
20000,0.5520139613049361
20000,0.5538395469262091
20000,0.4328418984160652
20000,0.4233710181927605
20000,0.40807282819790147
20000,0.4305225294698927
20000,0.5363301333997424
20000,0.4772366354945347
20000,0.4939047821805894
20000,0.5178487187805517
20000,0.4858921217841412
20000,0.4121375796481497
20000,0.520798887204413
20000,0.4933392802355301
20000,0.47353717207136903
20000,0.576372331410668
20000,0.5135189416403471
20000,0.5355921701810422
20000,0.7017590948274868
20000,0.6147848367095982
20000,0.42517430186812505
20000,0.5296527904331868
20000,0.5133919691279205
20000,0.40898785409046523
20000,0.452317793225938
20000,0.4212461244606372
20000,0.5929748354743773
20000,0.7564288246341675
20000,0.4731494741151566
20000,0.5285159766200851
20000,0.4213211245997804
20000,0.5804105925554178
20000,0.4831447751341147
20000,0.8109383563508109
20000,0.45686750108533675
20000,0.4167644392791025
20000,0.4298036580173554
20000,0.45368258692723634
20000,0.5927895719449359
20000,0.5429848669071659
20000,0.521872249335182
20000,0.4168070876271268
20000,0.5839381766305105
20000,0.5511174437210963
20000,0.4089300734724507
20000,0.4056298696065165
20000,0.5698968394348304
20000,0.5117714349283086
20000,0.44742752437112215
20000,0.6109961097878825
20000,0.6057156549508664
20000,0.4372548657569228
20000,0.6548977743797356
20000,0.41348945675647625
20000,0.5312273904540084
20000,0.4037375773174478
20000,0.5067461069839532
20000,0.5749002313956535
20000,0.7089182356711351
20000,0.47734518491416306
20000,0.7497485236196314
20000,0.5529908160990116
20000,0.3969650039344141
20000,0.39762628694060714
20000,0.5007336002624616
20000,0.4282834847978122
20000,0.5089327078386101
20000,0.7188951751776763
20000,0.4263609115951071
20000,0.4214101240703961
20000,0.47057185966959486
20000,0.45265210414302487
20000,0.4551801166955585
20000,0.629164225824239
20000,0.3997723693055804
20000,0.4308133186096084
20000,0.44999846599045423
20000,0.7457534060978542
20000,0.5441011306979399
20000,0.5121009728249274
20000,0.4446898008587571
20000,0.4452016055512699
20000,0.7140750250748715
20000,0.7419012472016895
20000,0.419252428845585
20000,0.5130046465537466
20000,0.425066986201682
20000,0.48813440635764105
20000,0.4758935993143538
20000,0.5859391278066309
20000,0.4664196501775733
20000,0.5713637552566876
20000,0.4135783532047315
20000,0.5619878526128708
20000,0.5879451074589932
20000,0.518020602737178
20000,0.6030370175302265
20000,0.6925753303972454
20000,0.5848020852469221
20000,0.5834678964672285
20000,0.4730100187635577
20000,0.7276648538429714
20000,0.6095076886316303
20000,0.49829788206797443
20000,0.545796776249631
20000,0.47370853583037464
20000,0.48705806325032813
20000,0.4048138414254141
20000,0.5281023679156546
20000,0.5403458795204749
20000,0.6083194763919679
20000,0.4597208754903305
20000,0.5364498155713007
20000,0.6419493639684393
20000,0.5078081700119664
20000,0.5704397951861091
20000,0.47572549127019925
20000,0.4859006019196291
20000,0.755644931822237
20000,0.42654006130429495
20000,0.5317107807118762
20000,0.5918624276119957
20000,0.4445065136288781
20000,0.5597398740114219
20000,0.5215301858997807
20000,0.47404771828370407
20000,0.6029703473015054
20000,0.6684548328302373
20000,0.6741352061873706
20000,0.5495237447318658
20000,0.4897153176605024
20000,0.5579223864866406
20000,0.5184161851439475
20000,0.6031880056317122
20000,0.4555620395070568
20000,0.49575498038155474
20000,0.4843790954314749
20000,0.4613734905882294
20000,0.5054106539366479
20000,0.4953799415253901
20000,0.534419257854656
20000,0.4994616697927776
20000,0.44153974384534656
20000,0.5989747578900554
20000,0.4512592661386541
20000,0.5811760863278991
20000,0.6745187568686494
20000,0.6204033406055831
20000,0.6431676899823642
20000,0.41812437383504353
20000,0.6327004576422212
20000,0.6200184001805278
20000,0.5325219811934698
20000,0.47420876102623727
20000,0.48911315729689137
20000,0.4355541980572769
20000,0.4715487652968309
20000,0.5045548270017539
20000,0.39484467327410466
20000,0.5615081320166037
20000,0.5543962291490936
20000,0.47704775646922687
20000,0.4965351595758202
20000,0.4556220272791866
20000,0.4366540870691598
20000,0.47562005550631326
20000,0.5195254969695038
20000,0.5746408691915323
20000,0.47244520627683695
20000,0.5089536973377259
20000,0.6183968935410403
20000,0.48589447864602675
20000,0.4834811608731316
20000,0.41779356248082167
20000,0.5463361782706736
20000,0.6551017076785749
20000,0.5930569152983064
20000,0.49687129641329025
20000,0.47884947125380617
20000,0.4666113427540022
20000,0.45366911118962633
20000,0.380067084727621
20000,0.47455664903181927
20000,0.39252370140119963
20000,0.46890217751246216
20000,0.39563444838739403
20000,0.5063200975685878
20000,0.44139725107540045
20000,0.648094811531122
20000,0.4949718588381088
20000,0.6331533389172138
20000,0.48136105491489445
20000,0.4793019389220517
20000,0.8565797696401668
20000,0.5359995573070566
20000,0.429406408885862
20000,0.3909167764659884
20000,0.4825289647260387
20000,0.510197081218733
20000,0.4513144600962169
20000,0.5607574542914153
20000,0.5066091727319997
20000,0.5326442371431647
20000,0.43983851538443836
20000,0.6267913108541373
20000,0.4784259509115337
20000,0.5616982729071065
20000,0.5322807475940489
20000,0.5975941793648093
20000,0.6030229535557018
20000,0.6403823557546131
20000,0.5979733226334718
20000,0.4476851384170261
20000,0.6708230416151287
20000,0.6856449866417115
20000,0.5948469042894771
20000,0.5873864018562239
20000,0.7442112480454202
20000,0.4402227922490665
20000,0.5354702546327131
20000,0.5153943805354397
20000,0.45926561976005703
20000,0.46499888316040705
20000,0.49822767224499515
20000,0.47871612744449044
20000,0.5034578990113325
20000,0.48555243020778427
20000,0.5133007335908158
20000,0.4396808934908761
20000,0.43178282251798
20000,0.5687092870669825
20000,0.5477916808755758
20000,0.5405603560006654
20000,0.558043086703429
20000,0.46083617399579063
20000,0.46116570062697904
20000,0.41394436110654176
20000,0.4731441624284362
20000,0.6447359160169212
20000,0.5376970778569939
20000,0.4022839918633923
20000,0.4323210079263707
20000,0.4875257804900854
20000,0.6439211327326122
20000,0.5374799976862685
20000,0.6174988771900647
20000,0.416623346866819
20000,0.4189431587252194
20000,0.5323953387421102
20000,0.478215035469678
20000,0.4317572017795577
20000,0.7145919648330281
20000,0.48255698403127184
20000,0.49718207989806845
20000,0.6155657463171378
20000,0.48684486054084775
20000,0.7278399801625848
20000,0.4401700879437382
20000,0.4633671297694008
20000,0.6436365282153953
20000,0.5882530597699978
20000,0.4255289049585898
20000,0.560552275683923
20000,0.5243170276231586
20000,0.5161387972449383
20000,0.5121751834626292
20000,0.45698942245158886
20000,0.4812546010192961
20000,0.4505610802080009
20000,0.4403904259160633
20000,0.4071541776804072
20000,0.7653585272209649
20000,0.456395457581143
20000,0.5447610826159145
20000,0.6345572129977433
20000,0.5841341640186761
20000,0.5901174333327951
20000,0.8005022200008333
20000,0.4418871207245916
20000,0.5110735437147291
20000,0.46200361248860533
20000,0.46532281137504294
20000,0.5524060515523159
20000,0.42587402188247075
20000,0.45705374088397216
20000,0.4814541441322176
20000,0.5463161970845544
20000,0.4830564126236311
20000,0.523114334432611
20000,0.43854982449231933
20000,0.6643477260214181
20000,0.4346020238676785
20000,0.44274694042299306
20000,0.474329926482471
20000,0.4610436511901142
20000,0.5693011371246073
20000,0.46995079687482205
20000,0.4679588092958009
20000,0.40019653434662344
20000,0.5043455620873016
20000,0.47372147441201007
20000,0.4835475970578881
20000,0.49267272914106053
20000,0.503704170344929
20000,0.5688392956959598
20000,0.5179085362733699
20000,0.4410891151399203
20000,0.5560332792490299
20000,0.5649653943362803
20000,0.49340059995826
20000,0.4844004495767975
20000,0.402214118788406
20000,0.4746520888503465
20000,0.4115199357846962
20000,0.4875615452077548
20000,0.4874012891971717
20000,0.570204956803376
20000,0.8371251479049826
20000,0.5776647239659243
20000,0.46422899969021836
20000,0.4526418166961475
20000,0.573482360359667
20000,0.5302413853433549
20000,0.4908279366904362
20000,0.6074754190283089
20000,0.6160261895410636
20000,0.4180750415667057
20000,0.5355679093745414
20000,0.5860651916058913
20000,0.6281775196631844
20000,0.4305093435809
20000,0.5615539087928653
20000,0.47598084541199376
20000,0.4569417386096344
20000,0.5330433700266883
20000,0.5230916758596363
20000,0.44193703575907806
20000,0.4778776941395807
20000,0.7854974563961722
20000,0.566467081039968
20000,0.38871149564143664
20000,0.43754322288590713
20000,0.4197400604697071
20000,0.45839953047473886
20000,0.6251323479007207
20000,0.47306126782813596
20000,0.4382341412815707
20000,0.4378553301070278
20000,0.4983843715314101
20000,0.49120834161947485
20000,0.6086556486511249
20000,0.44372781904087416
20000,0.5328010578310933
20000,0.5572476124527077
20000,0.435621287441888
20000,0.45001667204316514
20000,0.7915684306169893
20000,0.3931669823211769
20000,0.5098117246503373
20000,0.5414142283581796
20000,0.6355347766888787
20000,0.6269839571442698
20000,0.5336649545383565
20000,0.4743943309127747
20000,0.42630820709258793
20000,0.5639094693720372
20000,0.4236688180373933
20000,0.6298933929509868
20000,0.5328145733400967
20000,0.4358033149130885
20000,0.43355791953378464
20000,0.5181355297631383
20000,0.5020845129375104
20000,0.5518644722289682
20000,0.41921579271043996
20000,0.5526244542720254
20000,0.5214407288539988
20000,0.5324131199144734
20000,0.44549136539590234
20000,0.5748906533385372
20000,0.4418997510263046
20000,0.5042589824418571
20000,0.5865432660159716
20000,0.5571298500206266
20000,0.588785212603033
20000,0.519660272478641
20000,0.4943869189307881
20000,0.46352900112516554
20000,0.442986084579595
20000,0.3923362557873445
20000,0.4905968689521441
20000,0.4783864379427195
20000,0.4752529233106327
20000,0.5985516139078544
20000,0.4684863419830855
20000,0.5287175594506305
20000,0.5487720320878527
20000,0.42352158102560744
20000,0.5445558079861896
20000,0.5194187269733124
20000,0.5140496691461004
20000,0.5117031479167208
20000,0.43709023319432894
20000,0.5310588994983496
20000,0.5998997231196367
20000,0.4877820623853944
20000,0.4274162694851863
20000,0.5144271816846231
20000,0.6079953638474976
20000,0.6023355537905197
20000,0.4657071543611574
20000,0.5745800795137019
20000,0.5601751568597029
20000,0.6154004628748103
20000,0.5864383327533335
20000,0.47479060460924594
20000,0.47076621377165817
20000,0.45500864038612715
20000,0.40439768051906827
20000,0.5240911928051555
20000,0.492647448127701
20000,0.41993645260930385
20000,0.5074077061651159
20000,0.5285545085951985
20000,0.5472915521714133
20000,0.4486484368913497
20000,0.6063466610727161
20000,0.4986314128777163
20000,0.4461419581346631
20000,0.5182137876406592
20000,0.5030968554473563
20000,0.5212344649210294
20000,0.5602958936365293
20000,0.5368681687095408
20000,0.4346636689234126
20000,0.4052298860968953
20000,0.4524851247899272
20000,0.47330971676476613
20000,0.5005316742274009
20000,0.5424967843492529
20000,0.49115359533268355
20000,0.43741090393563564
20000,0.47483813622599297
20000,0.5023404947880764
20000,0.42168510122293196
20000,0.545507207409007
20000,0.44118465247781524
20000,0.44851840517297803
20000,0.4248151016054214
20000,0.4776279619087127
20000,0.5109044691397233
20000,0.3937837627776972
20000,0.5671603154036946
20000,0.4785120889389376
20000,0.5581739801490295
20000,0.5092434667392283
20000,0.4852985566245613
20000,0.49359571903068455
20000,0.5017582356639214
20000,0.5559571256940032
20000,0.4556758691638347
20000,0.533104695201881
20000,0.3965052783111381
20000,0.5173740642388763
20000,0.7772024725254701
20000,0.5810776308218796
20000,0.6740715611186033
20000,0.5935789957868917
20000,0.5431770082590037
20000,0.4134809921469285
20000,0.5835893179657301
20000,0.7372466111930726
20000,0.7397210809566312
20000,0.6336031368142638
20000,0.5244521986896851
20000,0.6400254095136162
20000,0.4759985199402404
20000,0.7213327528091442
20000,0.44278520010218303
20000,0.4058476023508162
20000,0.693234467192629
20000,0.4367525031542966
20000,0.6289343228916476
20000,0.4200728620205147
20000,0.6703375352792665
20000,0.4780148735741347
20000,0.4038583615658066
20000,0.5811839613404727
20000,0.50608515935579
20000,0.7522545284056856
20000,0.6232118220187917
20000,0.6658408985322481
20000,0.517425158064776
20000,0.3926797993142154
20000,0.5019179349265136
20000,0.5540159702770807
20000,0.5262815694824473
20000,0.5193182491122356
20000,0.6853993071568876
20000,0.43203271688441797
20000,0.44059270151328866
20000,0.5471768501708428
20000,0.5032891363917542
20000,0.43281729473475633
20000,0.43660183126725793
20000,0.48528350555092076
20000,0.4031391809707238
20000,0.514117065228567
20000,0.4191437428528864
20000,0.5057356895287595
20000,0.5441440931632211
20000,0.6294307452611919
20000,0.5252765090012996
20000,0.689911088811714
20000,0.5903080439963037
20000,0.6557002901885474
20000,0.45201493622423855
20000,0.7655523572982568
20000,0.7200272098820678
20000,0.6999192748318223
20000,0.415628719128325
20000,0.5855837079597697
20000,0.38459986765272014
20000,0.49473218859745577
20000,0.6169716954896599
20000,0.4479860628677362
20000,0.5423475288262976
20000,0.8493341399149685
20000,0.5688616489564281
20000,0.4165956681917426
20000,0.6213162214835782
20000,0.4851327549955314
20000,0.47494124822482015
20000,0.5540813426911034
20000,0.4958643249984311
20000,0.5284278486243925
20000,0.6488853692058242
20000,0.5415361934826326
20000,0.44784004212779893
20000,0.5299553447999243
20000,0.4735203767325844
20000,0.5133312853605159
20000,0.4914979479892575
20000,0.6120659197695446
20000,0.5079811747560147
20000,0.4697066560659565
20000,0.42805880836710286
20000,0.4548484802768614
20000,0.4738099122545278
20000,0.5529523775065374
20000,0.6570789649425943
20000,0.4718395587082916
20000,0.5031298626463431
20000,0.6280725225572753
20000,0.4291681549598429
20000,0.5141916812944594
20000,0.4943545754031598
20000,0.5232133453283789
20000,0.7539149114112876
20000,0.49031095221349613
20000,0.5273591161822315
20000,0.47849781890426757
20000,0.48928993561175377
20000,0.6073298030215878
20000,0.47555322741636763
20000,0.6115118419156239
20000,0.62935856583929
20000,0.48177373146037267
20000,0.3994568416682326
20000,0.518222162841376
20000,0.6352326729706458
20000,0.5166468383002084
20000,0.5813045530999492
20000,0.5197199155575866
20000,0.5243445767266706
20000,0.41378533513427823
20000,0.4603552586152967
20000,0.5719696207607502
20000,0.6484914418310609
20000,0.5335225672288504
20000,0.4888755527419377
20000,0.5387898348401574
20000,0.4366152400902778
20000,0.3957227741914051
20000,0.6072443315947493
20000,0.4753747923217129
20000,0.8468244192130351
20000,0.7908441677678313
20000,0.4605871872881481
20000,0.48569577952570914
20000,0.5203859092854622
20000,0.6240347276986107
20000,0.4549843783828371
20000,0.5895765161814177
20000,0.43554878412958287
20000,0.6415379194630076
20000,0.5186608221214087
20000,0.5594511693956498
20000,0.44114050621556616
20000,0.42396667246968855
20000,0.4259181717879631
20000,0.631567994679771
20000,0.5715394402737565
20000,0.5204983682420644
20000,0.45986966379936567
20000,0.5600163214688112
20000,0.5575687420646361
20000,0.6185716731117492
20000,0.49577571969934453
20000,0.5636088915646847
20000,0.467856630469377
20000,0.5957934378181109
20000,0.600417425073732
20000,0.44854544123250173
20000,0.4493918520419568
20000,0.45030789948975325
20000,0.6021175237714256
20000,0.5246817791275292
20000,0.49731563668472445
20000,0.4510815022719736
20000,0.5998213549344698
20000,0.557657717683855
20000,0.42215513384284714
20000,0.5107373034005562
20000,0.5374504655333326
20000,0.4856123477389815
20000,0.5538360496106975
20000,0.6442844565505145
20000,0.43558491572987396
20000,0.44407554673425353
20000,0.4760696059560208
20000,0.48523388636460685
20000,0.4859802755949431
20000,0.545921041494508
20000,0.505100533360584
20000,0.4647498206462878
20000,0.479315815443091
20000,0.4205719153854233
20000,0.41276465615619934
20000,0.5050721591074602
20000,0.44353548936788434
20000,0.5213600546584125
20000,0.4889641329900468
20000,0.586667457547954
20000,0.4765990729030962
20000,0.5384044194355516
20000,0.42039662239340075
20000,0.6441233418781734
20000,0.43473096929226435
20000,0.5372183499622943
20000,0.6666561526110024
20000,0.40646207055807454
20000,0.5744028097957385
20000,0.639357167126545
20000,0.578470281479412
20000,0.6205384135455547
20000,0.6140519316162824
20000,0.5126197469322583
20000,0.4302251069468733
20000,0.43845541203492294
20000,0.6018616692597665
20000,0.639141046190988
20000,0.47891320063554194
20000,0.6304319969242441
20000,0.47585577354740444
20000,0.5083192344297941
20000,0.5127035860139452
20000,0.6861436539693522
20000,0.3851536009733321
20000,0.4194809324023671
20000,0.8072335546685713
20000,0.5409275684628041
20000,0.6415858619236036
20000,0.42332543070204126
20000,0.43108323478239785
20000,0.6301583045295673
20000,0.4707661612019154
20000,0.550353469387392
20000,0.4510963963995219
20000,0.415064704599503
20000,0.44606210135134533
20000,0.5445144473568997
20000,0.6311020776769987
20000,0.5764230560539926
20000,0.5565178845270881
20000,0.5344320373799242
20000,0.4004570261860632
20000,0.5332005039417692
20000,0.5311163404651625
20000,0.5426891316284734
20000,0.538967476610249
20000,0.5125717839738372
20000,0.41247251788777206
20000,0.61980769909486
20000,0.42244743343193397
20000,0.5472809039029176
20000,0.41955454448129603
20000,0.4718632065314201
20000,0.51468367841195
20000,0.5977228129294702
20000,0.4441045355037438
20000,0.3985609014754087
20000,0.5402530940076122
20000,0.4365580884817036
20000,0.5123365599692877
20000,0.5812475206392479
20000,0.6398199681613645
20000,0.6457360371419479
20000,0.4872026400346091
20000,0.40230799238358805
20000,0.6813043601189163
20000,0.4343949823494697
20000,0.5054823663993415
20000,0.5140161578915875
20000,0.5496047301563102
20000,0.4207965700286008
20000,0.5542600246684892
20000,0.5420476649510411
20000,0.5118795464836075
20000,0.4727675285164349
20000,0.6699110693500627
20000,0.5717695405574894
20000,0.4953262204610075
20000,0.5063230920586427
20000,0.5778885303862656
20000,0.5143498670124007
20000,0.6094179446573333
20000,0.5527242654670269
20000,0.6106820084587217
20000,0.4388216558552564
20000,0.6473730336316911
20000,0.4096202541258743
20000,0.7477425878434598
20000,0.5341076712668043
20000,0.4395083060216477
20000,0.5203527427538087
20000,0.5314979966627139
20000,0.5682091034733312
20000,0.6656868283260482
20000,0.4661435343630148
20000,0.6180430457046986
20000,0.44335217834813107
20000,0.43719606815235007
20000,0.43552207003496657
20000,0.5504705801512051
20000,0.44038168095374813
20000,0.43928023082482576
20000,0.4859772239647615
20000,0.7654468257145117
20000,0.3942521279776819
20000,0.48520506638414085
20000,0.6153707564805462
20000,0.5031475628961917
20000,0.5073085933723593
20000,0.6251138011461144
20000,0.5350017870759536
20000,0.4493652139975242
20000,0.6520743454991438
20000,0.7557060838708134
20000,0.467889862675126
20000,0.7026958816552069
20000,0.549679407044894
20000,0.44112512054459607
20000,0.6268748871876588
20000,0.5782435070805615
20000,0.5659180294639822
20000,0.47422253216214355
20000,0.43790035576099934
20000,0.47082859688330664
20000,0.4431953310038824
20000,0.5571971237586612
20000,0.479688978369617
20000,0.4324155417627698
20000,0.557944986287805
20000,0.4729262512021045
20000,0.6167251063346627
20000,0.44282694692388525
20000,0.5034413581210582
20000,0.4660586575006794
20000,0.5201167674135748
20000,0.5530507346476592
20000,0.454014764529103
20000,0.4316617467619175
20000,0.7933948377820481
20000,0.5462611296915617
20000,0.3961326384509225
20000,0.48262247093203237
20000,0.5822280251182305
20000,0.586359351436556
20000,0.7660140333356523
20000,0.45008464666397885
20000,0.7850451099798829
20000,0.5422495839512829
20000,0.5001624243097544
20000,0.6073241453242554
20000,0.5216865550451372
20000,0.6399335252098682
20000,0.4710522753812231
20000,0.4467880241515853
20000,0.684282364945287
20000,0.5518965914173465
20000,0.4738724698995307
20000,0.517370525730283
20000,0.4849529600057764
20000,0.5938441434251622
20000,0.5722968877164719
20000,0.4729186971795843
20000,0.7033503595205787
20000,0.45388582058557203
20000,0.6799906791323579
20000,0.6085529890949001
20000,0.8370102764369949
20000,0.45633984674016453
20000,0.6247550889800554
20000,0.5398286720024864
20000,0.5774372053236623
20000,0.4228469557959846
20000,0.5015729358680455
20000,0.4379812927791624
20000,0.4742677150052223
20000,0.4792154968661584
20000,0.6877108288097361
20000,0.5515219122263314
20000,0.5143579030890792
20000,0.4247096921876318
20000,0.6998424690478374
20000,0.6182750914220572
20000,0.5516204579236014
20000,0.5884475170208935
20000,0.4272371082692673
20000,0.828834435514796
20000,0.38935102683876593
20000,0.47623188513217474
20000,0.49216801693035217
20000,0.4775551981015738
20000,0.422110327579773
20000,0.6766918482092456
20000,0.5377928893934402
20000,0.49110291680291857
20000,0.44009149886351523
20000,0.5064356706751756
20000,0.4107774523747121
20000,0.42763725849815987
20000,0.5093364571211317
20000,0.4136662500818665
20000,0.4680310857665853
20000,0.43608962185496936
20000,0.552007807422565
20000,0.41173917193191384
20000,0.5005191806460036
20000,0.4734579407661303
20000,0.4452727409796343
20000,0.43891305284039095
20000,0.6432831840723141
20000,0.8009652938049527
20000,0.6215397663804558
20000,0.5301561144857365
20000,0.48604947879149524
20000,0.5225785561074785
20000,0.6167888553255275
20000,0.4837183122129946
20000,0.5936325149861575
20000,0.5441575302155836
20000,0.48686219984036816
20000,0.5305289649587722
20000,0.3809643799536124
20000,0.5169794132400927
20000,0.46941546554989727
20000,0.619639839562716
20000,0.5064577310647222
20000,0.488757042001494
20000,0.4674406521090357
20000,0.8369112831842507
20000,0.613350749998455
20000,0.5555386294609859
20000,0.39473585555544694
20000,0.4309417905889558
20000,0.5671884153135751
20000,0.5493453251069165
20000,0.5388286517454254
20000,0.5825549654422012
20000,0.4504176400433751
20000,0.537552354711087
20000,0.41931686461932693
20000,0.4819471098796498
20000,0.48057562972868845
20000,0.6492608204005589
20000,0.5625322813811358
20000,0.43004933101999615
20000,0.5867576784965276
20000,0.5377496260849632
20000,0.4332019711222766
20000,0.6189716042187511
20000,0.6748347284907362
20000,0.6709387042106899
20000,0.5500636416486856
20000,0.3937435301790306
20000,0.5112393297488392
20000,0.42424731326270304
20000,0.5510530413821122
20000,0.4129226398571692
20000,0.5522916548491831
20000,0.5056642994554815
20000,0.780330941709384
20000,0.6581962103093087
20000,0.39420447470701897
20000,0.4176595646242109
20000,0.5110199351505227
20000,0.44488069513973966
20000,0.44002378616810006
20000,0.6116968511818729
20000,0.5935017581062293
20000,0.5558416108531282
20000,0.43247354088570195
20000,0.5329413797473174
20000,0.5653529342276734
20000,0.41568891426270926
20000,0.440334038980582
20000,0.5376906069387746
20000,0.4774088928844218
20000,0.5612031469420123
20000,0.39233112698665046
20000,0.6723565393256444
20000,0.64714382491311
20000,0.49173623945022116
20000,0.5145098078916256
20000,0.5040082716133569
20000,0.6596311752710757
20000,0.5409546047844369
20000,0.5375399616309713
20000,0.5623975784914411
20000,0.38159129243451095
20000,0.43299666405731596
20000,0.42636249266669457
20000,0.5122884645499979
20000,0.4711750005211784
20000,0.43078033950099737
20000,0.5014096566605593
20000,0.5983286532199813
20000,0.843869258360828
20000,0.6151419851150578
20000,0.5385431566117342
20000,0.4259252151190873
20000,0.4929513807752988
20000,0.5097677388446352
20000,0.5784595994723319
20000,0.4802510995206349
20000,0.49309951633981086
20000,0.4499522222021764
20000,0.7671574355838948
20000,0.43081222028619093
20000,0.4124421108035755
20000,0.6066544892796466
20000,0.6052299008970072
20000,0.5956192203710021
20000,0.5444309068275482
20000,0.47407989206302664
20000,0.5290887139074519
20000,0.5656772481287828
20000,0.5005038090336279
20000,0.410407526025471
20000,0.528851667166341
20000,0.5316238642621625
20000,0.4333890635641561
20000,0.5847882393562642
20000,0.585367684138989
20000,0.6623426489597688
20000,0.5943449450342083
20000,0.5490942477243199
20000,0.4221604993968554
20000,0.3955043714152886
20000,0.47976606765344887
20000,0.5767383521780551
20000,0.39287506745990247
20000,0.453153648156861
20000,0.43123079970484346
20000,0.488633756890447
20000,0.4340784237809754
20000,0.4352515894718185
20000,0.628547761445244
20000,0.4488068365771314
20000,0.5495284551208028
20000,0.7367273595473334
20000,0.4835090353376907
20000,0.6406827686645312
20000,0.5617007965673976
20000,0.6016394510367438
20000,0.4578843485371324
20000,0.4497550477125778
20000,0.479417292621027
20000,0.4340418972785056
20000,0.48938795472563357
20000,0.5244729979554146
20000,0.5711229516591996
20000,0.45942451423003144
20000,0.46391717828045587
20000,0.45152104168809126
20000,0.40977519454569
20000,0.4780557005859119
20000,0.46443296174931814
20000,0.5672276846725213
20000,0.6198870116980633
20000,0.48569166225420335
20000,0.5364447536184476
20000,0.41984060809233853
20000,0.4763852250510916
20000,0.4740031428948766
20000,0.6666918855227799
20000,0.5164565084507041
20000,0.4117712393940235
20000,0.5461114164714042
20000,0.5656398896476558
20000,0.6165419128439747
20000,0.6230630406529997
20000,0.5614225713717066
20000,0.45812847041872323
20000,0.6278503455120384
20000,0.5573046581520403
20000,0.47658448751461296
20000,0.5754010685964848
20000,0.5614963766074558
20000,0.47722149467305214
20000,0.43623240826159493
20000,0.43881685911311563
20000,0.6069095009056429
20000,0.46863440066447026
20000,0.6864106528391072
20000,0.39467075728996215
20000,0.5707454755516418
20000,0.6687323776941155
20000,0.429235504641063
20000,0.6744374381675746
20000,0.45084604376964554
20000,0.5361339104731707
20000,0.5689871668922308
20000,0.6976933902996522
20000,0.42042434147925717
20000,0.4687150451458562
20000,0.668709915784538
20000,0.5620437166655896
20000,0.522407010971748
20000,0.6182755301282971
20000,0.5400132289837395
20000,0.5238661336775612
20000,0.42713251354181353
20000,0.4868656782316761
20000,0.48410595255192473
20000,0.5570215744657293
20000,0.4738441647347521
20000,0.4321199752936214
20000,0.6254741533350071
20000,0.49279964836325585
20000,0.5250792684748746
20000,0.43666306911403946
20000,0.5493445012383023
20000,0.5651452523652613
20000,0.4731226010583574
20000,0.4661987739207272
20000,0.4711557431839186
20000,0.6825938034836014
20000,0.504466925899141
20000,0.5630966749757553
20000,0.5802038632036407
20000,0.5754569047217791
20000,0.5896431621616595
20000,0.513069223038629
20000,0.46947118730559895
20000,0.5148618662057325
20000,0.6353720604220657
20000,0.5876103410436564
20000,0.5563919496353921
20000,0.39955431742634173
20000,0.5642433362183308
20000,0.4724932617047237
20000,0.4147897164029693
20000,0.5343895799960375
20000,0.47798837531460553
20000,0.504138850994597
20000,0.5539624240974981
20000,0.4897051614373026
20000,0.4920418336132847
20000,0.5015628395879848
20000,0.490967043310747
20000,0.3942867805185159
20000,0.4621233339102987
20000,0.5485908300112103
20000,0.490775768366919
20000,0.5519592155286009
20000,0.4988428577623233
20000,0.5535677646887032
20000,0.4853160308340457
20000,0.6070202847080256
20000,0.6004865088538062
20000,0.458266589539162
20000,0.5458934998157804
20000,0.4003084991202414
20000,0.410465219530554
20000,0.532754482367096
20000,0.4249876907270879
20000,0.6371249145637409
20000,0.4284289899597506
20000,0.4858203855314299
20000,0.6210367834960457
20000,0.46722425494109787
20000,0.5067072553480684
20000,0.7111093814748858
20000,0.6789498430625582
20000,0.38350771724123606
20000,0.45732061630202003
20000,0.5729613672735426
20000,0.5863069612605045
20000,0.6144018934754168
20000,0.4001835200228787
20000,0.5989005777630034
20000,0.5653458244061021
20000,0.45719222821453825
20000,0.5436199127441383
20000,0.518587207402552
20000,0.5016344782112949
20000,0.38969282414302997
20000,0.6145494125803174
20000,0.5226146631285671
20000,0.4112537739231303
20000,0.5780385300630196
20000,0.48857633730823724
20000,0.5693485940338258
20000,0.730601261230503
20000,0.6799813823231955
20000,0.444357307722891
20000,0.5721289184376999
20000,0.559473549786121
20000,0.5693419705364625
20000,0.5590388383707251
20000,0.6067773160244487
20000,0.6943856114560044
20000,0.48264023734607675
20000,0.5764520749462536
20000,0.5431271828976286
20000,0.5265420497414294
20000,0.52640992454081
20000,0.47149725061261055
20000,0.46837324976093464
20000,0.5383639081495973
20000,0.4035178595176086
20000,0.4529598868119817
20000,0.5002368216570251
20000,0.4494908786974654
20000,0.6372383019201888
20000,0.4889938723211809
20000,0.48849185135787926
20000,0.7425902650113697
20000,0.4474924513441778
20000,0.6410310352459888
20000,0.41303981155879904
20000,0.5152109357795231
20000,0.42767928834211844
20000,0.5116267363778233
20000,0.44801400198110886
20000,0.5129202459440653
20000,0.5384845349422449
20000,0.49447366153469835
20000,0.5497703335185783
20000,0.6248356167513331
20000,0.49990695249217965
20000,0.6862330821567304
20000,0.5331756419395831
20000,0.5975732074235764
20000,0.4332636932779183
20000,0.6292139604370373
20000,0.4792227954073411
20000,0.5380650590187642
20000,0.5093182085260928
20000,0.5527696680015871
20000,0.5128864109935768
20000,0.5699777305591995
20000,0.4410724427285133
20000,0.5651697015744499
20000,0.5652175280176207
20000,0.4414941408367681
20000,0.5686587717797567
20000,0.5027435741172913
20000,0.7810669443618585
20000,0.6066836574214446
20000,0.4888743335770362
20000,0.42369064077384505
20000,0.4033466489786822
20000,0.5100104436253375
20000,0.49353910302824283
20000,0.4967504753105129
20000,0.4709046660787605
20000,0.4363293664542104
20000,0.45486358931947185
20000,0.43179055472323424
20000,0.47903614146765594
20000,0.6403263039186488
20000,0.6858431050759985
20000,0.4283354995749
20000,0.7820339342047361
20000,0.6298432767979215
20000,0.5793543637167996
20000,0.49544819543372426
20000,0.5880560672574104
20000,0.4346707105185029
20000,0.3993053541409588
20000,0.605634395795758
20000,0.7844322383035822
20000,0.4072156986467048
20000,0.5348496662367009
20000,0.46807015189216594
20000,0.6012326234463856
20000,0.5255036222343981
20000,0.4688146633955432
20000,0.555949765179562
20000,0.6265885548825125
20000,0.5643426666507241
20000,0.44985210566602013
20000,0.4521869890966892
20000,0.5310963941487262
20000,0.40348986687171434
20000,0.5149557862243389
20000,0.7533071530968338
20000,0.4052581949246375
20000,0.5858786406025824
20000,0.5165754721212966
20000,0.6305662509020202
20000,0.4694763582772213
20000,0.6214839170654123
20000,0.4765423005178155
20000,0.471601637823436
20000,0.5292560269894542
20000,0.6858003117117073
20000,0.5649066393422022
20000,0.5175276650337295
20000,0.7301112417882789
20000,0.5878740863152374
20000,0.5776201346048618
20000,0.4594331231646254
20000,0.5769551287362261
20000,0.5088116207982032
20000,0.4240832157945635
20000,0.49708752056927696
20000,0.6198295002251375
20000,0.503879010994187
20000,0.44905212050433324
20000,0.4820994566704747
20000,0.4523387207174485
20000,0.4320005708512976
20000,0.606867385960402
20000,0.48406004376784006
20000,0.5702518619296213
20000,0.4983733094904289
20000,0.5108627079980539
20000,0.6267450386162923
20000,0.5056923357797665
20000,0.52966545200078
20000,0.4170421366374334
20000,0.4342850069982543
20000,0.5498919864730639
20000,0.5244656557100581
20000,0.5675364348542818
20000,0.4209462676951332
20000,0.5669113643989623
20000,0.4783507812804692
20000,0.42929370391221505
20000,0.560333206915498
20000,0.556592952267989
20000,0.41871180269360125
20000,0.5887532034861457
20000,0.5168193495533178
20000,0.5398360142186756
20000,0.5242669726784249
20000,0.5054308451789516
20000,0.5163752670174382
20000,0.6392154152796768
20000,0.43227800408281836
20000,0.4689162117386136
20000,0.5614754704936286
20000,0.4180487626741892
20000,0.5664262725531355
20000,0.6369309903262016
20000,0.5574686419197974
20000,0.5214847148271046
20000,0.4818293493399606
20000,0.5455282632878663
20000,0.5161969662182626
20000,0.49394142338870534
20000,0.5499722607767519
20000,0.5762896188613701
20000,0.5296415256254013
20000,0.6229380186286895
20000,0.5414699901871194
20000,0.5236701075800465
20000,0.7578596776924613
20000,0.613416925417282
20000,0.544824544071567
20000,0.5215240273369661
20000,0.4190680936000998
20000,0.6172269269505402
20000,0.4673989111417641
20000,0.5995317608056647
20000,0.44513331461475525
20000,0.42048147278608333
20000,0.7717164205130654
20000,0.4435497738222172
20000,0.5205184166083392
20000,0.6221003050839748
20000,0.5014196036271799
20000,0.5309576984480812
20000,0.49726937274378796
20000,0.6392676818788222
20000,0.4710711895500768
20000,0.5496746488646334
20000,0.4938724573383611
20000,0.5328589693283237
20000,0.41822813851695195
20000,0.635430130405209
20000,0.6256767232395323
20000,0.5134525088596775
20000,0.408982462735247
20000,0.5450498381273985
20000,0.5098558701785688
20000,0.44632780497890034
20000,0.4665731142570765
20000,0.47946034046206987
20000,0.7998882815752465
20000,0.4831459421419336
20000,0.5448907108036819
20000,0.5286814212544305
20000,0.5582993810708056
20000,0.4406383984268507
20000,0.7438212802035677
20000,0.48056951807002657
20000,0.44380480937491595
20000,0.4834699070585622
20000,0.6314284698087506
20000,0.4501302678520826
20000,0.45718466551911846
20000,0.528330794196825
20000,0.4233814364420485
20000,0.4729414598087219
20000,0.48076372977563586
20000,0.5323514455098685
20000,0.42924378610657526
20000,0.433168061562264
20000,0.4090935862923794
20000,0.43368148218917973
20000,0.8435925571202451
20000,0.5157957889349642
20000,0.5427360613991348
20000,0.446705233750337
20000,0.4128464490055043
20000,0.495110307081583
20000,0.4213927950923249
20000,0.48016359605675174
20000,0.5159947382535373
20000,0.4273148057191632
20000,0.5655611150645895
20000,0.467117031685808
20000,0.4862959476556615
20000,0.5222297144051574
20000,0.5189221951345888
20000,0.45387260872053836
20000,0.4723404850614915
20000,0.6897987727041481
20000,0.5223298222279191
20000,0.4126569433316712
20000,0.5285747368476592
20000,0.6820075050475071
20000,0.6294692054407077
20000,0.45050318835316794
20000,0.5910690905263394
20000,0.429479702311252
20000,0.5296257301968764
20000,0.5664992116540578
20000,0.4054170939316458
20000,0.5736560751955869
20000,0.47812329420475463
20000,0.49722000595520655
20000,0.49384223086160045
20000,0.6637840297442379
20000,0.5698454766252097
20000,0.48051925469534706
20000,0.4761659375081146
20000,0.5430746440303955
20000,0.535178301953184
20000,0.5258500894599671
20000,0.594818961220016
20000,0.5933989545852636
20000,0.6627795787689293
20000,0.44589180621948743
20000,0.5955100040632436
20000,0.5285981495590839
20000,0.48540095171961845
20000,0.6113735443832743
20000,0.44594507262837346
20000,0.4521209724182954
20000,0.43652871261390847
20000,0.6588328355163848
20000,0.5164185918120203
20000,0.5052289982643541
20000,0.5597203353059625
20000,0.6636264202298783
20000,0.5918315807072015
20000,0.5964382639590863
20000,0.4657328842720742
20000,0.5675257745336669
20000,0.6008123290570433
20000,0.5686001738873263
20000,0.5330302358188808
20000,0.4638572250233269
20000,0.522185090305912
20000,0.44132757514323867
20000,0.6048513085465361
20000,0.428755825387127
20000,0.45957448295303094
20000,0.6403421636666683
20000,0.5337981184977809
20000,0.5733308082263211
20000,0.447485057868946
20000,0.4317213891097357
20000,0.5814384737965804
20000,0.5529075798408981
20000,0.45257639306135217
20000,0.43415287580654255
20000,0.46120196578964284
20000,0.7533901866995538
20000,0.5242513432080536
20000,0.5178348297345741
20000,0.49443764697060955
20000,0.5053840891483568
20000,0.392489733419238
20000,0.4511051872879562
20000,0.6436482932619692
20000,0.5929467181394577
20000,0.5575963877833527
20000,0.5463707868384127
20000,0.6971985216135886
20000,0.528871585836635
20000,0.5087291255977202
20000,0.4083640410146623
20000,0.556460764394328
20000,0.43424047806105553
20000,0.5138649620783506
20000,0.6188966397639699
20000,0.6017320705093258
20000,0.4179118412955152
20000,0.7802594919888465
20000,0.574460979198329
20000,0.39748621124843475
20000,0.517684341893479
20000,0.6971991431463236
20000,0.5170884274035866
20000,0.5031324118065433
20000,0.47414210217800457
20000,0.6191238618678861
20000,0.4146412913617112
20000,0.5090523487728246
20000,0.4236414046459998
20000,0.6078839250020178
20000,0.7948358264728035
20000,0.4347443338057426
20000,0.45102870685673646
20000,0.4181842534504788
20000,0.4639835274415407
20000,0.6081742375337492
20000,0.6848722412178674
20000,0.6162350181699133
20000,0.5397409305574566
20000,0.43260224314713164
20000,0.6510658891320241
20000,0.5736700580812044
20000,0.5943986004841204
20000,0.5114245458944029
20000,0.6772335700752902
20000,0.40443767053733676
20000,0.4539650898332296
20000,0.5093149749123126
20000,0.6194011531047022
20000,0.7421941022346622
20000,0.6362554036948479
20000,0.44741496550359244
20000,0.5130149613688508
20000,0.5607990445025499
20000,0.7416949544583659
20000,0.4238510375541664
20000,0.7892445625116783
20000,0.4827039501250873
20000,0.7778463547993112
20000,0.6004400403179045
20000,0.4304583048428339
20000,0.5467676862124624
20000,0.4977887303729363
20000,0.5049420779407449
20000,0.6389333289142104
20000,0.49542726850565805
20000,0.41413188456706207
20000,0.5910019736129679
20000,0.5053755511337116
20000,0.6568438200909964
20000,0.6072994029090343
20000,0.6860002013042585
20000,0.483827876989203
20000,0.46310864603079605
20000,0.41697047803605114
20000,0.5154200259490307
20000,0.4579182160677343
20000,0.5635326984598135
20000,0.4367579810478008
20000,0.42029150822303457
20000,0.5170444423786471
20000,0.5033265646220816
20000,0.5084222400081745
20000,0.6955025531461229
20000,0.5179183123767035
20000,0.563236540225356
20000,0.48455503554961615
20000,0.4819834444904825
20000,0.5196483602956042
20000,0.4706826460527059
20000,0.5284557063341865
20000,0.6411435755605035
20000,0.5952674790133952
20000,0.5607480181162758
20000,0.5058823461647171
20000,0.5907436805138666
20000,0.41810824727165974
20000,0.6305663666710606
20000,0.5188189689943671
20000,0.43298489416648045
20000,0.561068502445044
20000,0.511192516046763
20000,0.8175424344770177
20000,0.49960454153408623
20000,0.5464676521844858
20000,0.494265554718003
20000,0.5509039530879867
20000,0.44584611899721843
20000,0.5251000750783218
20000,0.46396350544046877
20000,0.44421775549625814
20000,0.5102446861465237
20000,0.5919271051251271
20000,0.4305067353397182
20000,0.42513169761706
20000,0.4769941711939735
20000,0.5635287419090059
20000,0.44904522523102947
20000,0.580862065411034
20000,0.4349124760735442
20000,0.4064850258207678
20000,0.4069481923777777
20000,0.7105879651324718
20000,0.3989590251182818
20000,0.47538630034609086
20000,0.38969355350036083
20000,0.48332777522702064
20000,0.5268663537082455
20000,0.5762155292486731
20000,0.3837933642142773
20000,0.6327918404970473
20000,0.5738777153595725
20000,0.503890247772369
20000,0.5001697665716135
20000,0.4694366694157209
20000,0.5213502818419347
20000,0.4289565044714274
20000,0.5713835740587653
20000,0.6073492282222782
20000,0.39973680423880026
20000,0.42071498801667706
20000,0.6296034992084044
20000,0.555783786274013
20000,0.46794229207091803
20000,0.5342383154605954
20000,0.4390667290286705
20000,0.5143023332879483
20000,0.616612177256343
20000,0.5271267599002062
20000,0.5492161573052973
20000,0.47186126624354324
20000,0.46298366771831256
20000,0.5737541335509962
20000,0.5880989042063468
20000,0.5290916436036606
20000,0.605849312286341
20000,0.6870137243434995
20000,0.3922746337637696
20000,0.5488482789068291
20000,0.6005765388993229
20000,0.49739499627424416
20000,0.461649625329364
20000,0.38637344424750025
20000,0.47866687263663266
20000,0.6366106689051879
20000,0.6322286805458156
20000,0.48880949475025176
20000,0.6109100693235133
20000,0.7284726952237766
20000,0.4966862618181723
20000,0.4986859706323448
20000,0.5047439429797254
20000,0.4929716165680799
20000,0.554367499220273
20000,0.5871557564582882
20000,0.4069968128570738
20000,0.42860664613607574
20000,0.8339759726007137
20000,0.7872529058979375
20000,0.4494073268555792
20000,0.45459580176349107
20000,0.6405783699746177
20000,0.5229988045950564
20000,0.5005678860276118
20000,0.551358599310143
20000,0.5418235428621887
20000,0.46281484014096047
20000,0.4539025104750022
20000,0.41095095122299813
20000,0.4268330297714596
20000,0.42626337573148704
20000,0.5351036732710405
20000,0.4038276907391624
20000,0.49831792270602693
20000,0.4713009327856043
20000,0.5754668144708396
20000,0.5833626203061049
20000,0.5393514639497171
20000,0.543861091432637
20000,0.6681867873489719
20000,0.5688182341079341
20000,0.6090345848754067
20000,0.5645624294653779
20000,0.3850956139101856
20000,0.47232466720120075
20000,0.7056662365681686
20000,0.613230303985951
20000,0.5079930816815733
20000,0.42062942229050243
20000,0.42877096950820426
20000,0.4384017786806328
20000,0.42508862531715325
20000,0.5271929025470111
20000,0.42954869631364984
20000,0.4277040545356899
20000,0.5164747532184989
20000,0.5388330422080325
20000,0.4726772524578477
20000,0.5311554816222933
20000,0.4435030369419825
20000,0.409055028412597
20000,0.5893507410965425
20000,0.4801295560809581
20000,0.40509178124110495
20000,0.6010433985762397
20000,0.46874282523888927
20000,0.4382206105532823
20000,0.5241405246020738
20000,0.6643501000339745
20000,0.5121031669589898
20000,0.43653259991614585
20000,0.3861957267199267
20000,0.4828682049961001
20000,0.49841271613974114
20000,0.4814518539054457
20000,0.5889084502938045
20000,0.6042964215233783
20000,0.4437049881018091
20000,0.5230916784201425
20000,0.5506825305964052
20000,0.5421680841245552
20000,0.5269001055103734
20000,0.5832248131830955
20000,0.4769019842138324
20000,0.4858259559804684
20000,0.4958628539127525
20000,0.5333679737385371
20000,0.46713468797412394
20000,0.5260331496229237
20000,0.51266257926573
20000,0.4156817281623612
20000,0.6487497865419316
20000,0.4869721494324349
20000,0.5234487917727869
20000,0.5800323884926741
20000,0.5031111799338929
20000,0.49690145961810833
20000,0.6350536100720741
20000,0.5235380502946582
20000,0.5232705874891866
20000,0.5647153012254232
20000,0.5688751017117166
20000,0.624006546980328
20000,0.4446513025448454
20000,0.5364314572195504
20000,0.4566091363896571
20000,0.41914816719864667
20000,0.5264915525717647
20000,0.49643542583591704
20000,0.49599501935202844
20000,0.6124298600583508
20000,0.4509492729287144
20000,0.4530997689009612
20000,0.4462073499304616
20000,0.39556125753046667
20000,0.5207498503410105
20000,0.5670858645347971
20000,0.4118689795489327
20000,0.43533917028756075
20000,0.5018509456300579
20000,0.5024245910608351
20000,0.5491704327289343
20000,0.45951620806360827
20000,0.4072914296601929
20000,0.597653176116108
20000,0.4614045833059498
20000,0.5498160495741621
20000,0.5648134317217707
20000,0.41683467214640224
20000,0.6078465281375315
20000,0.6513434940608923
20000,0.5237681552443526
20000,0.5898202955863885
20000,0.45664261263596473
20000,0.45782552129457205
20000,0.5956987696022193
20000,0.5825671293482572
20000,0.5377679512391269
20000,0.39174987155037716
20000,0.5926165989758195
20000,0.5021242557813208
20000,0.5350095653595247
20000,0.5383238618214775
20000,0.4299948547270967
20000,0.47478269041662025
20000,0.48147460966254485
20000,0.5758445594674599
20000,0.6210143120107677
20000,0.45740821776473567
20000,0.4427679679180055
20000,0.5021225530559025
20000,0.5553893761001516
20000,0.4216358570041474
20000,0.5168567595048202
20000,0.5004389520672402
20000,0.5376479831872202
20000,0.5591282058558513
20000,0.5300073863152309
20000,0.4550761762662054
20000,0.4197701359840106
20000,0.6621633805991514
20000,0.5025880860499813
20000,0.5396602635368527
20000,0.4776246607337626
20000,0.5580429935391644
20000,0.5396483355967953
20000,0.4731282368834559
20000,0.5931876743987575
20000,0.6212811500943233
20000,0.5987933504556961
20000,0.4217648244015849
20000,0.7904754737484313
20000,0.5230841634429197
20000,0.5220695085277706
20000,0.6350011993096876
20000,0.45890897125463725
20000,0.5479247284309274
20000,0.411759595925483
20000,0.451416863905759
20000,0.5480804306569808
20000,0.5757058957284269
20000,0.5409238259454131
20000,0.5291746904425791
20000,0.46854521761381795
20000,0.4584668013863369
20000,0.7274466043053764
20000,0.3830219020242422
20000,0.5310029294021151
20000,0.42589949902512886
20000,0.5050109155681773
20000,0.5592492457158708
20000,0.4733175356687078
20000,0.5521773332926175
20000,0.5981374878386818
20000,0.5205113660040833
20000,0.5190321755855207
20000,0.5571605719490675
20000,0.44780886253150853
20000,0.9152680507872795
20000,0.5394468043190065
20000,0.4887959734677188
20000,0.5996399491268698
20000,0.5064531597127295
20000,0.5139661800355189
20000,0.5082994337782677
20000,0.647398118138504
20000,0.40009882699535093
20000,0.687013368595709
20000,0.5919420970813385
20000,0.5354843893123581
20000,0.42667006865810936
20000,0.4905910573531921
20000,0.4079635288606588
20000,0.5315182990154295
20000,0.4861952090136155
20000,0.46842835243887626
20000,0.7370968428992629
20000,0.4094984056274647
20000,0.43927881376583405
20000,0.46057534767497976
20000,0.5313170487487944
20000,0.5197545559463527
20000,0.5559624344105728
20000,0.4386523663915357
20000,0.7117457086860186
20000,0.5656685476621551
20000,0.5302969972276922
20000,0.542344196235427
20000,0.5819348256330432
20000,0.6255846298176179
20000,0.4297669326372987
20000,0.500176527090688
20000,0.5460371409422083
20000,0.5383140761816492
20000,0.5141267972690388
20000,0.47280821458786026
20000,0.6325146611788975
20000,0.6057991983187773
20000,0.511251341357623
20000,0.6245441211780367
20000,0.5122090152255795
20000,0.5284354195830893
20000,0.5781139718619379
20000,0.6212854048466095
20000,0.5461562211332173
20000,0.5177877235986975
20000,0.7793975213084454
20000,0.6458925895170722
20000,0.49287484164671563
20000,0.45065046953651444
20000,0.5247356137236195
20000,0.5481386049878059
20000,0.4929645584288212
20000,0.7990318228116466
20000,0.5251566643341836
20000,0.5557654709391675
20000,0.42627446968428523
20000,0.48106891033591725
20000,0.6528853591602751
20000,0.5498555816981807
20000,0.6650415362064981
20000,0.41264749208571977
20000,0.5368587193857655
20000,0.7427025079875321
20000,0.6676982974738874
20000,0.5749751025318777
20000,0.4815012159890166
20000,0.5862031322431638
20000,0.4735502193904415
20000,0.40873120417831427
20000,0.43169805014504314
20000,0.538509076584298
20000,0.4259151773281554
20000,0.5194932401933451
20000,0.4876616002538277
20000,0.6373781435134904
20000,0.46778546183951825
20000,0.4454548565169539
20000,0.4117014798703305
20000,0.5326579185117974
20000,0.5160451422541343
20000,0.4871733997904473
20000,0.48882321824413744
20000,0.5056637690436578
20000,0.43652100723878573
20000,0.4351597672274465
20000,0.4092199414035866
20000,0.6383443811153842
20000,0.6353808197958066
20000,0.5365018139116081
20000,0.7269055612892051
20000,0.6583778043572638
20000,0.7361004824345958
20000,0.525766468485988
20000,0.4912643944016334
20000,0.5935666882393569
20000,0.5247056641328627
20000,0.7334304365482011
20000,0.6190346472677704
20000,0.4850346786841643
20000,0.45452840989280446
20000,0.43061776293902726
20000,0.6154058063522453
20000,0.6041180217157118
20000,0.49994083934503136
20000,0.4141113411044068
20000,0.5770469289104352
20000,0.47980940401348965
20000,0.6672733284468285
20000,0.4737451585408615
20000,0.43026943649306776
20000,0.6217587141405292
20000,0.4999457272514395
20000,0.44384449374172563
20000,0.5735051151205199
20000,0.4152982225188537
20000,0.5187146829631271
20000,0.5038934293509584
20000,0.5035515239523063
20000,0.5303530748098658
20000,0.5302550322925356
20000,0.44018306059096757
20000,0.5426706004189664
20000,0.48403011841744287
20000,0.48528249999545947
20000,0.5606097126510146
20000,0.3906864591945462
20000,0.4882748761301091
20000,0.48776732737291373
20000,0.6999584239608823
20000,0.5546938834788874
20000,0.6920520470222564
20000,0.39164485697160295
20000,0.4138884666364446
20000,0.5146975050818856
20000,0.6636657280336605
20000,0.3870519932877805
20000,0.44268789590655244
20000,0.4876406776691753
20000,0.5494144263531117
20000,0.5239980732083416
20000,0.5433954375703386
20000,0.5061274405800792
20000,0.5454594799050126
20000,0.4507763073441116
20000,0.5733461187781713
20000,0.5060827175092508
20000,0.6512876504376145
20000,0.4187500836252659
20000,0.5372260984279181
20000,0.6742523239756495
20000,0.49997304522197106
20000,0.4043911071689904
20000,0.6453318433173879
20000,0.5840295774762618
20000,0.4426627145852135
20000,0.613854357628762
20000,0.519225815223902
20000,0.6112718605967031
20000,0.45195190265986646
20000,0.41855478576755245
20000,0.5562773685526193
20000,0.4259187050492494
20000,0.6698153032875636
20000,0.5500079398502976
20000,0.4753706596938165
20000,0.4915111120568489
20000,0.42682067714052035
20000,0.6101587715068877
20000,0.5000952549301623
20000,0.5086545879147292
20000,0.4678340984839714
20000,0.588948347985981
20000,0.5251682132810448
20000,0.5145680798011671
20000,0.552668297242237
20000,0.6065445278781603
20000,0.48538050210912637
20000,0.43625496153014737
20000,0.568281020143273
20000,0.444410328711244
20000,0.41600181164246697
20000,0.47887334063952836
20000,0.6443211773414856
20000,0.6314212605983138
20000,0.441543299818383
20000,0.5105686269360995
20000,0.560330339082628
20000,0.40385446577559314
20000,0.5067885019218936
20000,0.5292913351236487
20000,0.5056354572957896
20000,0.44188326553899626
20000,0.5879510642544307
20000,0.3922047898332294
20000,0.42490273466173484
20000,0.534233043840582
20000,0.6678013423820205
20000,0.5707208616348236
20000,0.5627517936941591
20000,0.4967166019259057
20000,0.4206833603331194
20000,0.4572397529767862
20000,0.5098506640558218
20000,0.44887103282683427
20000,0.5562118236239258
20000,0.4879218778701732
20000,0.491661818446546
20000,0.47194218214534706
20000,0.5129546625156381
20000,0.5258951402720556
20000,0.5919655111498628
20000,0.7977897169162818
20000,0.48524319045670483
20000,0.46525903203163993
20000,0.40940132503282356
20000,0.46190581301172257
20000,0.6230557622699457
20000,0.5585489604318282
20000,0.6202433010981482
20000,0.6022742170988056
20000,0.5414228918060799
20000,0.4041328988704587
20000,0.48951119587379666
20000,0.4827719736102695
20000,0.5090597916941811
20000,0.5099234387025479
20000,0.4628163755343829
20000,0.47991085866336414
20000,0.4209611638787281
20000,0.41411647497458304
20000,0.48585890141689536
20000,0.4775193253686459
20000,0.4333402485190687
20000,0.475852018976408
20000,0.48846185619997623
20000,0.5621468354936976
20000,0.4731109775326456
20000,0.43218603013215806
20000,0.4186339347452846
20000,0.4234176182419816
20000,0.49057079469055026
20000,0.5632969638996285
20000,0.62993070040744
20000,0.6952271846176711
20000,0.4134840844779378
20000,0.5036484613125285
20000,0.5405772191257584
20000,0.45777069371903245
20000,0.44856010529063955
20000,0.48785137599088796
20000,0.4131244775073712
20000,0.6114250274963358
20000,0.5867413238661051
20000,0.5890831166389318
20000,0.5456875309593858
20000,0.45351344271980376
20000,0.5477185110958329
20000,0.6678546919508221
20000,0.5803002894962243
20000,0.45330880362086623
20000,0.7006935864255763
20000,0.4510601537466698
20000,0.609908777223847
20000,0.5285560349465043
20000,0.6012807872677917
20000,0.5837310100881862
20000,0.4138252053221426
20000,0.5921755669673888
20000,0.5354634779115954
20000,0.5419349429832631
20000,0.5387416259919471
20000,0.5200016819829191
20000,0.5828111213754231
20000,0.5536618904110545
20000,0.4457011888600777
20000,0.5045984224681633
20000,0.5165288973440438
20000,0.49223345156126724
20000,0.5206246697116781
20000,0.5282065731584584
20000,0.5329241907713937
20000,0.7188762554071574
20000,0.5047888987975419
20000,0.65040243814423
20000,0.5006508009994919
20000,0.5050673443203741
20000,0.4524871709956701
20000,0.47415974484975043
20000,0.6990150321136294
20000,0.5286368343812105
20000,0.7462808459949083
20000,0.5056702670151435
20000,0.4407765531956073
20000,0.49906719561840457
20000,0.5297378912953978
20000,0.48783915474852874
20000,0.6084914157073521
20000,0.49542846892311376
20000,0.48015546452048913
20000,0.5524065900644071
20000,0.5194119257908729
20000,0.5571091002325501
20000,0.44899654183661664
20000,0.5944442579257724
20000,0.5451599379289002
20000,0.6351738357802351
20000,0.4550473597376971
20000,0.7810674785596068
20000,0.47811234276700715
20000,0.5665856944796958
20000,0.6244189084619455
20000,0.5764873240590308
20000,0.6976127215470035
20000,0.41581081032822304
20000,0.4469817086178985
20000,0.5147883696542419
20000,0.5087647974455247
20000,0.3977230244038856
20000,0.5307475010577913
20000,0.41594973319350736
20000,0.5290820332022987
20000,0.49175595055307464
20000,0.4998761295964778
20000,0.8001344797164325
20000,0.7288165796687409
20000,0.6653652679892417
20000,0.39224065326571983
20000,0.3964833220865352
20000,0.4065382988980739
20000,0.5206616386385472
20000,0.4280445393295633
20000,0.5787025814871444
20000,0.5150150231326156
20000,0.6338044282874568
20000,0.5163754812726924
20000,0.4840318084539865
20000,0.40682490381486025
20000,0.5204185323769845
20000,0.4622524364446617
20000,0.5258572855525672
20000,0.42266564899292197
20000,0.5460597027509532
20000,0.5838993943585755
20000,0.4597472657146994
20000,0.4119251904394163
20000,0.6839063172068558
20000,0.490512230341494
20000,0.5205171104281509
20000,0.6370336788406388
20000,0.43910831311783605
20000,0.4468634888501576
20000,0.42639681362683957
20000,0.5391465325084649
20000,0.5442038554015499
20000,0.5311279451085736
20000,0.39404423140341727
20000,0.4717629371006337
20000,0.4305717592521612
20000,0.5989291627340211
20000,0.4050101502478226
20000,0.4926426126366551
20000,0.6093174292795318
20000,0.5291890213484318
20000,0.8265123127176848
20000,0.6446373994420477
20000,0.5412180360998159
20000,0.5365092040884829
20000,0.5033675604098569
20000,0.44162729656945304
20000,0.42351682876006186
20000,0.5908469803709885
20000,0.5083484498818176
20000,0.5737327309239795
20000,0.5399256700863576
20000,0.7283980013390124
20000,0.44485203456978667
20000,0.514361906804893
20000,0.46572712738650307
20000,0.544900444517333
20000,0.7432523283375633
20000,0.5479707946873223
20000,0.5827321866386621
20000,0.4362909497230177
20000,0.43068101358774763
20000,0.5058159823165348
20000,0.5230079290801098
20000,0.6733639692762758
20000,0.6250623433529299
20000,0.47765204872248135
20000,0.4806568103641952
20000,0.5654943530408215
20000,0.5543290946646082
20000,0.472348081956542
20000,0.659881818969785
20000,0.4641049869902822
20000,0.631505922187121
20000,0.6376867347249547
20000,0.6002463385315778
20000,0.4534233527485728
20000,0.39980131385282675
20000,0.4742265488615871
20000,0.758126557396739
20000,0.5249470896246177
20000,0.5444844138443798
20000,0.46683231294386457
20000,0.5687152778702048
20000,0.6172718601471774
20000,0.4918133137288363
20000,0.5433329568703987
20000,0.52279827352142
20000,0.46337490525071834
20000,0.48358650018468136
20000,0.5811220322598851
20000,0.4778696547265901
20000,0.4607000943327234
20000,0.44678531599734317
20000,0.5824531191265433
20000,0.5103706758149125
20000,0.41709471087080846
20000,0.5892842602829632
20000,0.5722208343876404
20000,0.4747281091119076
20000,0.5273911677860175
20000,0.5533161135635332
20000,0.4485024781881207
20000,0.4174940840604672
20000,0.5783534664800546
20000,0.5384031631295259
20000,0.6020383699768943
20000,0.49001641854141026
20000,0.4137601155545888
20000,0.510215396088059
20000,0.4174450932990377
20000,0.6016981392095093
20000,0.5689071622453986
20000,0.6670588212952065
20000,0.538971700491696
20000,0.5472769491884973
20000,0.6076775058101359
20000,0.628974379605094
20000,0.4219459279803359
20000,0.5628580575168156
20000,0.4968979537349185
20000,0.4718565061835581
20000,0.4021322296984407
20000,0.5756786283816354
20000,0.7654074259962322
20000,0.5952523669419055
20000,0.6258064783836526
20000,0.5034208381975767
20000,0.4546897051568679
20000,0.7289980331371987
20000,0.49438634181606045
20000,0.4244996899160473
20000,0.6145638279805724
20000,0.5057883090706295
20000,0.5013906625959367
20000,0.5041193475377966
20000,0.5485482718814401
20000,0.4215823627147628
20000,0.3988830062470085
20000,0.41748649303790053
20000,0.41960529624946347
20000,0.6308555203819712
20000,0.5284565892616836
20000,0.570411178080129
20000,0.5979263232539633
20000,0.43788931994897723
20000,0.42924637765023316
20000,0.4531041930779706
20000,0.45680911609498354
20000,0.5566505435804995
20000,0.49948784361164245
20000,0.4347353287843715
20000,0.5066739467346808
20000,0.6848698347153888
20000,0.4649290420286548
20000,0.6100332257096882
20000,0.5039132934682483
20000,0.4045946678683043
20000,0.5035732973715958
20000,0.6363545760155487
20000,0.46044561604890527
20000,0.48190474258685667
20000,0.5483813595401743
20000,0.6787075396874027
20000,0.4802512206798007
20000,0.4068919520026175
20000,0.510483533327987
20000,0.5107721378059039
20000,0.5511960763593515
20000,0.49876846832377153
20000,0.5535462782123906
20000,0.40754615148756584
20000,0.4583690602670945
20000,0.7204921744977593
20000,0.4929415335998984
20000,0.6426060675702318
20000,0.4432936505713617
20000,0.6177758579440923
20000,0.5340132601955208
20000,0.6096470161679084
20000,0.48445284790162435
20000,0.5543544585202009
20000,0.4534968559223243
20000,0.4702422356024596
20000,0.42419854550669267
20000,0.5627081535058422
20000,0.4916777112700357
20000,0.5552980202628087
20000,0.5255939709058283
20000,0.6559499918400842
20000,0.39233202079906326
20000,0.50636917527984
20000,0.48248117183992234
20000,0.4520484943102014
20000,0.48858987508905016
20000,0.38640994538523477
20000,0.47556611492927436
20000,0.6921688424882813
20000,0.6465655639337478
20000,0.780141702327586
20000,0.6233537725872321
20000,0.445106031794391
20000,0.5714261905658701
20000,0.6240321619948397
20000,0.5558306233733409
20000,0.4711995846786751
20000,0.38548725006169926
20000,0.4753069607232049
20000,0.39896220348270817
20000,0.6582055888451916
20000,0.510264931509522
20000,0.6802144181342372
20000,0.5088291623646122
20000,0.5207669963325157
20000,0.5015103188059487
20000,0.49578204569111195
20000,0.5480184839246898
20000,0.4102345871677065
20000,0.47524834696117413
20000,0.49722565689226844
20000,0.4805136033675995
20000,0.5022213074321762
20000,0.48431488807840284
20000,0.48564822877695385
20000,0.6140933605242048
20000,0.4905461080502415
20000,0.5518214997207943
20000,0.47420558241695754
20000,0.48566173735920765
20000,0.5140509844293826
20000,0.5579427475456561
20000,0.4523238849783513
20000,0.5661731613603295
20000,0.5283562401734536
20000,0.4729767672564004
20000,0.6259334613189462
20000,0.4990392599014678
20000,0.5588530933372365
20000,0.5704501542998057
20000,0.4225950608910849
20000,0.5164374823424105
20000,0.5483042144874307
20000,0.6260713719957538
20000,0.4295303186800374
20000,0.4329140999997372
20000,0.5461300297683945
20000,0.4278463921390326
20000,0.41511032343074017
20000,0.5617127493979105
20000,0.5305771333420054
20000,0.4688690562568902
20000,0.4888012234935817
20000,0.5453739466139361
20000,0.5344918516932425
20000,0.6051930162365812
20000,0.6047941113845322
20000,0.5457765184670762
20000,0.5140025081017523
20000,0.4146376996558175
20000,0.5479916800949671
20000,0.42960489617265885
20000,0.4508907340434278
20000,0.5746315391046558
20000,0.554301372825518
20000,0.4184031078616114
20000,0.44368671553821415
20000,0.46265189592214023
20000,0.4373529445689354
20000,0.4851068409949763
20000,0.4795422546905901
20000,0.4206998212114485
20000,0.5608032817472336
20000,0.5333557083033159
20000,0.5807881571668726
20000,0.5783552972863174
20000,0.669455163719696
20000,0.4171880445878115
20000,0.6768626792089746
20000,0.5086954029845425
20000,0.7979805129221833
20000,0.41826593709184096
20000,0.45197942853110706
20000,0.5077248060888506
20000,0.4741642381912692
20000,0.4869263125922906
20000,0.676975223336051
20000,0.5519659112649277
20000,0.608047633705774
20000,0.45381776262705326
20000,0.5648846189157163
20000,0.4075090943813209
20000,0.4898484223097204
20000,0.5557197565085147
20000,0.5310394533714892
20000,0.4713343370517171
20000,0.6765153891672466
20000,0.5762012176150572
20000,0.46034437042895204
20000,0.7162827096465997
20000,0.5404598838812674
20000,0.47537253862369144
20000,0.574165449702966
20000,0.5813850312697763
20000,0.4683224320869334
20000,0.42914368225277205
20000,0.4442787773137813
20000,0.646897062908148
20000,0.5308454280418865
20000,0.471859385049966
20000,0.614330567050139
20000,0.4729298070056225
20000,0.6177796664898221
20000,0.4393934723322695
20000,0.4843006639755584
20000,0.4437667269591498
20000,0.7401809613806155
20000,0.5060895763701933
20000,0.6266823453488759
20000,0.49197510899085817
20000,0.5224861319830129
20000,0.4902062119876903
20000,0.48725002815551793
20000,0.4948268330201651
20000,0.5499006051740012
20000,0.6228846405136043
20000,0.621040086641988
20000,0.45129559544684644
20000,0.4082467656778938
20000,0.5554193211614887
20000,0.4358385734342989
20000,0.580919724235346
20000,0.5400797945580117
20000,0.6380739043717802
20000,0.4388305271355208
20000,0.538050168083344
20000,0.5041392068091908
20000,0.4138044073126606
20000,0.5264664243592304
20000,0.5762869284796135
20000,0.4634622474361702
20000,0.4274276484979037
20000,0.568334557066461
20000,0.4247326911397275
20000,0.5233675810872551
20000,0.5553182463563663
20000,0.5814791251997081
20000,0.5597455187817484
20000,0.4078733833475298
20000,0.4401533832403866
20000,0.40868012991262037
20000,0.45297288793078727
20000,0.4418639638273661
20000,0.677593589964503
20000,0.40277820033888156
20000,0.4979539270560773
20000,0.5583089971239532
20000,0.5432719435746729
20000,0.43236249843765867
20000,0.568223349500064
20000,0.49018153167961925
20000,0.4628002722077568
20000,0.5562624262116281
20000,0.6862519749473002
20000,0.46374600815261136
20000,0.7142036823250699
20000,0.4203505500995167
20000,0.4846251808810429
20000,0.5704278649951691
20000,0.3949545317859018
20000,0.540434557756167
20000,0.6490247563546737
20000,0.5198878651680597
20000,0.4781298466133695
20000,0.47591270295671156
20000,0.5158644766111442
20000,0.5004626083782717
20000,0.4843679813974434
20000,0.5010625476705949
20000,0.4544636854027543
20000,0.549905873224957
20000,0.6904698277515975
20000,0.6810924932492481
20000,0.6602088643907036
20000,0.5308338327845176
20000,0.552995823051269
20000,0.5564388288443921
20000,0.4190121063897266
20000,0.5139436687611382
20000,0.5589691115170548
20000,0.5792011283905046
20000,0.45217019375423667
20000,0.43116405389541107
20000,0.5133342237647661
20000,0.6138597399915974
20000,0.4186776933714997
20000,0.4530249468658524
20000,0.5018709014559116
20000,0.527930889501391
20000,0.395320863178533
20000,0.41490659713011796
20000,0.5089452020345948
20000,0.5775087645707773
20000,0.433573087271451
20000,0.49826066300740124
20000,0.5043784055265691
20000,0.440202699505568
20000,0.6956882407756522
20000,0.49834862699434224
20000,0.5222924451658127
20000,0.41227255564355103
20000,0.7617189779120992
20000,0.5165243771772347
20000,0.506185534202639
20000,0.5241008189302135
20000,0.46017504230533346
20000,0.5498185164045114
20000,0.6543533562620535
20000,0.43189009064284395
20000,0.4860605992971309
20000,0.516585365678515
20000,0.6191473846916482
20000,0.7732608843175572
20000,0.45708582045647966
20000,0.46826274681722035
20000,0.4901660289440041
20000,0.48390209414326196
20000,0.6708364450532251
20000,0.41999123897906143
20000,0.48137845686495206
20000,0.5711730859355986
20000,0.5005161109032241
20000,0.7601371435154072
20000,0.45859089599031017
20000,0.5775840511608988
20000,0.4148471600282588
20000,0.5252292950078917
20000,0.44467867008254575
20000,0.549928704827809
20000,0.5133372805882724
20000,0.5241606783972543
20000,0.6164074565466443
20000,0.8248903065162685
20000,0.6106191806558291
20000,0.5376955785533061
20000,0.6551531046763714
20000,0.7769776993680557
20000,0.4074899700583077
20000,0.5772639525295713
20000,0.5440701382281152
20000,0.48385417179489054
20000,0.5837753629097238
20000,0.49627703182016597
20000,0.49536619619605976
20000,0.4124345216600081
20000,0.50382555666919
20000,0.5165831047138656
20000,0.6401940473202167
20000,0.39441801612394134
20000,0.48558415237622515
20000,0.6438704644206111
20000,0.6199636060698376
20000,0.47995242037587327
20000,0.43919972174061817
20000,0.4071345734766377
20000,0.5849174401859009
20000,0.522390362956779
20000,0.5191672004954976
20000,0.3829253177653683
20000,0.6648623521973899
20000,0.6014982752562269
20000,0.5252330784469456
20000,0.6567054996750038
20000,0.657978773353817
20000,0.6520591170891052
20000,0.480098480626838
20000,0.4886490640970082
20000,0.8097495204639422
20000,0.4742261612105794
20000,0.40021558448194194
20000,0.43618063058383977
20000,0.6166895225008935
20000,0.49375227540314537
20000,0.46531827583874463
20000,0.6114876612791528
20000,0.46978712454299526
20000,0.8420453059469518
20000,0.6387535971228594
20000,0.5682621939887162
20000,0.513202294071823
20000,0.5751002053188362
20000,0.4413455304011506
20000,0.4551325608432585
20000,0.5816270653724811
20000,0.5410333607229211
20000,0.5400006801416526
20000,0.5019929605092388
20000,0.6837389740664667
20000,0.5637621071487913
20000,0.5123321698322689
20000,0.5376678174330093
20000,0.601917626358746
20000,0.4983731848907281
20000,0.5480567120149805
20000,0.40134850001339356
20000,0.5229103302581412
20000,0.41743093578894963
20000,0.5647617244298344
20000,0.629749820720213
20000,0.5140260732161663
20000,0.5975217266912608
20000,0.6859328204134502
20000,0.43096989855909257
20000,0.6510215192176817
20000,0.39475369703658314
20000,0.48114424578193465
20000,0.6362177807540739
20000,0.5186482317056781
20000,0.4264525984871226
20000,0.5961920294018291
20000,0.4817984731541931
20000,0.5155384692142065
20000,0.4299958762791326
20000,0.5461352035559841
20000,0.4741113157360454
20000,0.4058435796247405
20000,0.7320459183937067
20000,0.6061775890437636
20000,0.4515721292576007
20000,0.5051136447219414
20000,0.5788920026046905
20000,0.42127583320730166
20000,0.7249392078837175
20000,0.6902704280956244
20000,0.5901121883357772
20000,0.5008683545481118
20000,0.4777492125758234
20000,0.6235560384874044
20000,0.6552613290768312
20000,0.4967377762308716
20000,0.48236178027070936
20000,0.4968992292741983
20000,0.7938547218994875
20000,0.47725036180510166
20000,0.6225403711587094
20000,0.46683555997449716
20000,0.5046596611929387
20000,0.4342065324202046
20000,0.6075677508118645
20000,0.6731707888153492
20000,0.6107771442744149
20000,0.5717663435506861
20000,0.500519093072075
20000,0.41855492113870485
20000,0.43643130828344423
20000,0.567980731850073
20000,0.5385141997731508
20000,0.4749013309725538
20000,0.48219275741377793
20000,0.44346483938391523
20000,0.3998665986548621
20000,0.4174430085651385
20000,0.459864465824503
20000,0.4251735206817165
20000,0.6535744140562725
20000,0.5151280652244152
20000,0.5985690850901689
20000,0.5813014337427611
20000,0.5639780608593241
20000,0.5889036437821523
20000,0.6205990748680974
20000,0.4446375401093613
20000,0.43091067290840773
20000,0.4768854495677119
20000,0.3852683425171307
20000,0.45178414072919
20000,0.4837714850847999
20000,0.45764186770206444
20000,0.4169343612437141
20000,0.38791319250301654
20000,0.4536123142137475
20000,0.5203604080556923
20000,0.47557072323373295
20000,0.5091825475303681
20000,0.441655760840127
20000,0.5559009588752475
20000,0.5708434028609572
20000,0.47038469063435523
20000,0.44935098922090727
20000,0.5582839687486266
20000,0.5164331900111482
20000,0.5600369319152371
20000,0.507928319141647
20000,0.6143048389544696
20000,0.3968875375547395
20000,0.7600508270064554
20000,0.4900144641990641
20000,0.4927981343940474
20000,0.38877833361810765
20000,0.4388857077470417
20000,0.4139469309352899
20000,0.5216593164096325
20000,0.4913981730764402
20000,0.4213249311638152
20000,0.5379814051071268
20000,0.6363859665705772
20000,0.4151644030561651
20000,0.7455750626686665
20000,0.5894984971277482
20000,0.5529911565379086
20000,0.5333767267250801
20000,0.5947034836227828
20000,0.4087486679717712
20000,0.5571374455567906
20000,0.4597570204929308
20000,0.5198416180245053
20000,0.38286875190372366
20000,0.7507182676406995
20000,0.46959505448957983
20000,0.7595025588609988
20000,0.43879400565768184
20000,0.47848880381304043
20000,0.4690749170288546
20000,0.3968105470729239
20000,0.4882236699800997
20000,0.6199065698769568
20000,0.4857364953810076
20000,0.8267167768199849
20000,0.5275168006264526
20000,0.42831662193422015
20000,0.41767417648978633
20000,0.43166580393316867
20000,0.519284218675741
20000,0.6459063629989782
20000,0.6868530386952628
20000,0.5040679304781014
20000,0.6295549749914877
20000,0.47135581396684045
20000,0.4309529741875046
20000,0.5696658152512811
20000,0.6298338235673523
20000,0.6161343689577603
20000,0.6489975523516914
20000,0.5339641693181734
20000,0.4770072534426091
20000,0.43553801583982227
20000,0.4233499402282944
20000,0.3875881046709619
20000,0.6519612835654767
20000,0.5250626005438462
20000,0.6281184710398681
20000,0.43409063386712243
20000,0.5397561337622669
20000,0.42523340116902736
20000,0.4765027488054637
20000,0.5714085157304745
20000,0.4205465967574568
20000,0.6723291683158054
20000,0.5192628108409937
20000,0.5444461398281373
20000,0.7671036238920994
20000,0.4620204345167617
20000,0.5727879043931262
20000,0.4757102073554249
20000,0.6520046965522017
20000,0.567626009442475
20000,0.5075138338510261
20000,0.41155539821384357
20000,0.4764237513081851
20000,0.4742281930989967
20000,0.4927108193828454
20000,0.6176595446200372
20000,0.45887120845577073
20000,0.5255260438234963
20000,0.49975587834611807
20000,0.6687072328952752
20000,0.7183439750737088
20000,0.49084489750060345
20000,0.46247483656980504
20000,0.415958997498425
20000,0.39032850266023555
20000,0.5321630559262328
20000,0.4639204934564267
20000,0.43354663881400124
20000,0.542516316163099
20000,0.3931590521172273
20000,0.407136012117252
20000,0.47386118415580447
20000,0.47571909526993816
20000,0.5056615515645463
20000,0.47004973527163263
20000,0.4767903450267064
20000,0.5115572763405053
20000,0.38908265372189926
20000,0.4343891806364179
20000,0.532291317519351
20000,0.5552432293035773
20000,0.6182100088598014
20000,0.5256602833162879
20000,0.5161586248986961
20000,0.45216401783541915
20000,0.4345631537243915
20000,0.5050829898811701
20000,0.6019386260126744
20000,0.5345470250401106
20000,0.5518814216964896
20000,0.6223984438793515
20000,0.4206182081605261
20000,0.48511746385790977
20000,0.6130490579602259
20000,0.5149657745186796
20000,0.409395074840044
20000,0.5755158798788749
20000,0.49548811232388074
20000,0.5100868101764569
20000,0.4941325624156202
20000,0.4330353396202324
20000,0.4851317839401774
20000,0.5078225781799396
20000,0.5126608267110275
20000,0.5007187828121606
20000,0.4903147993413811
20000,0.48430204385998143
20000,0.45445551838801973
20000,0.4291862443013629
20000,0.5242763083073109
20000,0.4239200543384199
20000,0.4494995184435817
20000,0.48223694116662913
20000,0.572038636613074
20000,0.731002132542449
20000,0.6027874133053184
20000,0.5510379969084926
20000,0.39964080057935936
20000,0.4796095040847879
20000,0.5447180637606419
20000,0.7001301562110848
20000,0.4493091391338652
20000,0.43882040550298557
20000,0.5775087012598964
20000,0.5314035209111573
20000,0.4446011657771554
20000,0.4342018163938164
20000,0.4708852543969267
20000,0.5827065671491526
20000,0.637631973491614
20000,0.42893111840660625
20000,0.4752397224817619
20000,0.4131370423147775
20000,0.5369447508489594
20000,0.47624043508162955
20000,0.42618240165780286
20000,0.5102375792919499
20000,0.5060353566038236
20000,0.4923930437903555
20000,0.7020884756825299
20000,0.5929873557223034
20000,0.5049791482199015
20000,0.5115395222903164
20000,0.553589926984409
20000,0.43243685915481
20000,0.4159386367104477
20000,0.6291095239781719
20000,0.49368764352570077
20000,0.5181442713265362
20000,0.38333749734828326
20000,0.5239438967083582
20000,0.5295744607888472
20000,0.7306316828926872
20000,0.6218859090582181
20000,0.5555516772602389
20000,0.4883894039729807
20000,0.47706302345170415
20000,0.5169052942607827
20000,0.542915561576837
20000,0.5852998924927352
20000,0.808182817932332
20000,0.8336347180688146
20000,0.8173125153820724
20000,0.43883406379561185
20000,0.44073176679001574
20000,0.44803077198726554
20000,0.5934648247943077
20000,0.5734906735028372
20000,0.5124354284963714
20000,0.4799692209688884
20000,0.5087183096733817
20000,0.47133857212066704
20000,0.4113437457155717
20000,0.626067723639042
20000,0.4218129540183598
20000,0.48849117323257596
20000,0.5299448823088349
20000,0.5755144392693108
20000,0.4765176725526793
20000,0.699001913344824
20000,0.6872198597616469
20000,0.5249437999384935
20000,0.4252137298082371
20000,0.5607696941309649
20000,0.5404562759894104
20000,0.4984045050935623
20000,0.39333092578697443
20000,0.5876123318017239
20000,0.40772742753937585
20000,0.477430832895008
20000,0.6956415230094882
20000,0.41656637013375597
20000,0.5070835150115297
20000,0.5040173141094596
20000,0.484019082538837
20000,0.627616478910285
20000,0.4872041306382273
20000,0.5224340024020865
20000,0.49276479390159683
20000,0.49364160235814786
20000,0.4995130529889994
20000,0.511614957876935
20000,0.4269527293437011
20000,0.4847052254056752
20000,0.6486560628883069
20000,0.5793879388719593
20000,0.5489080846126984
20000,0.6482625740399074
20000,0.5452082926142919
20000,0.5167931189659597
20000,0.607661186954811
20000,0.42682373417048225
20000,0.6169831496043233
20000,0.7390048962634889
20000,0.5535481048063373
20000,0.5489361226625461
20000,0.468389035394115
20000,0.503832266309896
20000,0.4013742696887986
20000,0.5096128589610085
20000,0.6078876227225734
20000,0.6926702754968159
20000,0.5507119659496865
20000,0.4668413895449105
20000,0.7989293471617321
20000,0.596598002644688
20000,0.48899482915265946
20000,0.45350866819438895
20000,0.6033888815777793
20000,0.49375822081811094
20000,0.5599374924491282
20000,0.4728363837888286
20000,0.4877948917425845
20000,0.6119770297130069
20000,0.4787864380160799
20000,0.39400907358458653
20000,0.4687665879697454
20000,0.5390376324744748
20000,0.5216860110365079
20000,0.5414322940086462
20000,0.6269225031130072
20000,0.64517717981445
20000,0.55795265929228
20000,0.47328126215640287
20000,0.47173427838596305
20000,0.5037233331922514
20000,0.5119672689036256
20000,0.46688025099648467
20000,0.44447432933708236
20000,0.5438659047931346
20000,0.5379281324170094
20000,0.4925858222574456
20000,0.5745694799772675
20000,0.43885787531951764
20000,0.4373283068085269
20000,0.44731129763772265
20000,0.45393934453888773
20000,0.5503570709929854
20000,0.3947185364517436
20000,0.8355050874211133
20000,0.5026353118680111
20000,0.3999349422684771
20000,0.5285058713629974
20000,0.4791494450139482
20000,0.5346006606801886
20000,0.5337823744494401
20000,0.4967250814435852
20000,0.6220790046454394
20000,0.5897731796652771
20000,0.7454470475102974
20000,0.4991240163417346
20000,0.5225470720431935
20000,0.4730112040249518
20000,0.5707225877183905
20000,0.5063201198957236
20000,0.5385424597553842
20000,0.4276582999033469
20000,0.4832259835307114
20000,0.5393903584720168
20000,0.560341655117965
20000,0.4999490443558483
20000,0.5043485138759412
20000,0.5924407146885893
20000,0.5317397170246536
20000,0.6066665347715693
20000,0.5178448923353107
20000,0.6431454363756223
20000,0.4711749953096299
20000,0.4593817915046006
20000,0.5238509778595415
20000,0.40109759045515087
20000,0.45249878928785126
20000,0.5483750091160245
20000,0.47444407453834825
20000,0.39248493784717275
20000,0.7214731287288068
20000,0.5327904208249803
20000,0.4187811225288938
20000,0.47503352739517435
20000,0.5242314198382548
20000,0.48072796973868637
20000,0.504480985896672
20000,0.4956826495589571
20000,0.5231107504162175
20000,0.5181274379435757
20000,0.516459988345612
20000,0.4155806228902177
20000,0.5324999851639121
20000,0.5744042952028918
20000,0.41060315839567346
20000,0.586088394395817
20000,0.6010655144312164
20000,0.5134526687408955
20000,0.4746252262866706
20000,0.5400931121239109
20000,0.606426085159968
20000,0.43721246661956764
20000,0.4781245460909701
20000,0.41997829037654405
20000,0.5676574502100626
20000,0.47871809326735765
20000,0.4176482663457503
20000,0.603734362789172
20000,0.6655043870524154
20000,0.53770277178263
20000,0.5856309660724959
20000,0.39427659466361714
20000,0.40433731074525725
20000,0.4814471750764845
20000,0.5589368639595942
20000,0.47247352811353205
20000,0.5520539310706963
20000,0.5055351876065295
20000,0.43005440943121565
20000,0.5689147302240054
20000,0.44577797574354594
20000,0.47467142400640266
20000,0.44578841942667846
20000,0.4424743958375347
20000,0.4958727127643125
20000,0.4790141010054369
20000,0.6024283794662033
20000,0.4918974905313045
20000,0.4113421378796881
20000,0.4232279142677473
20000,0.6118407333049332
20000,0.5538538921042405
20000,0.6062428203282316
20000,0.6505350204967263
20000,0.43821296345970534
20000,0.5815827766503197
20000,0.5797621489894976
20000,0.4372654197753284
20000,0.4675219300358048
20000,0.5222260337941239
20000,0.52283220059901
20000,0.5595789559470958
20000,0.4338678704037647
20000,0.4639485721990476
20000,0.5853268260023051
20000,0.5210027394564376
20000,0.522644427713325
20000,0.5512627813691342
20000,0.4993816292367355
20000,0.48044024468783325
20000,0.42004113906725826
20000,0.47001265487281096
20000,0.4926341829096867
20000,0.5741720785453276
20000,0.6326278354953363
20000,0.43577455540542903
20000,0.5678068656848612
20000,0.4080914618536571
20000,0.5940569876653644
20000,0.475998904437584
20000,0.4854341751596306
20000,0.47724454199153465
20000,0.48964025156889157
20000,0.48364651790812513
20000,0.5446677888196082
20000,0.47036668993231456
20000,0.4692016777474538
20000,0.4744759607098308
20000,0.5194003615018967
20000,0.5577279939226862
20000,0.5859835115268752
20000,0.5096207246201998
20000,0.42548768995588415
20000,0.5435621353673805
20000,0.4658967966568598
20000,0.465423821978323
20000,0.6158568960545266
20000,0.573723069395635
20000,0.48839481813445534
20000,0.5048571170359893
20000,0.5114791802875179
20000,0.4471807438076753
20000,0.6489609072661789
20000,0.6554092591707771
20000,0.6566151763099356
20000,0.6451918523146215
20000,0.5208165937528249
20000,0.5679645221616539
20000,0.44748425003546116
20000,0.4840312907777135
20000,0.40253602505803454
20000,0.429687802422464
20000,0.5412787185827914
20000,0.5287179508991754
20000,0.5928802902552239
20000,0.5113924805285457
20000,0.6720269074352211
20000,0.4670158887577083
20000,0.4063318120048468
20000,0.6216712696986467
20000,0.42687920103944543
20000,0.4514632116728336
20000,0.4725018288765773
20000,0.5064280850876338
20000,0.4674733761554085
20000,0.6432517688088144
20000,0.4584335302611517
20000,0.7353003765460474
20000,0.4887310664745046
20000,0.42703916890072274
20000,0.4384921505169851
20000,0.4130444449914074
20000,0.4862092577418476
20000,0.5563248205214214
20000,0.47592120878982164
20000,0.43002310302462043
20000,0.4456243121878493
20000,0.5421233596828573
20000,0.40261324998829456
20000,0.5114795883388562
20000,0.4698610892299782
20000,0.514717526582283
20000,0.42942576932773574
20000,0.67103483004915
20000,0.4156534671106664
20000,0.49569078411261724
20000,0.5093201430708761
20000,0.6368961736664214
20000,0.5161170545505466
20000,0.9183928452129906
20000,0.45972729815313257
20000,0.5094538877325999
20000,0.5297890902671305
20000,0.5068069368507133
20000,0.551566145056427
20000,0.5433049204392236
20000,0.47659879322702664
20000,0.512940853741876
20000,0.5524184432089396
20000,0.3912951633807601
20000,0.6446449129809958
20000,0.5979911889824592
20000,0.5872709770564526
20000,0.4716987991388681
20000,0.5159460606824268
20000,0.6528012289714953
20000,0.66288603555909
20000,0.5248195335227791
20000,0.5036932366989947
20000,0.7024953278064949
20000,0.49858472583442487
20000,0.7230664888222522
20000,0.40757043301562174
20000,0.466227426346951
20000,0.5756772536940649
20000,0.6968107066775319
20000,0.5028439323757582
20000,0.6452563617620365
20000,0.6382435297671543
20000,0.46938730849507315
20000,0.5434276042440432
20000,0.5952916654498704
20000,0.6512920859120613
20000,0.49508380860919926
20000,0.5501170365100282
20000,0.5258659995116985
20000,0.4487331817166262
20000,0.4134357363858227
20000,0.5650276440594869
20000,0.4392327277855553
20000,0.5536146545024073
20000,0.502170318641447
20000,0.5724001326826595
20000,0.46395111818235185
20000,0.5087159082527567
20000,0.5437058626097907
20000,0.48251895720922094
20000,0.4603105787257322
20000,0.4404828224084245
20000,0.5554862820587786
20000,0.5098590115321242
20000,0.4751442886874241
20000,0.4857119958399488
20000,0.5146629041505686
20000,0.4906780502485606
20000,0.4984887831745989
20000,0.6432065807450784
20000,0.540197755931093
20000,0.670057662754334
20000,0.5398258658066933
20000,0.5273660151932079
20000,0.4749829966481916
20000,0.4986207611603302
20000,0.43286104451369434
20000,0.4269670544941851
20000,0.40564382285840705
20000,0.46594168109302064
20000,0.5326385782437024
20000,0.4953090102086121
20000,0.4683991976480384
20000,0.41049082443649904
20000,0.672904662606477
20000,0.6482068589166758
20000,0.7218688028667138
20000,0.6040995095504401
20000,0.6497538655701097
20000,0.414110597162125
20000,0.7197225616044554
20000,0.5757570427185634
20000,0.518792569577141
20000,0.41425858732923404
20000,0.6601506199873354
20000,0.4301002507109147
20000,0.5539201682924784
20000,0.5144992751311552
20000,0.40001977925346416
20000,0.4177176707621394
20000,0.4440842138509182
20000,0.4818885633562524
20000,0.45076751788403424
20000,0.6646475235919587
20000,0.566398097307971
20000,0.5102198321525943
20000,0.4381558650165499
20000,0.4971257411734529
20000,0.45564172973506983
20000,0.50948004237877
20000,0.563828195542405
20000,0.4373152677267038
20000,0.6031105631936877
20000,0.5205633898011939
20000,0.41070773987742526
20000,0.5057736468019761
20000,0.544617821064408
20000,0.4449821812150046
20000,0.6509585694161005
20000,0.47938621233368506
20000,0.43540029279237286
20000,0.4805880717881437
20000,0.5636711556232371
20000,0.45146482348331013
20000,0.6041125192719281
20000,0.5028645466763844
20000,0.7058214170761256
20000,0.5254920390595738
20000,0.3999931565376237
20000,0.8210961975150758
20000,0.4464768828856019
20000,0.5559146875364672
20000,0.4840653210241191
20000,0.5436840869361145
20000,0.5977399021326315
20000,0.5429087093595159
20000,0.47652056378753016
20000,0.44212250032592826
20000,0.8387020048210526
20000,0.5168853135023578
20000,0.45842407825609494
20000,0.5078960154220007
20000,0.4354421527046888
20000,0.46360381148381896
20000,0.5815856464764422
20000,0.6508934041916612
20000,0.5271991310833707
20000,0.5182431742214682
20000,0.4208572892419249
20000,0.5692676888833083
20000,0.500574050572857
20000,0.6940786587375124
20000,0.4979463160522267
20000,0.47207286641869417
20000,0.5600283371416024
20000,0.6186867738785394
20000,0.6427908613789491
20000,0.6204305377600078
20000,0.40155512246659564
20000,0.5377344311370335
20000,0.49146352689836287
20000,0.6555659140339679
20000,0.41103186676476317
20000,0.5285153864224574
20000,0.4750285845878392
20000,0.5169285009925724
20000,0.4074300105607037
20000,0.6904831948702593
20000,0.6173102661363736
20000,0.5415663805194549
20000,0.5120322327514375
20000,0.5766646237649895
20000,0.5666679721943442
20000,0.4804196051229079
20000,0.5019813898522252
20000,0.39505357111900696
20000,0.5117081828096933
20000,0.5199781936651771
20000,0.44447132320699584
20000,0.5646802798949888
20000,0.5368524351379982
20000,0.5586996736424629
20000,0.5095552453478599
20000,0.44638190555513624
20000,0.43305513046694893
20000,0.4191086883158927
20000,0.5603969105915757
20000,0.5035805749336223
20000,0.6335541039154398
20000,0.46920426541271526
20000,0.6789615717148084
20000,0.648114798563423
20000,0.5568563712880251
20000,0.7075120070846853
20000,0.5432139888570847
20000,0.508473197563133
20000,0.43962560059157274
20000,0.593389038031136
20000,0.4134892253986018
20000,0.4903471990651792
20000,0.44088563533743613
20000,0.43411943615092635
20000,0.579650309992112
20000,0.6862055200805284
20000,0.5962318395012212
20000,0.43136453870685293
20000,0.5132396926858975
20000,0.6388625761370172
20000,0.45942875399209426
20000,0.497883251014936
20000,0.5175558637886023
20000,0.6020920596143637
20000,0.6992253440420374
20000,0.46394850224233547
20000,0.4844791265430345
20000,0.6745715611633185
20000,0.6566508480698964
20000,0.5426077654166455
20000,0.47417396862545763
20000,0.5641351372708101
20000,0.45443639780094464
20000,0.552614899927254
20000,0.4973484278271432
20000,0.6108297286620966
20000,0.5963800483844578
20000,0.6346407007467636
20000,0.6611970162934815
20000,0.4614167424042924
20000,0.5195647789703879
20000,0.6333804690705732
20000,0.5220892584278941
20000,0.6714946796557411
20000,0.6713665889764414
20000,0.5820581966467772
20000,0.49656341740769216
20000,0.4357182407600314
20000,0.46498285297997494
20000,0.5438641558243664
20000,0.3839145661958213
20000,0.47855939308247575
20000,0.49154779460689824
20000,0.5379570554687201
20000,0.41258270834311034
20000,0.38517456380806286
20000,0.4649977992436181
20000,0.40856563800701584
20000,0.5781659221017013
20000,0.42851823274760154
20000,0.6338084255843467
20000,0.5246113261853133
20000,0.50807453108287
20000,0.4071174559899012
20000,0.5800240564266614
20000,0.7256026280360324
20000,0.5201521934182102
20000,0.5927199448198596
20000,0.44134150581185644
20000,0.4759074645499599
20000,0.6211694271378718
20000,0.4934818145741194
20000,0.4729934497994369
20000,0.48697843570563204
20000,0.7072679819737514
20000,0.5888666855184734
20000,0.4382137594641371
20000,0.43939514433994986
20000,0.4421973367110826
20000,0.44429885168032135
20000,0.616878166088372
20000,0.4373997472123518
20000,0.7207650619792312
20000,0.5598139550193922
20000,0.5632346367664421
20000,0.5008803945605117
20000,0.5048974114633671
20000,0.6670709605373147
20000,0.41027084611908105
20000,0.6375620921700865
20000,0.5715302057158453
20000,0.4504795287562204
20000,0.5097981667152234
20000,0.4905364568510036
20000,0.6784700801055731
20000,0.5262601086849306
20000,0.5190397075205595
20000,0.4516920702841663
20000,0.6089531835331858
20000,0.4417863050388208
20000,0.6915850946156549
20000,0.5323390133933315
20000,0.4148633967310776
20000,0.39899159980664967
20000,0.4027761846872041
20000,0.4810974827616322
20000,0.4824490790380681
20000,0.44050855191990673
20000,0.6424648700524277
20000,0.7250833025029211
20000,0.5221867802193829
20000,0.7079448758447611
20000,0.5183968342496688
20000,0.5661835646982945
20000,0.4856390255005688
20000,0.497532953497548
20000,0.6008604538421045
20000,0.49230465486139924
20000,0.40858893544488756
20000,0.510352213542345
20000,0.5616298249972231
20000,0.3943010505573794
20000,0.4645278967422144
20000,0.5387130463566535
20000,0.41513040921497874
20000,0.5364897258071375
20000,0.4884791124763418
20000,0.5277700735082528
20000,0.42881190657158685
20000,0.5102460581623266
20000,0.44107479214948336
20000,0.447395275959531
20000,0.4475226910230492
20000,0.6038855618565984
20000,0.41767854236627827
20000,0.5481776098073743
20000,0.4043806526169934
20000,0.5073982706748517
20000,0.440359527694465
20000,0.5630964772635385
20000,0.5713584198198414
20000,0.4466305481263733
20000,0.5232810190091409
20000,0.43264956807388644
20000,0.6659050600709169
20000,0.6058223714177795
20000,0.4707782872346669
20000,0.570427692721309
20000,0.8424693332979543
20000,0.514519666638388
20000,0.663689057302493
20000,0.5771380016232746
20000,0.40233736173502993
20000,0.6016988269153346
20000,0.8378956369741479
20000,0.49254913200358935
20000,0.5703208949138153
20000,0.5807320228354322
20000,0.5425909254760458
20000,0.44475315074029903
20000,0.3817612972192676
20000,0.4735878223610174
20000,0.5294226509846834
20000,0.4206684547714451
20000,0.5809921892797507
20000,0.41342148537238455
20000,0.4932517567002051
20000,0.6460749424022402
20000,0.6212424034319344
20000,0.5730049015186237
20000,0.48948314691903777
20000,0.5120381952985981
20000,0.6609271268036362
20000,0.5624082968859256
20000,0.5576788104640032
20000,0.43194692995466455
20000,0.6097841803550174
20000,0.5587830135661583
20000,0.5435055705245987
20000,0.45399595861290315
20000,0.4075700259487555
20000,0.4978121305181899
20000,0.5308148626240673
20000,0.4362925312650668
20000,0.4634843746065377
20000,0.43778479429131734
20000,0.4343000928643737
20000,0.49927737273300593
20000,0.70018336982327
20000,0.3944480549037746
20000,0.4790134883322895
20000,0.4723555189990549
20000,0.4269222963123643
20000,0.4592033928406721
20000,0.5183704029437064
20000,0.4098129425222169
20000,0.4378164756732666
20000,0.6832045833077125
20000,0.4958391948671233
20000,0.6166711116653015
20000,0.5592792020309344
20000,0.452565637726789
20000,0.46225283872928147
20000,0.45267161342325063
20000,0.545487041629026
20000,0.48607138991042087
20000,0.6229341699694374
20000,0.6490771609492997
20000,0.4519002256974671
20000,0.4686976658986663
20000,0.5194493627133997
20000,0.48300584275963837
20000,0.5976379833435119
20000,0.6311079794181493
20000,0.4800814629829547
20000,0.5657406945336229
20000,0.6190836537211875
20000,0.63111033895582
20000,0.475100986196286
20000,0.4505827835375224
20000,0.5147156163488837
20000,0.6412880084835653
20000,0.42991475499337395
20000,0.45565313101900207
20000,0.5276436901329267
20000,0.48201159019507056
20000,0.5418437042232109
20000,0.49261504920780785
20000,0.5192847049137095
20000,0.48129300672790637
20000,0.5185608272820316
20000,0.41348377003288644
20000,0.5395754206334398
20000,0.5989316443869449
20000,0.44424816537133727
20000,0.5752668867303098
20000,0.6195621989438568
20000,0.6044194852291473
20000,0.514300417688423
20000,0.44387410479765177
20000,0.41461110868857987
20000,0.6512530189118539
20000,0.4898227718327665
20000,0.5663959389915383
20000,0.47074960215696515
20000,0.5010155302673728
20000,0.4798213786521412
20000,0.5636266472646808
20000,0.5071544747932145
20000,0.5426581599004315
20000,0.5415751559416866
20000,0.6058484005097735
20000,0.5814972574801144
20000,0.6388986806278799
20000,0.42465412915103173
20000,0.44564034926104085
20000,0.444298264519009
20000,0.6258775976119874
20000,0.4347331590379097
20000,0.4689427208744646
20000,0.5147497335612858
20000,0.3890165337056188
20000,0.42935279895563616
20000,0.43497079495909674
20000,0.4411396765815732
20000,0.47632054845784016
20000,0.5771181851656966
20000,0.5065053961066774
20000,0.49909213792728196
20000,0.6526518161166065
20000,0.42437938780305645
20000,0.5047271508858401
20000,0.41021517359670623
20000,0.4111057068947299
20000,0.5819654489178743
20000,0.6788428986258445
20000,0.4150310402116715
20000,0.5686686087289866
20000,0.5224200771578543
20000,0.40612544891918817
20000,0.540354802458654
20000,0.4414883341970592
20000,0.43111549388133025
20000,0.44004604851449025
20000,0.6049087599961183
20000,0.4516733940246904
20000,0.6631489745082124
20000,0.42367429339955687
20000,0.6193710591197822
20000,0.6320156487031345
20000,0.42216173355562037
20000,0.5107043763229608
20000,0.6176876567930825
20000,0.5302826036458569
20000,0.4892662977896268
20000,0.6045904419622078
20000,0.6227675658422014
20000,0.5652982047306525
20000,0.5453770243992866
20000,0.40876657655833376
20000,0.412147765404739
20000,0.5428317811470337
20000,0.6354063930811841
20000,0.6237728470943485
20000,0.6426753704480419
20000,0.6065975630515623
20000,0.44569875966004113
20000,0.4684895888925597
20000,0.4034429511505786
20000,0.4779196028138247
20000,0.5352338193769497
20000,0.5201082822160803
20000,0.4539050473038175
20000,0.4556135706574585
20000,0.6188527057576576
20000,0.5981111407377715
20000,0.4148819336345773
20000,0.47592084169785115
20000,0.5094608561583425
20000,0.4554428636273028
20000,0.5948988944968567
20000,0.643201041672073
20000,0.5230277295329986
20000,0.6801241535448426
20000,0.5344093315129196
20000,0.5753599027653286
20000,0.5842867727358789
20000,0.661602323968107
20000,0.4285945033915535
20000,0.4752807202818221
20000,0.6440909466666593
20000,0.46644207859958925
20000,0.7408678131358026
20000,0.4886884800543381
20000,0.6141065928242032
20000,0.536123627233573
20000,0.47898759645056355
20000,0.45978359499562194
20000,0.42530780488337416
20000,0.5509983653388068
20000,0.6642284312344104
20000,0.39708324039869064
20000,0.4252440074339888
20000,0.4798718055375575
20000,0.4438373345256065
20000,0.4683359435451594
20000,0.42335103624227666
20000,0.7563764885814525
20000,0.5477699426785346
20000,0.5328061536029863
20000,0.505818506583546
20000,0.47759578148796633
20000,0.508714759667032
20000,0.4828724497753797
20000,0.6738491258495273
20000,0.43000190617496814
20000,0.75762065258388
20000,0.4533487526450633
20000,0.49876324066629835
20000,0.519896236507676
20000,0.5535773308275175
20000,0.5612547448950249
20000,0.532745674251582
20000,0.48268157675900836
20000,0.3976785775273244
20000,0.4154659632627485
20000,0.4721896440753226
20000,0.44005483858711025
20000,0.4351370992068181
20000,0.5478177136418008
20000,0.4682820088868972
20000,0.41798297999309203
20000,0.5149356226929415
20000,0.536009177856377
20000,0.39102558564008866
20000,0.4997297568057256
20000,0.38954010403643674
20000,0.5398607183033743
20000,0.5020241769516639
20000,0.503105457378081
20000,0.5119693678193388
20000,0.46311122537081073
20000,0.43643339692620997
20000,0.4221871188825313
20000,0.633371538552883
20000,0.4183625482571806
20000,0.6468630544527539
20000,0.6158680846517312
20000,0.44744849362268285
20000,0.5291087095655592
20000,0.7580204031135995
20000,0.615383270993637
20000,0.45577012190722194
20000,0.524136045921178
20000,0.4954199038844769
20000,0.5538014714469996
20000,0.4657370906301957
20000,0.49927738857983395
20000,0.4135933735618201
20000,0.5675982378637004
20000,0.46031023772122587
20000,0.39587466175157887
20000,0.4548920015124404
20000,0.7501426463030823
20000,0.5624241828967987
20000,0.428565029804184
20000,0.5550444069991485
20000,0.5477287851585432
20000,0.5622390316228804
20000,0.5437590424177351
20000,0.5063864191761815
20000,0.6935797843633019
20000,0.5067101407690433
20000,0.5820775787118775
20000,0.4598710758440459
20000,0.4913437358584914
20000,0.4852825339883215
20000,0.5526353926595059
20000,0.4441136596723797
20000,0.49737920760040394
20000,0.6180800180614658
20000,0.5135583085674565
20000,0.40370888232031044
20000,0.5106284968958107
20000,0.40089314534743603
20000,0.5051873148067729
20000,0.6365371533224932
20000,0.6015284707533548
20000,0.45793036455182207
20000,0.5020345827272394
20000,0.46906377600493426
20000,0.5498982133833394
20000,0.5997504040727258
20000,0.6614987778414162
20000,0.4500060399556677
20000,0.5029691148520843
20000,0.4622848886840663
20000,0.5970306988304872
20000,0.4774008887756158
20000,0.5730606317332284
20000,0.4335296637106533
20000,0.4702961707889792
20000,0.4896526245385985
20000,0.5863219969447542
20000,0.38882618975648797
20000,0.4436390925078193
20000,0.47550608153081125
20000,0.5273592697051902
20000,0.44042008107442393
20000,0.39304788269689955
20000,0.520782620958314
20000,0.46263404387592677
20000,0.4170316424069063
20000,0.4323415595614487
20000,0.49573571500218
20000,0.38640566289052636
20000,0.694573414755291
20000,0.5899078501256388
20000,0.5554435399404246
20000,0.43625170059136953
20000,0.5974935088074056
20000,0.46815012856755756
20000,0.7147243357298285
20000,0.5987825982801708
20000,0.5933418949500818
20000,0.694558408969018
20000,0.7108717225291417
20000,0.4676138393162146
20000,0.49150709260904635
20000,0.7848244449095164
20000,0.4122376734803716
20000,0.4890075875085018
20000,0.401756162269682
20000,0.4466082533459579
20000,0.630045505496663
20000,0.41370468023452045
20000,0.5624063448350727
20000,0.7269983152446655
20000,0.4195066341223454
20000,0.417006560363813
20000,0.3962446101222279
20000,0.4322236806474532
20000,0.42618822370181536
20000,0.47670316130916557
20000,0.48924880863893766
20000,0.4950589926251366
20000,0.5128304510062511
20000,0.5847126779753558
20000,0.603788893370271
20000,0.5214571764152578
20000,0.6216587335440987
20000,0.4469376793012864
20000,0.4286719320657188
20000,0.40917986896091413
20000,0.506015947082732
20000,0.5548012367667237
20000,0.4156007101920983
20000,0.43025654729969276
20000,0.46236136551497564
20000,0.4786266489736115
20000,0.5609469607761922
20000,0.5280225280070739
20000,0.5006757735725277
20000,0.5472345582712665
20000,0.47718388260967665
20000,0.4214174539574428
20000,0.5020467628339038
20000,0.6159287487939794
20000,0.6171398839137605
20000,0.48537075091357645
20000,0.5400151310086947
20000,0.6033013416308389
20000,0.4695298200730584
20000,0.6077505115066861
20000,0.5014025161888982
20000,0.44799402251490306
20000,0.4746805809797218
20000,0.4783723477141353
20000,0.47745167814891104
20000,0.4226799843956573
20000,0.5439256084967646
20000,0.5236620950375309
20000,0.5843644168604133
20000,0.5088551693367712
20000,0.5212141943373694
20000,0.45962336046142666
20000,0.6638690443636752
20000,0.594089084646691
20000,0.6362994395812891
20000,0.5068990551471693
20000,0.4824898632728923
20000,0.5846858745130937
20000,0.45295103210699494
20000,0.605214735734647
20000,0.4711360851600388
20000,0.4599775826694652
20000,0.560679993015848
20000,0.5071478490313698
20000,0.5085238425567138
20000,0.4593312803810095
20000,0.41792635778354054
20000,0.4050262445243583
20000,0.5521514786934135
20000,0.4755767260019474
20000,0.6081342336731305
20000,0.5584863044734703
20000,0.43020364613883655
20000,0.4204289703684227
20000,0.5303338996453756
20000,0.5182588430048288
20000,0.5866689502524629
20000,0.5028037232712621
20000,0.43602710910259324
20000,0.4405876640459058
20000,0.5746309033035647
20000,0.5439480718379182
20000,0.6696798328416724
20000,0.4776567470758441
20000,0.6587792643744734
20000,0.4697089608819596
20000,0.41628131085255765
20000,0.5836510158172115
20000,0.4154542108890027
20000,0.43576101945475165
20000,0.4834255791303676
20000,0.5891422619560248
20000,0.5686800805011766
20000,0.5168387897591138
20000,0.5046867638866472
20000,0.4665074600196712
20000,0.41012972203984177
20000,0.7228533258977499
20000,0.4606246063052947
20000,0.4425791867367035
20000,0.6881860564955992
20000,0.6257236745912278
20000,0.8474883073083836
20000,0.5777856500754319
20000,0.467576641678492
20000,0.6406064518024651
20000,0.5078333057546077
20000,0.5041611287974473
20000,0.5989769791235979
20000,0.4824303890935958
20000,0.5592506973577226
20000,0.4926300410439547
20000,0.5169528814583985
20000,0.6882390811102324
20000,0.5764993209923144
20000,0.5915115115868632
20000,0.5455703303387608
20000,0.4728666729777682
20000,0.5493125902379061
20000,0.43294684106524206
20000,0.5181754839032874
20000,0.49376296071444675
20000,0.5442312757839374
20000,0.49437522094281233
20000,0.6018676986326025
20000,0.38238055770044577
20000,0.4894318274367226
20000,0.5577540904177175
20000,0.5371208947415582
20000,0.47393175036782936
20000,0.5248576035218432
20000,0.5642423864151398
20000,0.40383716865968466
20000,0.4869488708343669
20000,0.453185974165157
20000,0.6201012024128653
20000,0.45838823665133893
20000,0.5140561450456547
20000,0.4398631464053302
20000,0.3946132473697647
20000,0.5328011372042962
20000,0.5152718407406348
20000,0.5035774913454254
20000,0.43167987968398525
20000,0.409593324112656
20000,0.4143102668007582
20000,0.4371538711155766
20000,0.7289860941611678
20000,0.5073990446298532
20000,0.45732018604027735
20000,0.5364932497983871
20000,0.480368168756722
20000,0.404469633723293
20000,0.6690469864261167
20000,0.3963448429038755
20000,0.45790338215042814
20000,0.5587987387313071
20000,0.5286474990431553
20000,0.626472357661176
20000,0.550019895622499
20000,0.5065526277591327
20000,0.6778257786802705
20000,0.5480750804494011
20000,0.4735420684106035
20000,0.5577826614837065
20000,0.4465159343285832
20000,0.41591765294705846
20000,0.5255916021762684
20000,0.48452553845522617
20000,0.5693375348782981
20000,0.4908600415267662
20000,0.4530369698143364
20000,0.4153515767563937
20000,0.6416845149166027
20000,0.5567035170331897
20000,0.42586165739607723
20000,0.4467886200825526
20000,0.5886122638432811
20000,0.6490636946483602
20000,0.5186139266051207
20000,0.4970419951465915
20000,0.5063667493608701
20000,0.7069447297791
20000,0.4214896849433286
20000,0.5385658489219938
20000,0.4167676898761659
20000,0.5840440973364421
20000,0.6620904126615346
20000,0.6965119523855307
20000,0.40694555645908986
20000,0.4607413957595797
20000,0.5113060653813624
20000,0.5004742805724821
20000,0.5240875050665117
20000,0.7103202950038763
20000,0.5618881798920781
20000,0.6835277309386414
20000,0.6199399441170175
20000,0.4154788310258554
20000,0.4202556836945984
20000,0.4996014270855419
20000,0.49177731642976913
20000,0.49604682154332347
20000,0.41655717488156613
20000,0.5101721193963925
20000,0.4828908660780326
20000,0.5349697728473272
20000,0.4127619028685224
20000,0.4772486950261337
20000,0.4774832336974467
20000,0.4028196951010874
20000,0.6676561149386824
20000,0.5386735128559668
20000,0.597474547688972
20000,0.5045733864272149
20000,0.687096440662869
20000,0.5388158689137432
20000,0.5179463352836492
20000,0.5502574083827073
20000,0.42989516503270986
20000,0.5406062836897856
20000,0.5343048917318401
20000,0.510109023003195
20000,0.6387821578976748
20000,0.4417273766099987
20000,0.7484388061326347
20000,0.5695037501267523
20000,0.4838535792419628
20000,0.7156420962731401
20000,0.635011633461054
20000,0.40654283893178067
20000,0.5044719228357849
20000,0.611587379112748
20000,0.44450467054409815
20000,0.7988547979812124
20000,0.5450570064330871
20000,0.609995127540231
20000,0.5291366756504053
20000,0.6187283219864559
20000,0.545934766131851
20000,0.5732212101094812
20000,0.6052313228304907
20000,0.4069676740921755
20000,0.6167641712988039
20000,0.38824042062706116
20000,0.553218045449339
20000,0.5255468292785261
20000,0.46175854469973315
20000,0.7337964178664951
20000,0.4931378050494609
20000,0.47172839531032956
20000,0.6341234117289419
20000,0.7051384354600723
20000,0.52240877046342
20000,0.6189472943736606
20000,0.5557525925745777
20000,0.4955307942997166
20000,0.4518482635306531
20000,0.497536516290297
20000,0.4674987279323046
20000,0.42870084273896686
20000,0.3936390675392537
20000,0.5098225341798439
20000,0.46641055896932565
20000,0.6268066122687097
20000,0.5693621485565834
20000,0.55651421476212
20000,0.5285281775806744
20000,0.5601578820305014
20000,0.40122016691927204
20000,0.4048473491521078
20000,0.6214240226002483
20000,0.4820154198721516
20000,0.495944806507548
20000,0.7422896523222642
20000,0.5094957336399709
20000,0.5737764340190215
20000,0.5348853523326116
20000,0.40550365617199724
20000,0.4514921627420153
20000,0.506221329562294
20000,0.48846969265386764
20000,0.5340293064871842
20000,0.6342898751472178
20000,0.4941718731606629
20000,0.4520893632334518
20000,0.7009450619050785
20000,0.4658351338141088
20000,0.5124377546926792
20000,0.4337756130626893
20000,0.4751338961604578
20000,0.45956208802347764
20000,0.6169286811193433
20000,0.5554657466883153
20000,0.4253784041704588
20000,0.42615403275709723
20000,0.5461176370182488
20000,0.3946030482459687
20000,0.5169012667317863
20000,0.46236120113138274
20000,0.47076026283511574
20000,0.5216631404701371
20000,0.48343160154913795
20000,0.5913558122333861
20000,0.5070923908480043
20000,0.4790509612138553
20000,0.4842757687366729
20000,0.5691588401889135
20000,0.43593008641823144
20000,0.417407724001889
20000,0.5411242438912035
20000,0.4885230076245954
20000,0.5185658939196162
20000,0.5263106941817403
20000,0.5914105460174611
20000,0.5173204258515124
20000,0.4930032831342141
20000,0.5438716647394644
20000,0.41134919779321344
20000,0.7609229843486172
20000,0.4002836133224616
20000,0.6393489296429009
20000,0.5133420150354674
20000,0.45573552419756164
20000,0.5169842210354207
20000,0.5511390362130949
20000,0.42299699888616377
20000,0.383413529468518
20000,0.7197176363113773
20000,0.4540469091967791
20000,0.6233797928876408
20000,0.5244022017141085
20000,0.587070458856884
20000,0.5035766976369921
20000,0.5083570670797374
20000,0.45235977008475775
20000,0.5578873711633967
20000,0.6382531536360848
20000,0.5350615569154112
20000,0.6500996839238232
20000,0.5027279719513323
20000,0.4144383779240937
20000,0.6467431526530648
20000,0.5369526579916793
20000,0.5014646542305038
20000,0.4886814467461082
20000,0.6036752956493352
20000,0.5336280990699478
20000,0.5527512829158562
20000,0.6311139854418468
20000,0.5269704562769109
20000,0.6649993060528101
20000,0.44451040416934673
20000,0.6073745214846179
20000,0.6531605747113393
20000,0.6873172814745072
20000,0.48817144911986154
20000,0.5537511867261375
20000,0.404567475684977
20000,0.5037351573206139
20000,0.5239858625154094
20000,0.44818696949707265
20000,0.4688339996084575
20000,0.690309743807704
20000,0.44143236216101045
20000,0.46159005380131995
20000,0.42532883229063656
20000,0.3911624813280607
20000,0.4803335896951798
20000,0.6305778764749508
20000,0.44282359120306586
20000,0.5169778851776604
20000,0.7117645246878386
20000,0.49524008401480424
20000,0.532397598479267
20000,0.40570283430642345
20000,0.4607729082051514
20000,0.5070233644508622
20000,0.7345656000371233
20000,0.6568780430280499
20000,0.4768349989049961
20000,0.478115311113351
20000,0.5363763173200534
20000,0.40183529107681787
20000,0.5797683395869232
20000,0.4260551840436001
20000,0.4690362001334501
20000,0.5097078062169893
20000,0.4252969734072083
20000,0.4928163195370224
20000,0.5060882068836905
20000,0.4652869000072612
20000,0.6622511649629844
20000,0.5206095288264043
20000,0.476543772690105
20000,0.4722842749397836
20000,0.4523026943928555
20000,0.49594023015226163
20000,0.503147238600466
20000,0.48179500079370347
20000,0.5065550488331076
20000,0.42260211450700236
20000,0.6019211691877705
20000,0.8465350163608811
20000,0.4453826151929622
20000,0.6544445276410589
20000,0.5610764661524084
20000,0.5157354318091173
20000,0.6386627741836064
20000,0.6968774905168537
20000,0.5508768684157166
20000,0.6065320510816672
20000,0.5488184501745069
20000,0.46366380032968024
20000,0.47860118721110523
20000,0.41282703335476795
20000,0.592494172072261
20000,0.46984472292110485
20000,0.42807477160890056
20000,0.5768327999476727
20000,0.488296584385874
20000,0.6939266793324643
20000,0.56084931293018
20000,0.554048316772218
20000,0.561363121073886
20000,0.6067747223561054
20000,0.42838914631097613
20000,0.47673495865849913
20000,0.47081602140110745
20000,0.4432720173380371
20000,0.447152875567151
20000,0.5710490401091861
20000,0.4146086030878233
20000,0.4644985024544601
20000,0.5047420174571425
20000,0.5821204275803153
20000,0.6274292523660133
20000,0.4915221332947147
20000,0.5004149969376214
20000,0.5061912525245116
20000,0.4816080788252449
20000,0.4096057168540698
20000,0.6088659433392771
20000,0.667893962358732
20000,0.6410089370819917
20000,0.6448945450934587
20000,0.5787898101277669
20000,0.48723271406583174
20000,0.6041981571063169
20000,0.4410989699400064
20000,0.500924511920636
20000,0.5437032815440236
20000,0.5221868748507813
20000,0.4870881834323666
20000,0.4043644056742254
20000,0.484812549419921
20000,0.5581078017154169
20000,0.6066684046587056
20000,0.4978294000734777
20000,0.6283387079154384
20000,0.437410871975339
20000,0.4749311739921105
20000,0.5475326342304456
20000,0.6211462480409188
20000,0.48594581988865826
20000,0.4902411657036145
20000,0.5767256136431858
20000,0.5258074510380836
20000,0.6462054172222002
20000,0.495110674700457
20000,0.4857063547138768
20000,0.41298523653416713
20000,0.5101542025724447
20000,0.5280266194288726
20000,0.6083254089765205
20000,0.5747827295362924
20000,0.4410326017158402
20000,0.49666922137506003
20000,0.45125764714984373
20000,0.5095357515117052
20000,0.4410169968208818
20000,0.4483227103776144
20000,0.6219471002174349
20000,0.48429756316736683
20000,0.43028665357398754
20000,0.47043786975743007
20000,0.7538778191505385
20000,0.5961435178423489
20000,0.4109752178616324
20000,0.5114522573570317
20000,0.5227109966036481
20000,0.45092900948489517
20000,0.5268493466693286
20000,0.41838859763557396
20000,0.43216445552557753
20000,0.4763522047388901
20000,0.5328969397063175
20000,0.47592829124491914
20000,0.4450693979303657
20000,0.689712066685039
20000,0.405514067228361
20000,0.5033278717758769
20000,0.5603645927700174
20000,0.5533106573060236
20000,0.7207768709571382
20000,0.619287576218193
20000,0.5750015266034543
20000,0.4340652824291393
20000,0.6701099669371356
20000,0.4776275091584728
20000,0.5236944412768275
20000,0.5408473690901585
20000,0.4664116540346019
20000,0.5647903578929955
20000,0.5514887262020358
20000,0.41640747672849276
20000,0.6371904323431065
20000,0.42371300787559935
20000,0.48111201706933326
20000,0.42160602674147085
20000,0.5504558172043319
20000,0.6700881259905451
20000,0.5311256462759848
20000,0.5701668949771198
20000,0.42357741051031345
20000,0.502768712447844
20000,0.4047637774792757
20000,0.6001098596886545
20000,0.5681588134518568
20000,0.489703604897743
20000,0.4342603300725914
20000,0.6229989728926584
20000,0.4414476438066147
20000,0.5399751496624982
20000,0.6367593906761799
20000,0.4100970734608039
20000,0.5724753402969975
20000,0.6136108707359754
20000,0.4112488944589464
20000,0.5855371743286204
20000,0.6285688615696291
20000,0.4848306467480645
20000,0.7649746927662275
20000,0.4151066908432296
20000,0.6932868667601343
20000,0.5180957265335125
20000,0.5230567923945711
20000,0.5336419037661622
20000,0.49460621065369104
20000,0.5155478430571742
20000,0.46343799424211296
20000,0.48816130769646154
20000,0.48257302750592285
20000,0.6688239764290842
20000,0.724922488703442
20000,0.5867476958123924
20000,0.4969642855134564
20000,0.5757956971400956
20000,0.5401863087767782
20000,0.5256920336833588
20000,0.6249537841109002
20000,0.45335612588113894
20000,0.579175389564167
20000,0.5437795159319906
20000,0.6398863499220164
20000,0.4895879607711002
20000,0.6252473108722165
20000,0.5115323609383986
20000,0.5101334269866162
20000,0.5102315082043858
20000,0.834038656110119
20000,0.6328613751021657
20000,0.5728166843155077
20000,0.5891299092560506
20000,0.6208816419572898
20000,0.4520231799505593
20000,0.4083205577733773
20000,0.46254600696503845
20000,0.6013556382054202
20000,0.5116724297803888
20000,0.5333909317995156
20000,0.5017125216672041
20000,0.4236763541441041
20000,0.42959081411099986
20000,0.4009012017163731
20000,0.5301063276566929
20000,0.4393394280363367
20000,0.5496829372848547
20000,0.6215064741276052
20000,0.6284745381754491
20000,0.5762758655024556
20000,0.5500778711955552
20000,0.539098706640797
20000,0.457131015938418
20000,0.5364168764420214
20000,0.5572979148874512
20000,0.6184071550779949
20000,0.41771210883850596
20000,0.48108999232020316
20000,0.6229900108819612
20000,0.5914269849079178
20000,0.423198530507332
20000,0.5017907053219209
20000,0.4312052669649002
20000,0.6426738855011224
20000,0.43528349063441596
20000,0.3956104639800296
20000,0.4899342751434692
20000,0.48481788688651367
20000,0.5007784633317476
20000,0.4602015825405767
20000,0.54206750864886
20000,0.5051713156289386
20000,0.5511457408129654
20000,0.4350839075377378
20000,0.5419320346721754
20000,0.4189031648485207
20000,0.43824068299090424
20000,0.46261639387252484
20000,0.6234440775459301
20000,0.5104118316554647
20000,0.49611297921201575
20000,0.4861811064484396
20000,0.47429081314119786
20000,0.477905726700314
20000,0.38348082253899457
20000,0.47665359410534813
20000,0.5624346222906367
20000,0.5708319953860156
20000,0.42989526993307353
20000,0.525829745873603
20000,0.6640371519511237
20000,0.5148030467618582
20000,0.5016201726125089
20000,0.4879631383269504
20000,0.6257132405697841
20000,0.5380770680920252
20000,0.49254194549358776
20000,0.4984474414671518
20000,0.43825004937568307
20000,0.6125200915488718
20000,0.6014584115346362
20000,0.5905255435761966
20000,0.6906382371437072
20000,0.5149744468427178
20000,0.4546280728639834
20000,0.46359603948869677
20000,0.4076383615529987
20000,0.49339460872415186
20000,0.6222841971412492
20000,0.42185172631491274
20000,0.3886875711868199
20000,0.601227722701649
20000,0.6179553565463807
20000,0.4592419528450806
20000,0.5148463308430667
20000,0.6656401663842616
20000,0.47382376636438417
20000,0.5102230309924847
20000,0.559665463193742
20000,0.6268894326853619
20000,0.6383364222072186
20000,0.431388058483513
20000,0.5163610596673465
20000,0.5529705412552487
20000,0.7208054078575864
20000,0.5626000546801635
20000,0.7018888183353756
20000,0.4030893232187215
20000,0.6548355388119754
20000,0.4116700087647232
20000,0.5057553357642708
20000,0.4241420012157554
20000,0.715126356654278
20000,0.45041122707113945
20000,0.4929151216292419
20000,0.41064270182916907
20000,0.4970972302033047
20000,0.5715784815524059
20000,0.4986877999096062
20000,0.41395260497566466
20000,0.6672581650577012
20000,0.5295724798570342
20000,0.5542466552030236
20000,0.6005898463161684
20000,0.48804261293766354
20000,0.4891473574492203
20000,0.5960071763454498
20000,0.7567128371867429
20000,0.6611680802948692
20000,0.5229933323271273
20000,0.4785342924761413
20000,0.5313784203562099
20000,0.49970863797298354
20000,0.5014902514974626
20000,0.4650607662767589
20000,0.48988657391736407
20000,0.5215100679457464
20000,0.5546866738185916
20000,0.6045953082854896
20000,0.48100767544306056
20000,0.7045602811240487
20000,0.6131389442259635
20000,0.5720092237363682
20000,0.597428608329023
20000,0.45798143351311754
20000,0.6135178331049552
20000,0.49830078369013425
20000,0.5499103493425209
20000,0.4224065111783198
20000,0.4217465259693806
20000,0.4281114657912095
20000,0.4953129008559589
20000,0.6083440325670271
20000,0.6236101119319346
20000,0.5051665414254337
20000,0.44194215145164495
20000,0.4219335931518584
20000,0.648271780620805
20000,0.4573831342536964
20000,0.6321304543135556
20000,0.5134064619523129
20000,0.4871320331737455
20000,0.4999497189798658
20000,0.4100151683628815
20000,0.6611159679269609
20000,0.641641586023146
20000,0.4753880388624733
20000,0.5153061899640337
20000,0.40994032797752383
20000,0.38634115504562844
20000,0.4831024677940567
20000,0.6222134937399024
20000,0.5900235564798806
20000,0.4666700657421575
20000,0.8001930880546133
20000,0.45840962814212344
20000,0.392385386639402
20000,0.5029933705467122
20000,0.4257079592250201
20000,0.43012019737415175
20000,0.42382708340906566
20000,0.49826959318574016
20000,0.5285585454460079
20000,0.6597218498065374
20000,0.5325813489048952
20000,0.5904584953235797
20000,0.613575189553472
20000,0.5894411897867455
20000,0.47097356698247766
20000,0.45325706078476957
20000,0.48649950866782177
20000,0.4662874064807094
20000,0.514317527124344
20000,0.6559122294290133
20000,0.5971032183815324
20000,0.4539588604532972
20000,0.4780650132429032
20000,0.6254144118702605
20000,0.49901687018683705
20000,0.4410444083326202
20000,0.6245200437735802
20000,0.5364691802632717
20000,0.5184358882573284
20000,0.48426906539912945
20000,0.5695362807383848
20000,0.6641071860168334
20000,0.4328331673296438
20000,0.5413128808015785
20000,0.432544090135311
20000,0.476348893630697
20000,0.6209546954257747
20000,0.5399306674565717
20000,0.49655357073919537
20000,0.4675018994346289
20000,0.5739296183996532
20000,0.5584947187416055
20000,0.42476073012592597
20000,0.6939558214616945
20000,0.5283052379750999
20000,0.637779017113367
20000,0.6016038479703107
20000,0.5259223467402792
20000,0.5768534789324642
20000,0.4586325395318119
20000,0.3848514443149169
20000,0.5591262635609504
20000,0.5773805104022032
20000,0.5286858025335709
20000,0.7318233953304433
20000,0.5308683650024026
20000,0.5147982144021833
20000,0.409801207626411
20000,0.5724722899378685
20000,0.5304248097363091
20000,0.6214609056528008
20000,0.45647983333806696
20000,0.4998005266913529
20000,0.5639329300450925
20000,0.642102167288181
20000,0.4108635384271636
20000,0.44528058248147634
20000,0.5413587993330199
20000,0.5552205825539721
20000,0.4966479358384589
20000,0.5489757708967947
20000,0.4410147364440325
20000,0.5893243178717209
20000,0.5242202860338535
20000,0.5025814268795169
20000,0.4089378930880621
20000,0.4904110733236962
20000,0.6255909924719562
20000,0.5532324370512138
20000,0.4886948577488211
20000,0.5594210641705244
20000,0.5810421881856421
20000,0.6762592252080083
20000,0.502067625302936
20000,0.593349738203872
20000,0.5827281551868313
20000,0.6441949438144574
20000,0.5490340184441174
20000,0.5401804377440627
20000,0.5192869603299869
20000,0.4778562361390638
20000,0.6237330252686839
20000,0.7509136715870725
20000,0.4524505084332823
20000,0.5274889117351628
20000,0.5117895352075031
20000,0.4225943794916684
20000,0.6582343771212575
20000,0.498395904063542
20000,0.4979515862936086
20000,0.4012574368362426
20000,0.4587742564251378
20000,0.536453956011924
20000,0.48206526165350627
20000,0.49332578726680326
20000,0.48214877148894253
20000,0.5232610831319446
20000,0.5671314922446601
20000,0.40843260222357897
20000,0.6208386203763413
20000,0.6251966137589657
20000,0.5691753278144578
20000,0.3922283213125899
20000,0.611023197173894
20000,0.4090147601455227
20000,0.6262442896243895
20000,0.5848987301068402
20000,0.4531442662891046
20000,0.5734341382161519
20000,0.4330356623796707
20000,0.4055634076505079
20000,0.40886352884856497
20000,0.42798765325994725
20000,0.5872714485930804
20000,0.6640413271845153
20000,0.6661247780740688
20000,0.49695971436772823
20000,0.5200430602344294
20000,0.5323948625382212
20000,0.5952364091795448
20000,0.5090189637908836
20000,0.5420324195559526
20000,0.6326224847640161
20000,0.5059975716548674
20000,0.601908867991242
20000,0.5119266769284428
20000,0.4350268957677507
20000,0.4398810796033451
20000,0.4622436065565738
20000,0.6015055445673433
20000,0.5389343729210809
20000,0.45524181704704964
20000,0.637061972471106
20000,0.48380805054923054
20000,0.4733245148410597
20000,0.5414829098081065
20000,0.4643614528367513
20000,0.6168620112415267
20000,0.5188919840109444
20000,0.4321749410712912
20000,0.5798735187565721
20000,0.4434920650689299
20000,0.4642619078316729
20000,0.488639200376746
20000,0.47312649125845324
20000,0.6586349536104913
20000,0.5290699183728095
20000,0.4745117481471453
20000,0.4752495212815015
20000,0.5439041943361865
20000,0.527903561614555
20000,0.5430857424718719
20000,0.6155068359565828
20000,0.4479255122647889
20000,0.6409738444002362
20000,0.39564518667056614
20000,0.4862249353476854
20000,0.6596259410060059
20000,0.556570631021345
20000,0.6014240801257749
20000,0.5431539702235203
20000,0.6073345787246368
20000,0.4112981433682569
20000,0.4931020835716279
20000,0.4273353365604611
20000,0.540880574861249
20000,0.5153405559913866
20000,0.4264724012897893
20000,0.504743876914662
20000,0.5617596966928649
20000,0.5109950855969023
20000,0.41670982196762285
20000,0.44485111303861335
20000,0.48090318173062613
20000,0.4376759043663988
20000,0.4875585651233555
20000,0.6689946323032531
20000,0.4712035503542307
20000,0.6544518919510801
20000,0.6204629143157868
20000,0.42060774552792035
20000,0.5474093344404053
20000,0.47594854148499116
20000,0.6528816419935479
20000,0.5437670023542225
20000,0.5277433186959384
20000,0.47556073549052696
20000,0.5059914446627056
20000,0.627216130579348
20000,0.42207706974583803
20000,0.5210713782489093
20000,0.6129194612197925
20000,0.48413568880337077
20000,0.6254110726554498
20000,0.7056931229948736
20000,0.5975058817484992
20000,0.5201274904698211
20000,0.5012132846753821
20000,0.4899383758194144
20000,0.5429245938302373
20000,0.5600100391350253
20000,0.8097374566941112
20000,0.43349555370589915
20000,0.5440043347111767
20000,0.5121284796167003
20000,0.4131096846025576
20000,0.41604261240188095
20000,0.4589729693765429
20000,0.6421040611851424
20000,0.657917646278065
20000,0.6061352672956484
20000,0.5074684662686068
20000,0.4902321716316311
20000,0.3893265504282307
20000,0.47014411116947463
20000,0.47770405460912313
20000,0.5687086485893633
20000,0.5402519828543378
20000,0.4885405827369954
20000,0.5717346093804666
20000,0.5968670901616254
20000,0.5575814626298226
20000,0.572195070117542
20000,0.5103397214939226
20000,0.45162641557113853
20000,0.7541687694306217
20000,0.4244264255390467
20000,0.6694874831364541
20000,0.6349719777451568
20000,0.41521771470438756
20000,0.6157842820029307
20000,0.48620281213322875
20000,0.47726194751278267
20000,0.5405608707045664
20000,0.43532726299168256
20000,0.5225477815272924
20000,0.5019293073667814
20000,0.43256697619995593
20000,0.5826859163331887
20000,0.5106799451896609
20000,0.5597881282092892
20000,0.4813188639610402
20000,0.48259496322424356
20000,0.628322718528748
20000,0.7881089979284865
20000,0.6864130525077072
20000,0.46250222590851986
20000,0.7172918371288913
20000,0.44500617359880745
20000,0.5157287637508803
20000,0.5033860751458314
20000,0.657175139200322
20000,0.5272014057443805
20000,0.7350112631199666
20000,0.6300986624827097
20000,0.4241294090740349
20000,0.42756864565880753
20000,0.5568297022367198
20000,0.5609612859789191
20000,0.5701457568260696
20000,0.4556760488968818
20000,0.39837577284874254
20000,0.44210085438056423
20000,0.46204817328101744
20000,0.44127654222215307
20000,0.5539944116688558
20000,0.5414522008438583
20000,0.5843954583801708
20000,0.5064069658746098
20000,0.6307433585847224
20000,0.6333206162987758
20000,0.6546807767185406
20000,0.4883304498514148
20000,0.41135421078765333
20000,0.45176387258884754
20000,0.6299419146760267
20000,0.4901662073269888
20000,0.5657968699238114
20000,0.47376800542640857
20000,0.488616490782639
20000,0.48757974659361997
20000,0.5110148023743984
20000,0.641112287051017
20000,0.4547415181138294
20000,0.3949656425020799
20000,0.4461304252136048
20000,0.4069701667667244
20000,0.5886718410778186
20000,0.5779061370483161
20000,0.5217741424088678
20000,0.5889361189406197
20000,0.5508250141694107
20000,0.6235334608729524
20000,0.542858248299511
20000,0.39428513706485413
20000,0.47574681534398716
20000,0.5884132918327217
20000,0.5379891047006805
20000,0.4858747532860042
20000,0.5777389595636463
20000,0.5328162426842822
20000,0.5767537197087224
20000,0.6737532964629058
20000,0.4836544457431103
20000,0.49133015204355396
20000,0.44873706602201807
20000,0.44059205937667173
20000,0.4351704157620349
20000,0.5421426294310586
20000,0.4170488975078543
20000,0.45946417646289595
20000,0.4616457843085966
20000,0.6039364254052798
20000,0.4185573677080901
20000,0.533983081356183
20000,0.5464544295901197
20000,0.43537610790693565
20000,0.42220056738017064
20000,0.5668004024674335
20000,0.570445426528658
20000,0.5162420456929147
20000,0.5054676974368456
20000,0.5464515381631374
20000,0.7218046921027796
20000,0.5926609927607478
20000,0.5630530761078515
20000,0.4705295888635917
20000,0.5817009779585626
20000,0.5525347345127664
20000,0.5020041198389146
20000,0.5265942885598737
20000,0.42577614237049155
20000,0.6853399675581706
20000,0.5354789828973685
20000,0.604263803523754
20000,0.4834545280055659
20000,0.5185255747897358
20000,0.7285765951335959
20000,0.5330310183075712
20000,0.7163693603941742
20000,0.6058829521932307
20000,0.5095400861008288
20000,0.537228689101965
20000,0.5246991294644439
20000,0.5988892161978503
20000,0.4118166210772318
20000,0.7836563669952551
20000,0.45534884170195933
20000,0.4852073216470686
20000,0.6281660140364902
20000,0.5735082609001281
20000,0.4566017410842308
20000,0.6297823053307727
20000,0.4942409834878844
20000,0.48081749622177467
20000,0.3940476435774118
20000,0.6043993714845294
20000,0.48893259443452863
20000,0.5202742893642867
20000,0.46006716036683004
20000,0.4734462343066247
20000,0.5643894993537069
20000,0.5164412869170253
20000,0.4406420677789066
20000,0.39896763812634733
20000,0.5532651594483323
20000,0.6196239640854804
20000,0.6158446797289442
20000,0.47364348894423086
20000,0.5699248747617407
20000,0.48161443563711553
20000,0.8234004369066675
20000,0.4443363487088323
20000,0.549877102934788
20000,0.5307110864997662
20000,0.5261664666620348
20000,0.4337564317667196
20000,0.728752433487274
20000,0.5032373369589271
20000,0.6954414253407321
20000,0.4280181562438538
20000,0.518834112633125
20000,0.4830565147280717
20000,0.5062700556419532
20000,0.6741521704249592
20000,0.43422756933949264
20000,0.5633526109263008
20000,0.5376449899614602
20000,0.51894162732844
20000,0.5109559340101179
20000,0.473490759401123
20000,0.5675262954582695
20000,0.44967264544603436
20000,0.7638858564554843
20000,0.5336107221826619
20000,0.5564893849685835
20000,0.4462863329406645
20000,0.4734587164901784
20000,0.4692198631927302
20000,0.5442386647160883
20000,0.45833976966232665
20000,0.4497433180815422
20000,0.5721867883628988
20000,0.4586416813263315
20000,0.5147429575418202
20000,0.7133301422577412
20000,0.45659366862269846
20000,0.8454521423869911
20000,0.41984244471463744
20000,0.510892792326264
20000,0.45283312862492003
20000,0.5948645271718974
20000,0.5426211024296792
20000,0.526943016636981
20000,0.49086979911691725
20000,0.5283616556387899
20000,0.4148087910409913
20000,0.6018713272574583
20000,0.5302215623124629
20000,0.41592851468939407
20000,0.5463392777793084
20000,0.49482432720196184
20000,0.5608770895528403
20000,0.4257260797357552
20000,0.6449464562018606
20000,0.6123555126623553
20000,0.5249905815053321
20000,0.5003568198663706
20000,0.8168669870877182
20000,0.4718340144653368
20000,0.6426836838030096
20000,0.6192719219701891
20000,0.5997128721913124
20000,0.47617070698513314
20000,0.4776563610332687
20000,0.5149307752216944
20000,0.48557976320788243
20000,0.6194671871937274
20000,0.41119669613648563
20000,0.4105635829601824
20000,0.568313095352477
20000,0.5316161241750479
20000,0.571990928025856
20000,0.49610022911065665
20000,0.40624066035241485
20000,0.6252701326273048
20000,0.6303916626130548
20000,0.5373261986918704
20000,0.679667573045472
20000,0.7099173893756341
20000,0.4659594590457578
20000,0.4953856134951216
20000,0.5096812662914548
20000,0.4421396080104595
20000,0.4822176872791518
20000,0.5445201416197395
20000,0.5406442520660754
20000,0.48211089566460275
20000,0.7380986587614267
20000,0.6964118573863624
20000,0.6376216930860416
20000,0.47245586927054134
20000,0.5470237762961699
20000,0.594731017924775
20000,0.5837357808019169
20000,0.4425591257711349
20000,0.46107157710394064
20000,0.48022327466403103
20000,0.5607809301248261
20000,0.4651273610104225
20000,0.7918895118421345
20000,0.5302761352355515
20000,0.6648708427801464
20000,0.4182197762040698
20000,0.3996696378378139
20000,0.493370421266708
20000,0.5425786173266867
20000,0.5458650622315093
20000,0.4266444596383699
20000,0.6445008668986268
20000,0.5033366044849231
20000,0.4105493818446713
20000,0.575133230880162
20000,0.39246821661075254
20000,0.5027407543123198
20000,0.6459607133532398
20000,0.4758515310159294
20000,0.5653959480910774
20000,0.5720187224122352
20000,0.39454061709294086
20000,0.6744809832655226
20000,0.4975722640274893
20000,0.4992994531990365
20000,0.5512972217852388
20000,0.42780962244228216
20000,0.5364344104179902
20000,0.4842846018978613
20000,0.5325494513597252
20000,0.4352577353451705
20000,0.5292844375863833
20000,0.44208053655520646
20000,0.4652759050509686
20000,0.4317387578902337
20000,0.5189559548849575
20000,0.4985506691862125
20000,0.5137403307632683
20000,0.48326314523793834
20000,0.67634930307265
20000,0.42824049362178046
20000,0.43000341909637646
20000,0.5928104780778842
20000,0.44329804398088274
20000,0.5142942599445465
20000,0.4738744419206755
20000,0.48426716027290106
20000,0.5028174104728301
20000,0.4243205035781808
20000,0.5386748102165447
20000,0.45813186781752674
20000,0.5157984339699826
20000,0.471470171284901
20000,0.5967241385710305
20000,0.42551451250638744
20000,0.42694653822546164
20000,0.48745736937605877
20000,0.5114724691348259
20000,0.3874332478617213
20000,0.5385486195337031
20000,0.5005146987328791
20000,0.5129222018749713
20000,0.626839717142105
20000,0.4231587089948272
20000,0.48525654517142436
20000,0.5435466579205511
20000,0.47981584537782007
20000,0.5910562354186363
20000,0.5526544133210376
20000,0.5989257352172763
20000,0.45926217610001185
20000,0.5698078117735582
20000,0.6242322610311688
20000,0.430956573423167
20000,0.40957231427566415
20000,0.5608266147831975
20000,0.40482913907373275
20000,0.4811720873204629
20000,0.49564362454127325
20000,0.4329999202121388
20000,0.6851285142437651
20000,0.5588589320677838
20000,0.5291833744765294
20000,0.6152568119899569
20000,0.5136646123456424
20000,0.5301108629262504
20000,0.6554720369400351
20000,0.43738993083790745
20000,0.5471548268397423
20000,0.6455656317881477
20000,0.49266704950455353
20000,0.4713603271680593
20000,0.5181411249062114
20000,0.43388131967257787
20000,0.7613639493146297
20000,0.4927956594709434
20000,0.5515666968823171
20000,0.5123904542832923
20000,0.45672572179664445
20000,0.5119875726160197
20000,0.6263383091534928
20000,0.5795886823696379
20000,0.5101687947080931
20000,0.6497727443062661
20000,0.539250995034783
20000,0.48696925149971626
20000,0.5318112950902956
20000,0.5470945376516273
20000,0.4992975405543634
20000,0.5304173564845935
20000,0.5125507027749215
20000,0.636100748901891
20000,0.5839337635539946
20000,0.5088998331329283
20000,0.6157364177955762
20000,0.5097999242433744
20000,0.6377842225343644
20000,0.3901321767688225
20000,0.5452548677342328
20000,0.44595336659463936
20000,0.643652352725601
20000,0.406276784926107
20000,0.5234213605153979
20000,0.5505376818977911
20000,0.5846741665260019
20000,0.4150468377495568
20000,0.585018876282475
20000,0.4867027459309831
20000,0.4652873241562089
20000,0.4923469766194582
20000,0.4230168323578811
20000,0.4664561175859063
20000,0.4637384622886108
20000,0.5423113165211576
20000,0.44842093139678296
20000,0.4858378046588597
20000,0.5236615745011219
20000,0.5722932773404756
20000,0.4872280513544652
20000,0.50185717346623
20000,0.5236375650095849
20000,0.4895181284772005
20000,0.4371756524631227
20000,0.5376162027151863
20000,0.656261057866094
20000,0.47242189170568755
20000,0.4331442323439898
20000,0.48613387732813795
20000,0.5095029396607235
20000,0.5928015588114587
20000,0.4810283035923486
20000,0.5283055168147859
20000,0.5793401557048148
20000,0.533479782804184
20000,0.6249023023596358
20000,0.5826883061329325
20000,0.5162915775393913
20000,0.6408899465097696
20000,0.5341847010843008
20000,0.4722470722747398
20000,0.5541199076348079
20000,0.5027877846399575
20000,0.5379263096632088
20000,0.5073929550690279
20000,0.43545068929757097
20000,0.5113564198914364
20000,0.4831270422160933
20000,0.46598185901808775
20000,0.5157517608416525
20000,0.46417497167037075
20000,0.48087945395891996
20000,0.5870323877798872
20000,0.4923541568270183
20000,0.5700353591081753
20000,0.6160352583549458
20000,0.4588013912780767
20000,0.5931612421926361
20000,0.43787581098779516
20000,0.5288655777617971
20000,0.6822954569701534
20000,0.5020807039152091
20000,0.607114766088577
20000,0.42574476287991514
20000,0.6491664860558706
20000,0.5542297727450827
20000,0.5731467788119567
20000,0.4418163041267558
20000,0.4762074687009397
20000,0.5430522014229843
20000,0.4466455989518143
20000,0.5272428012075286
20000,0.5430221161668276
20000,0.5515508662272609
20000,0.7442863103814761
20000,0.524807027523907
20000,0.5264818315563813
20000,0.6426259483646674
20000,0.7680518458632162
20000,0.43745517336187517
20000,0.7152145100349786
20000,0.6099676841999583
20000,0.5482053506623932
20000,0.4997036702144178
20000,0.5700575632676221
20000,0.46857357525813986
20000,0.46789484211394017
20000,0.6352772964912864
20000,0.3831355817342994
20000,0.7828520560294375
20000,0.4901166098298184
20000,0.5488787141046276
20000,0.516262091959055
20000,0.4520086121343861
20000,0.46540703534937256
20000,0.5284597463898941
20000,0.49307184931387793
20000,0.4186992475896802
20000,0.5953782758734008
20000,0.5438086003654888
20000,0.6833368148223133
20000,0.5288242488957065
20000,0.3994623314542092
20000,0.5329449258265445
20000,0.4049321164792344
20000,0.572066393470881
20000,0.6921000842839938
20000,0.6124883311887875
20000,0.5049071054968529
20000,0.6476545527453571
20000,0.43727623695949375
20000,0.47642433056792893
20000,0.5458720742472359
20000,0.6571467734699266
20000,0.5247767704508091
20000,0.48251290803509606
20000,0.6123239287268036
20000,0.4771202336343771
20000,0.48616539823412835
20000,0.40279891820841296
20000,0.4877801113560208
20000,0.5444530544374603
20000,0.5807711356477759
20000,0.6245773720992972
20000,0.5808726121692972
20000,0.4485770398621012
20000,0.4803782883170204
20000,0.49461692349952985
20000,0.38778168360096077
20000,0.41271171145408747
20000,0.5942949548474962
20000,0.5101817583691435
20000,0.5462384994486766
20000,0.5076302586111857
20000,0.4067878346966958
20000,0.6329787777323234
20000,0.5580631364569153
20000,0.5362711011530873
20000,0.5481880106543079
20000,0.5733159230479753
20000,0.6726202886562922
20000,0.536887990199385
20000,0.611898529464833
20000,0.4094544315919577
20000,0.5116705890501789
20000,0.5998655263059447
20000,0.6633850941310673
20000,0.49112492822640236
20000,0.6062341621103404
20000,0.4864975677265837
20000,0.5647932969199506
20000,0.5507862529808418
20000,0.500197297963017
20000,0.5435224515193364
20000,0.39201861059611
20000,0.48123095888271533
20000,0.430001530488475
20000,0.4199789237353675
20000,0.503994101499377
20000,0.6340514406825561
20000,0.4724451846121468
20000,0.4264565400920001
20000,0.5137483546742764
20000,0.5811406754744448
20000,0.5950627562413318
20000,0.5688257038601606
20000,0.4029142160918873
20000,0.47676698041164495
20000,0.42780754942816773
20000,0.7933879195787666
20000,0.5407421112546544
20000,0.6407859941315346
20000,0.4724778044036688
20000,0.43577219530257055
20000,0.3878680985188412
20000,0.6259165914177817
20000,0.45477912215852334
20000,0.4386081563047702
20000,0.5140187295540855
20000,0.4522543560139946
20000,0.4376026319213013
20000,0.5491389633778482
20000,0.5503057007143399
20000,0.48151195154099247
20000,0.5091395751451021
20000,0.5144673885698985
20000,0.6640579212423603
20000,0.5597553060820076
20000,0.5410008746816312
20000,0.3962581291967898
20000,0.4158593026694159
20000,0.5468425276591401
20000,0.7184144455070928
20000,0.5792578339284018
20000,0.5376804356526496
20000,0.4363684719895495
20000,0.520244751517378
20000,0.6019858732475417
20000,0.4835751132261179
20000,0.4561470012932957
20000,0.4812395253894158
20000,0.4186613727924251
20000,0.6432409643163152
20000,0.6061662472238525
20000,0.5616169134248711
20000,0.4347880786877461
20000,0.40378646076831476
20000,0.4079185196875106
20000,0.5727137290129717
20000,0.46899945520392744
20000,0.5889422097477852
20000,0.43794232431943064
20000,0.47435950681522576
20000,0.8094408638379721
20000,0.4398747764073732
20000,0.49468320110689423
20000,0.562692225733713
20000,0.8017561728700622
20000,0.4483651106755585
20000,0.49122192252473246
20000,0.5325816632500618
20000,0.5738319344798547
20000,0.44070891334462664
20000,0.5445278996462789
20000,0.6956199762989147
20000,0.5229961604816764
20000,0.46919489199883013
20000,0.3906986446802729
20000,0.44699925230858345
20000,0.4715329221034045
20000,0.6750463214489485
20000,0.7673924211385165
20000,0.5327351400546643
20000,0.5736030902398723
20000,0.4287965829366276
20000,0.4335725610994283
20000,0.632847208127752
20000,0.5190879334459142
20000,0.6539224200481251
20000,0.6259250413056091
20000,0.5606409227613368
20000,0.5321952574320045
20000,0.5319813744479933
20000,0.48012030471037476
20000,0.45646196235510256
20000,0.38997020350944556
20000,0.4128604618190397
20000,0.7172173843088828
20000,0.5102842330196067
20000,0.5125548087286471
20000,0.44081991599679926
20000,0.6285173475678378
20000,0.6654268209400416
20000,0.47339949794190633
20000,0.41607536697927605
20000,0.42352837331326076
20000,0.6067245304969386
20000,0.6546823654234116
20000,0.49479551539646494
20000,0.47796099187957114
20000,0.5529184626775479
20000,0.5561478537331412
20000,0.42841852245966644
20000,0.4257673109464995
20000,0.5621573802086899
20000,0.4296991651421516
20000,0.622221502055526
20000,0.5187900003720176
20000,0.433623362887555
20000,0.5795431050356995
20000,0.49768002079449075
20000,0.5668851258951352
20000,0.45775498744101706
20000,0.4841738791302038
20000,0.5420712190739035
20000,0.43936292715267183
20000,0.539950451161818
20000,0.6613098653904494
20000,0.4123299633965676
20000,0.4258283334236662
20000,0.49964441959006173
20000,0.5236644607257778
20000,0.6316467986306414
20000,0.4221617704590294
20000,0.7391714133782861
20000,0.7181160725870774
20000,0.48976234936350116
20000,0.5943834120279322
20000,0.480916026894903
20000,0.40183060644283786
20000,0.42868031737982887
20000,0.537283716040619
20000,0.40706927429237977
20000,0.549279026086407
20000,0.4480744628396802
20000,0.5264397838624949
20000,0.5258031052160688
20000,0.5124967521061872
20000,0.5586896196958985
20000,0.5548787642926902
20000,0.48041217792135377
20000,0.6930970433790173
20000,0.525887344112459
20000,0.5000678275208431
20000,0.42364902795991777
20000,0.5498069744247116
20000,0.47468594816825155
20000,0.6864971120272729
20000,0.49972490784089724
20000,0.6994180770363368
20000,0.4890605709990424
20000,0.5295999819484821
20000,0.6303486993753368
20000,0.7308974987576923
20000,0.5352753659303575
20000,0.5297781183989977
20000,0.6288743154424763
20000,0.6053166454611153
20000,0.5626882333337666
20000,0.5389977671654215
20000,0.4335107636763839
20000,0.5215792048549456
20000,0.49924540960441527
20000,0.5088507784459356
20000,0.7317973213353662
20000,0.4801696161876389
20000,0.47229239707745424
20000,0.5640212574797482
20000,0.49291259467474685
20000,0.6248303837222006
20000,0.5513023286115978
20000,0.5112771460188219
20000,0.5954715465528488
20000,0.6056873491689196
20000,0.4740626660249682
20000,0.4733553060398896
20000,0.5312952112168882
20000,0.4453875164094192
20000,0.4273188018528521
20000,0.5457900396597248
20000,0.6883232345978018
20000,0.6492400860153553
20000,0.6874441103636051
20000,0.392381931662301
20000,0.48320761893050496
20000,0.4755189250492435
20000,0.6705224387063005
20000,0.5447981233168481
20000,0.5779463255755728
20000,0.4448747944980594
20000,0.47504323614705074
20000,0.44057242471520247
20000,0.5646597783992295
20000,0.40037436911338664
20000,0.602171047945616
20000,0.4950848482927808
20000,0.5712274608989109
20000,0.569574906932826
20000,0.4178725928505228
20000,0.7006407739379795
20000,0.48311357079043343
20000,0.5705710005686898
20000,0.5358996860874828
20000,0.44012502700080286
20000,0.49616017717216526
20000,0.6154141290402116
20000,0.452752738350155
20000,0.45706506418326126
20000,0.4942370618611149
20000,0.553095346028994
20000,0.41041240960644865
20000,0.3975670759039231
20000,0.5427560510671832
20000,0.5414617503214122
20000,0.485393894056937
20000,0.40869130771113554
20000,0.5371379149868906
20000,0.6469219212126582
20000,0.825455516519032
20000,0.6229565144286817
20000,0.49655102427782044
20000,0.5742342550055233
20000,0.6285606121525887
20000,0.758531712808529
20000,0.5250617131212436
20000,0.5645283635001523
20000,0.5234394607832261
20000,0.6461692076812938
20000,0.3917426718583905
20000,0.46462729760231775
20000,0.43868924165653106
20000,0.6005486398196093
20000,0.46529092902864766
20000,0.498107942050222
20000,0.4703860796488772
20000,0.4730722160497049
20000,0.45187915322839545
20000,0.42043887163211624
20000,0.5177870896596228
20000,0.38973274292256327
20000,0.5246225718849437
20000,0.7299584984210162
20000,0.671243821571907
20000,0.521882179109854
20000,0.5187069397698697
20000,0.49149955583996735
20000,0.41566676503564265
20000,0.6678724004951737
20000,0.47350530628896803
20000,0.46745252442714397
20000,0.7152988864617085
20000,0.4810287379973774
20000,0.48447346398252894
20000,0.5195424361717593
20000,0.4314596055735961
20000,0.5373223645525662
20000,0.5051480166819762
20000,0.5100582837652566
20000,0.6643186448509794
20000,0.543191859703617
20000,0.7445755829887171
20000,0.5834455249303214
20000,0.5062167584201195
20000,0.5954684231043098
20000,0.44203675246115204
20000,0.4500367124413622
20000,0.5029815875577325
20000,0.5204666881705702
20000,0.5258833684197952
20000,0.43513968328894137
20000,0.6276923596173106
20000,0.5504363200171726
20000,0.5550317462498452
20000,0.42656154948389685
20000,0.48437135975077666
20000,0.6159787564888407
20000,0.39053692635016957
20000,0.5203502689857143
20000,0.4699943901556305
20000,0.5173504316647325
20000,0.43656179460294126
20000,0.42892100646641274
20000,0.6332802634186596
20000,0.6485826455096478
20000,0.6488066395295647
20000,0.47571955539390737
20000,0.6270356555607497
20000,0.5230758490414067
20000,0.46684409838266266
20000,0.7291371853102356
20000,0.5379093487730194
20000,0.4754148307567486
20000,0.43738849881536646
20000,0.560970955109871
20000,0.5501651817575174
20000,0.46137056893857503
20000,0.4303166347293707
20000,0.5826800697066737
20000,0.6080642781051798
20000,0.6370114792059725
20000,0.43233717599074095
20000,0.47858525314374367
20000,0.5202968437522041
20000,0.5939173672490327
20000,0.4992272684738671
20000,0.5274563284179017
20000,0.5285397111989548
20000,0.46094179821472914
20000,0.5641391752913933
20000,0.5029806754374594
20000,0.44059843474518806
20000,0.5139536337755827
20000,0.45070166801386413
20000,0.5166704928576672
20000,0.43774209734990766
20000,0.6904066972707742
20000,0.46337302908945355
20000,0.5721518846199698
20000,0.7267089269093173
20000,0.5200794639760254
20000,0.5243500054082955
20000,0.4732726857332368
20000,0.5211063745546476
20000,0.6198850272976326
20000,0.5119765656330211
20000,0.5449071259401986
20000,0.4061689086561031
20000,0.5299934891455482
20000,0.47127078323212146
20000,0.5188276994490303
20000,0.5368812070416863
20000,0.5516812931145776
20000,0.8088834304739786
20000,0.428057638377025
20000,0.3874855105578032
20000,0.5056173079208831
20000,0.3794884819451617
20000,0.5754850651475523
20000,0.509380337990525
20000,0.41787378413925874
20000,0.610646381518274
20000,0.48011466192134916
20000,0.6261064477599908
20000,0.4250224786954341
20000,0.4371289130561523
20000,0.5508829537736287
20000,0.6103311182103853
20000,0.4785651464308896
20000,0.4871454375334498
20000,0.6082358292434257
20000,0.6015611781985697
20000,0.43667396383928486
20000,0.42699027131909884
20000,0.5677567691408298
20000,0.5700167779615164
20000,0.4021686294721631
20000,0.6522365984557799
20000,0.6194902540333712
20000,0.47622091550891416
20000,0.6461303259693734
20000,0.6328904806665062
20000,0.5780608825893743
20000,0.6331694948477233
20000,0.5471237418612325
20000,0.47426807456937553
20000,0.5674997078776377
20000,0.5233980235482989
20000,0.62123716952466
20000,0.4154772349070243
20000,0.7374684334760626
20000,0.48427915046581793
20000,0.5557152838328121
20000,0.46349013340019884
20000,0.5564429961912358
20000,0.5562986323951763
20000,0.5035307765956013
20000,0.4427632284000873
20000,0.483967397862827
20000,0.4904089027118592
20000,0.5811530134333035
20000,0.4955553434462135
20000,0.4740939190265879
20000,0.646492763591107
20000,0.4636194197777675
20000,0.46526869003602345
20000,0.45861220356403776
20000,0.5015795459773652
20000,0.4903389740795839
20000,0.5837007319571128
20000,0.47490187101697123
20000,0.4850434044149493
20000,0.49851462458466883
20000,0.5716267780866049
20000,0.5509745356026803
20000,0.4841083074355507
20000,0.517740482564525
20000,0.5520467961091573
20000,0.6778198408802955
20000,0.48055991027051026
20000,0.6038386649510438
20000,0.6052549851291371
20000,0.589805936281027
20000,0.4808528411919556
20000,0.4561771515153509
20000,0.5854137478372663
20000,0.45373086485879366
20000,0.4588009890655302
20000,0.5021646354236207
20000,0.3931471630831968
20000,0.4119953089351973
20000,0.582388559112932
20000,0.47304478770946395
20000,0.5678507685207703
20000,0.5841207337328636
20000,0.5357229553558271
20000,0.5410065666118419
20000,0.4373623793446441
20000,0.5973572409069314
20000,0.5705000551182057
20000,0.501840298698641
20000,0.4950260588280868
20000,0.5677150056630689
20000,0.5650151296911445
20000,0.6111542181968774
20000,0.6432013671311585
20000,0.6742672667863794
20000,0.4103063699421663
20000,0.4698855250470748
20000,0.6215814170341197
20000,0.525428782359292
20000,0.5133191206594703
20000,0.5159000818793701
20000,0.4821204749942764
20000,0.6238465768281892
20000,0.5043988171380731
20000,0.39870656245930264
20000,0.4918801663596431
20000,0.6240825030533259
20000,0.5587712791782482
20000,0.5090000557048397
20000,0.42534873098927034
20000,0.48620394631030756
20000,0.5066759987627053
20000,0.5008714847776118
20000,0.5477374689436829
20000,0.4138965944467964
20000,0.4933603383506319
20000,0.4374850725247313
20000,0.5644812319533052
20000,0.4745300749843226
20000,0.4807978695349108
20000,0.5669431228107176
20000,0.6921297824729485
20000,0.6068448134354584
20000,0.4531524192882713
20000,0.7039904651773371
20000,0.47548791589686445
20000,0.4909952834010383
20000,0.3818801714370594
20000,0.6240315074134152
20000,0.750354002193255
20000,0.39233416755285494
20000,0.5603312435834653
20000,0.5874368253307977
20000,0.48706512242484196
20000,0.5340167435793858
20000,0.5498869130221543
20000,0.44466520913506385
20000,0.4532835787922415
20000,0.5720303122050314
20000,0.4265044556290787
20000,0.544524776805508
20000,0.39353239107236787
20000,0.4153710254783883
20000,0.4836688890431129
20000,0.49140395894186234
20000,0.6374243013728247
20000,0.6069156545690462
20000,0.4711115162968843
20000,0.6556594301693978
20000,0.47708405884360827
20000,0.6472961943301981
20000,0.5558291628312577
20000,0.4263820291925176
20000,0.6227813297422934
20000,0.5362761980773385
20000,0.49408332686519946
20000,0.46254328648957144
20000,0.38701452128274827
20000,0.5332813387815075
20000,0.524063484792751
20000,0.5123457480527653
20000,0.4378683894354391
20000,0.4184903340312779
20000,0.4721873427441711
20000,0.4455882942792623
20000,0.4902643075086963
20000,0.4164869506351378
20000,0.5532682690774217
20000,0.5373528545041866
20000,0.4700982303919878
20000,0.3936915814116532
20000,0.5667663683417996
20000,0.5111349230329942
20000,0.5491285706721156
20000,0.48419711653701525
20000,0.7097676896078914
20000,0.40583000434916533
20000,0.603940899235415
20000,0.49278412117328846
20000,0.5114729099956737
20000,0.41784865580248504
20000,0.5209415016093775
20000,0.5417780470698053
20000,0.4943678840448305
20000,0.4576870123340653
20000,0.5756463219130118
20000,0.5325972058251621
20000,0.5466682114048484
20000,0.4855755787316782
20000,0.5090433995768785
20000,0.42301191605013566
20000,0.5523575720590177
20000,0.6742472139195701
20000,0.4373602115763035
20000,0.40318865094654727
20000,0.4874382135386257
20000,0.5936488029152572
20000,0.512461725483425
20000,0.3841798254382394
20000,0.446614252380561
20000,0.47918018374961574
20000,0.5853520108960035
20000,0.537999976307143
20000,0.6453433904306042
20000,0.48379703709548977
20000,0.39807648801415363
20000,0.44577399657832134
20000,0.7262496481408294
20000,0.5733659831634986
20000,0.5499710164532198
20000,0.5019929808945032
20000,0.45256719611393076
20000,0.3946431921213942
20000,0.4207219046766061
20000,0.5546598972844986
20000,0.45321460560970417
20000,0.4971476656577268
20000,0.43576499897693033
20000,0.5545505551277474
20000,0.4007863448964718
20000,0.5502292181228013
20000,0.5628792026373634
20000,0.40315007790770174
20000,0.4165856573442952
20000,0.43619253234568334
20000,0.7726734544505256
20000,0.5664026234760681
20000,0.4857950872962105
20000,0.6753465839112612
20000,0.7563792966844763
20000,0.4885830943131137
20000,0.4293114550969943
20000,0.60185205109597
20000,0.5395624477287165
20000,0.5152207106318608
20000,0.5850000706198392
20000,0.5183254814673802
20000,0.44514764664204387
20000,0.5550122117235964
20000,0.6497100587720942
20000,0.5854025901552316
20000,0.5136118995090747
20000,0.5086422358891556
20000,0.5243527610141797
20000,0.5440463740679787
20000,0.49459097101975563
20000,0.5349427896205262
20000,0.46991756632088333
20000,0.5635388735107848
20000,0.5745814846957386
20000,0.6250271528994483
20000,0.6396522959239521
20000,0.5209929389667581
20000,0.5302901593040261
20000,0.6221841789378404
20000,0.6740071548884083
20000,0.5266268015376483
20000,0.5334311016743307
20000,0.5078243903598808
20000,0.4119432526615793
20000,0.454827968466335
20000,0.4380092486034947
20000,0.5383022509832776
20000,0.6475496848451131
20000,0.49053245924909733
20000,0.45282385754896304
20000,0.5195312753585399
20000,0.5360669301087062
20000,0.3981900233923357
20000,0.6003231172035484
20000,0.43715993849525225
20000,0.5124344404611682
20000,0.4314713786251203
20000,0.5027526106521393
20000,0.5562050849960141
20000,0.4363858118374235
20000,0.4067405819316235
20000,0.508297466975253
20000,0.7055707639263401
20000,0.6144712128650852
20000,0.6042607578635872
20000,0.45461698398063694
20000,0.6234417203489828
20000,0.42450456627878447
20000,0.5582378047130203
20000,0.708457784678234
20000,0.5421687814029335
20000,0.49658497812573743
20000,0.5239672249234976
20000,0.4334571981713767
20000,0.618719792792664
20000,0.4887591258682687
20000,0.4635961951117895
20000,0.6964018960163474
20000,0.5837467240999398
20000,0.6068712050733326
20000,0.49942485819295857
20000,0.671475653971775
20000,0.4468796991973468
20000,0.6110760185545493
20000,0.41163850200884955
20000,0.5887095428139852
20000,0.6937529718994774
20000,0.6095168460126468
20000,0.416351157845686
20000,0.5398990357501725
20000,0.4702436939497207
20000,0.5289080838304105
20000,0.5158862414339425
20000,0.5853523116418721
20000,0.9160163292236294
20000,0.4180249456304583
20000,0.5171400416858549
20000,0.4387697097966869
20000,0.4289828209886127
20000,0.602757204682004
20000,0.4338402838200351
20000,0.4662976383946142
20000,0.6247962610113664
20000,0.5723533018062685
20000,0.47969581361861924
20000,0.449645970295595
20000,0.4808811494855357
20000,0.4650131906243534
20000,0.528884668401674
20000,0.4816679471486341
20000,0.3892221243799298
20000,0.558717064854881
20000,0.4868031411568308
20000,0.4877332317752926
20000,0.6316658727094754
20000,0.47867263750417477
20000,0.45843039378972217
20000,0.5141842956702453
20000,0.7680564701203874
20000,0.5343152023871584
20000,0.5285320005778212
20000,0.7517157902481177
20000,0.43031917892501786
20000,0.5685115645273182
20000,0.4563122035601513
20000,0.4662088167720675
20000,0.5202366222878684
20000,0.5898489375163839
20000,0.5194059308386693
20000,0.4202070283715839
20000,0.3936319713091117
20000,0.41540674396305716
20000,0.5091054184429564
20000,0.475614920301574
20000,0.5311761490708891
20000,0.4632249853862421
20000,0.6057618939468368
20000,0.4189721619307277
20000,0.6069819612946872
20000,0.4677934491645587
20000,0.531431896656569
20000,0.5304680626173837
20000,0.5688133554949019
20000,0.5405108281506908
20000,0.5296674017649066
20000,0.528057965027314
20000,0.5084601131999201
20000,0.7861092589641779
20000,0.5574155671430641
20000,0.5264820496011298
20000,0.5274925992492568
20000,0.6251789071105205
20000,0.5883905571192728
20000,0.41024619631758397
20000,0.48515398419060896
20000,0.48332844669895797
20000,0.48523994001222714
20000,0.5408608524142577
20000,0.4685241219763124
20000,0.4275628635034472
20000,0.5564362922994986
20000,0.5112260927198343
20000,0.45214968978120385
20000,0.4783528494048081
20000,0.3937883623390224
20000,0.6033794769997678
20000,0.5546264895036387
20000,0.6927486968696331
20000,0.5098374413888161
20000,0.5119125321796573
20000,0.4763048688463439
20000,0.5335138004037633
20000,0.43428353817873583
20000,0.6291876122860314
20000,0.6984125251627321
20000,0.5229142016061396
20000,0.4781561068229841
20000,0.4791563561689328
20000,0.47331953132000454
20000,0.5082444802150123
20000,0.5294203253058059
20000,0.39829319914705724
20000,0.4164797230488324
20000,0.48133396009413953
20000,0.627987450548565
20000,0.5221602214855091
20000,0.595805714886424
20000,0.4564553295086843
20000,0.557601350053879
20000,0.46012150891813525
20000,0.5941056193292519
20000,0.5384858240467689
20000,0.4647127646794156
20000,0.5965194247938366
20000,0.4441943267338063
20000,0.548568704440052
20000,0.4945530664605259
20000,0.5227624527526685
20000,0.7120442720547738
20000,0.47234776999297307
20000,0.6669904689970013
20000,0.4835909124128965
20000,0.5066784129547447
20000,0.4201456009861119
20000,0.4766677743855979
20000,0.5869020882549857
20000,0.6416758058352982
20000,0.46710849553146505
20000,0.41398752856063264
20000,0.5746144101395196
20000,0.5114951594619049
20000,0.3922987008122897
20000,0.4841474832248935
20000,0.43340775349597616
20000,0.7385478584919138
20000,0.48606006893087467
20000,0.8314636707762325
20000,0.4783768274919147
20000,0.60790362521922
20000,0.5150535894683217
20000,0.557825000279134
20000,0.5993406999662511
20000,0.5188927109858013
20000,0.46971536518232904
20000,0.4884145134560375
20000,0.5503162907472838
20000,0.47198062288210463
20000,0.4001716487289445
20000,0.6735655472766786
20000,0.5723310490140553
20000,0.4488050019725026
20000,0.4415809166993554
20000,0.5341896754958453
20000,0.4308418327281769
20000,0.48907496174856957
20000,0.5264492566646978
20000,0.425492979421742
20000,0.4243278142627544
20000,0.5240805814315953
20000,0.6966450206420158
20000,0.5544413719784321
20000,0.5720554169467597
20000,0.6010018249815628
20000,0.6335621358190279
20000,0.48515663709933743
20000,0.4485730726147087
20000,0.5100364750488824
20000,0.6222818577564391
20000,0.4042960255679151
20000,0.42217461737799067
20000,0.5079555992739879
20000,0.5461696725954525
20000,0.4901550969522569
20000,0.569718366978844
20000,0.4482571366754763
20000,0.6752594410389833
20000,0.5690888222862533
20000,0.5196393476564231
20000,0.7898254983436197
20000,0.6080595183302808
20000,0.41520330018041335
20000,0.47704037795211546
20000,0.5840854418412246
20000,0.4388031431340069
20000,0.48963089115972525
20000,0.40650404744340046
20000,0.6449181800594505
20000,0.6560668343390099
20000,0.44335851737299925
20000,0.4845586712708416
20000,0.41457196424504994
20000,0.5120450799652523
20000,0.45217778681587734
20000,0.41837700391267985
20000,0.5116060150630632
20000,0.7087377504634739
20000,0.7135514736302291
20000,0.4562275413877449
20000,0.5493013260842423
20000,0.5441145226670215
20000,0.48518142232620376
20000,0.5284675483348438
20000,0.4625181672769406
20000,0.5138739193793317
20000,0.50075051375684
20000,0.5181352839061796
20000,0.5077733550880859
20000,0.6249588037618369
20000,0.6497266914964333
20000,0.420285468412166
20000,0.5034881340002679
20000,0.4860243341151108
20000,0.6113751477997426
20000,0.5496522594340514
20000,0.6624657845037715
20000,0.6318466328713886
20000,0.5274039300492289
20000,0.5154679109072665
20000,0.4907680363309901
20000,0.5336492232346896
20000,0.5100460340829206
20000,0.45647109947102976
20000,0.4413822196621154
20000,0.4781795311067638
20000,0.5684996420814216
20000,0.5142963147673332
20000,0.4567856533125556
20000,0.559761161376777
20000,0.5678866458470021
20000,0.5470844581413179
20000,0.5111610792130131
20000,0.5123295443399978
20000,0.479200484070742
20000,0.4081515213680671
20000,0.43595868744774535
20000,0.5061793850628219
20000,0.3980517280700758
20000,0.40485429460618777
20000,0.7264799753928927
20000,0.5775217657901629
20000,0.5111078845455023
20000,0.3989789537856312
20000,0.6000663587791705
20000,0.5203452570634679
20000,0.5008914381536301
20000,0.4101642218652809
20000,0.5698975416874921
20000,0.7037632835689308
20000,0.5352175467268746
20000,0.4949729894612298
20000,0.4111481479130044
20000,0.48034402349273203
20000,0.523091775302268
20000,0.47856435033346856
20000,0.5227895341307257
20000,0.509516868528619
20000,0.6009976107915443
20000,0.5121773437104177
20000,0.4495173797932695
20000,0.4610083732534567
20000,0.44745101884725197
20000,0.380372464640515
20000,0.5073248428844354
20000,0.5343369764820117
20000,0.567178305044698
20000,0.4472489522975375
20000,0.4770921810512422
20000,0.49427364483270214
20000,0.5446853808418158
20000,0.6086273046194997
20000,0.47706588360943714
20000,0.5432001810051476
20000,0.5370722578538732
20000,0.42012184038235917
20000,0.5346417182761183
20000,0.513457877213633
20000,0.7295048748762937
20000,0.49904998849768784
20000,0.4848256321309667
20000,0.6412597350697884
20000,0.6984243694509551
20000,0.4958132493881051
20000,0.5688321524539585
20000,0.5866378871278114
20000,0.5728279934610537
20000,0.4717190867645875
20000,0.616177157653366
20000,0.619103954524379
20000,0.498891087569814
20000,0.5058572710634239
20000,0.42934142702023964
20000,0.5543324447187012
20000,0.5224956498882426
20000,0.4011441599666649
20000,0.65355614681761
20000,0.40042568274731
20000,0.5003817533698366
20000,0.40869419718124556
20000,0.5477433648809115
20000,0.5175399940830824
20000,0.6098046726173215
20000,0.6298889566177893
20000,0.4730381792108636
20000,0.539331718120188
20000,0.5592788336279826
20000,0.5727753725594961
20000,0.523653380790748
20000,0.4121695118415427
20000,0.559109763954635
20000,0.6361209405644033
20000,0.5123582512187167
20000,0.7530440905354534
20000,0.5824064216646023
20000,0.45077204193649995
20000,0.40917088640531324
20000,0.5133530671211686
20000,0.605916898643165
20000,0.5527966745532177
20000,0.6405722709424182
20000,0.4975668331125266
20000,0.6419320507774551
20000,0.4042521462043876
20000,0.6659574832118741
20000,0.4970342405397076
20000,0.5579507040658324
20000,0.43904415621095566
20000,0.4563618591966415
20000,0.535733319269207
20000,0.5339699050790149
20000,0.649906830142823
20000,0.4772695732991893
20000,0.548003049811796
20000,0.4243152327802161
20000,0.5000451550930458
20000,0.6305518521685817
20000,0.5768335346144642
20000,0.7097771412279567
20000,0.41550031897477363
20000,0.5762087292411772
20000,0.46817163594611777
20000,0.435674298638766
20000,0.6334169573874341
20000,0.707558805094086
20000,0.5506150631556002
20000,0.5826077898208945
20000,0.4935610639330846
20000,0.4675366799097999
20000,0.4925804971277397
20000,0.4230962847861722
20000,0.613534909268386
20000,0.4401106977750484
20000,0.6122106356651165
20000,0.550404838097682
20000,0.4961877188592519
20000,0.5181579894974133
20000,0.6175344194329496
20000,0.5721411009503022
20000,0.510124377057875
20000,0.7629680155644657
20000,0.49959684207799265
20000,0.5267944334330588
20000,0.6360756423953924
20000,0.5577387315428929
20000,0.4349114525417278
20000,0.7959578748594818
20000,0.49758678794249483
20000,0.5229188974929186
20000,0.39656784210404167
20000,0.3955627345053139
20000,0.4891236214010503
20000,0.5092961993605627
20000,0.4915753874274047
20000,0.530099774536481
20000,0.480369516023966
20000,0.5401428961055292
20000,0.43270039116612025
20000,0.47937906700955074
20000,0.5333533025059204
20000,0.4962708537538237
20000,0.482104569567745
20000,0.46911642946002224
20000,0.5173058724021752
20000,0.42354087613302316
20000,0.4713115259539974
20000,0.4589866923387297
20000,0.4900358786274611
20000,0.4827252087761134
20000,0.5661267242947868
20000,0.6438439939593767
20000,0.4240467431508669
20000,0.5102517280535273
20000,0.4685924405217144
20000,0.4273282436521977
20000,0.7457261151132264
20000,0.42896131731222403
20000,0.47540410187702015
20000,0.5277542939275861
20000,0.40510547985254297
20000,0.40067559521001256
20000,0.5860029292521752
20000,0.43879211250838507
20000,0.4851596885452286
20000,0.6534938765894822
20000,0.5481385349328606
20000,0.4167809864037248
20000,0.517484380481677
20000,0.7214598553971201
20000,0.6492284103967071
20000,0.532342069818377
20000,0.4400537224844932
20000,0.4880957769949692
20000,0.5624163757766991
20000,0.4932626224074938
20000,0.4278396926570185
20000,0.678693527974725
20000,0.522333209775367
20000,0.4547113814202352
20000,0.48123932718708085
20000,0.5381664995892552
20000,0.45505020987399286
20000,0.46114152049178697
20000,0.6205244962127191
20000,0.5424251850605505
20000,0.525827084283485
20000,0.4993887861213815
20000,0.6100198216940239
20000,0.4810933496161642
20000,0.5355210693286108
20000,0.4949762007374864
20000,0.5397048273088849
20000,0.5219646293905781
20000,0.5151097270575062
20000,0.4687682836673603
20000,0.45505078200483634
20000,0.6242596409941943
20000,0.48153566289869454
20000,0.5507599585855727
20000,0.5497843307228588
20000,0.5473454574244985
20000,0.6345346686177341
20000,0.645824969140884
20000,0.5479149349822849
20000,0.525467410911077
20000,0.7467515372842428
20000,0.5364830264138983
20000,0.5124540082250297
20000,0.5774435216612527
20000,0.43832003787316
20000,0.5672883223351869
20000,0.4842688639471489
20000,0.4400868912357218
20000,0.4006235636062819
20000,0.6523130855139432
20000,0.4739728778154938
20000,0.4861683900358887
20000,0.4871700537932705
20000,0.5247279368528228
20000,0.4190750967228724
20000,0.5620584129617133
20000,0.4965498769292971
20000,0.40125060923038225
20000,0.5589264921548109
20000,0.4206229800231482
20000,0.59460604812398
20000,0.41476209640752
20000,0.40931569531556333
20000,0.39237894785738614
20000,0.5118984513938618
20000,0.4497071170141606
20000,0.4118585863235682
20000,0.4853161121823137
20000,0.5147048931606607
20000,0.7954799743276078
20000,0.49965342245577976
20000,0.5469531152380167
20000,0.5157594131538777
20000,0.4692770463206679
20000,0.6049645809211016
20000,0.4408514447212649
20000,0.45623714146779826
20000,0.4344304086159329
20000,0.47586385074649096
20000,0.4607605876823053
20000,0.5149425287399482
20000,0.39497650560313163
20000,0.5326993090530271
20000,0.48618533224135735
20000,0.45481514947503604
20000,0.47707958843471865
20000,0.5025097191119772
20000,0.49919214654298755
20000,0.6044436872281245
20000,0.49473782080090173
20000,0.6207615706115379
20000,0.580698092023205
20000,0.5127886131063195
20000,0.42046073280146223
20000,0.5661432735870663
20000,0.45122981504643456
20000,0.4302531973089505
20000,0.5657245721523979
20000,0.5565284704336391
20000,0.550194483179184
20000,0.42646148836532044
20000,0.48512174101380556
20000,0.590058332714909
20000,0.40835850006264185
20000,0.48172679209322256
20000,0.48674340306531105
20000,0.4581718669386088
20000,0.5585409231765157
20000,0.48362967087890557
20000,0.3995261103301946
20000,0.6303062668391127
20000,0.5811394930985655
20000,0.5417956906158715
20000,0.4437944009560893
20000,0.482900443565712
20000,0.6668668185662477
20000,0.40272059496126555
20000,0.42768780928210054
20000,0.5201138538082436
20000,0.44855422877172946
20000,0.5199999908620254
20000,0.5792768534867928
20000,0.6543759840591132
20000,0.47587637443496417
20000,0.45406142708707
20000,0.49820691489323843
20000,0.3925116253122892
20000,0.524327999762139
20000,0.4306626236690119
20000,0.45549149210624723
20000,0.5083002857520114
20000,0.4674280325225293
20000,0.4698921702839544
20000,0.6606670466680883
20000,0.4668958001842336
20000,0.5284360987496031
20000,0.7091501952396494
20000,0.5277446961623622
20000,0.39716454773771354
20000,0.4321927342174667
20000,0.5348554809353114
20000,0.45232299608996784
20000,0.6360091211360234
20000,0.5007943168558424
20000,0.5798784298371219
20000,0.42903160064504886
20000,0.41016914048767383
20000,0.5629417498014284
20000,0.5072604879165112
20000,0.58154301246883
20000,0.647803257595131
20000,0.5067440877412064
20000,0.4930108610653222
20000,0.4797397644706598
20000,0.42801027681044296
20000,0.3953266035253841
20000,0.5299664802254858
20000,0.4106112650033172
20000,0.6908766213642199
20000,0.7647381407383393
20000,0.5658117562781798
20000,0.44291487729894
20000,0.6347725955783915
20000,0.5102567231101478
20000,0.43895677029264685
20000,0.5367444261873131
20000,0.41575724462186586
20000,0.44992330275688247
20000,0.4979047949630568
20000,0.5800590280786756
20000,0.4009865380000293
20000,0.5363460071715698
20000,0.4333436456801837
20000,0.5507164261725989
20000,0.5125120911336918
20000,0.4043743980825189
20000,0.4913118944903908
20000,0.5839847446005875
20000,0.4367181346472632
20000,0.44471613238969576
20000,0.48626996250762683
20000,0.4519564108246437
20000,0.5130053638435536
20000,0.6254540408521837
20000,0.4776408920230718
20000,0.5995342781014685
20000,0.4563621458187798
20000,0.4765135379154887
20000,0.4747718801964761
20000,0.5190847031030735
20000,0.4780315835061828
20000,0.5351905447129377
20000,0.5599321564495626
20000,0.4725355814552599
20000,0.6855985513092807
20000,0.6284618128604982
20000,0.5571745447794269
20000,0.5099677268528079
20000,0.4880446015915817
20000,0.4532367547554534
20000,0.5050841970183348
20000,0.6734484304984922
20000,0.5736187447382853
20000,0.7125156841798225
20000,0.48263909516458486
20000,0.5082154064117799
20000,0.6956221002090085
20000,0.5468867117587314
20000,0.38787790181735937
20000,0.6083441607768864
20000,0.5207042012879187
20000,0.48926745270414185
20000,0.6495418449040422
20000,0.491301692047156
20000,0.5994745248880694
20000,0.5228094388618204
20000,0.5255049325640773
20000,0.4330138065666525
20000,0.5642746479128217
20000,0.5367589259190931
20000,0.40504549284539276
20000,0.4321676736823869
20000,0.5225414146166764
20000,0.49691656094896114
20000,0.6461193935935972
20000,0.6337885440176065
20000,0.4635636158374435
20000,0.39102058336248685
20000,0.5311610519100292
20000,0.42305021782265956
20000,0.7453262416441205
20000,0.6767257586706542
20000,0.5198637628320795
20000,0.39988034388487603
20000,0.5722144013171696
20000,0.5148016884084197
20000,0.5002425786220351
20000,0.42148064796071605
20000,0.5536495332571355
20000,0.4995642853451451
20000,0.5218016094555316
20000,0.4453823679632304
20000,0.701912714893233
20000,0.5658389985472164
20000,0.5593452437241208
20000,0.5078859162142504
20000,0.5028993773088501
20000,0.5420715199672658
20000,0.411914534324711
20000,0.4201284301850418
20000,0.6173395991816326
20000,0.43224324830515176
20000,0.5044311669376583
20000,0.6021698279439448
20000,0.7593958749729084
20000,0.5318841440362323
20000,0.5701441639249384
20000,0.7115689727526399
20000,0.4525048334214493
20000,0.48541215935981147
20000,0.4978615546453051
20000,0.5641760541747421
20000,0.6786743741752633
20000,0.6582868604404533
20000,0.5554715215974594
20000,0.4255544792651876
20000,0.46025449817001096
20000,0.600885436370924
20000,0.39931974177572643
20000,0.5737003165558713
20000,0.49985750953700736
20000,0.6858978746912836
20000,0.6625168115887419
20000,0.4140881869113898
20000,0.6281968620220466
20000,0.5318225770248988
20000,0.6489225408263519
20000,0.6419224132124611
20000,0.5273225646220263
20000,0.4769786731200641
20000,0.45497022168598755
20000,0.5148728144410619
20000,0.505360167645629
20000,0.4978437067945292
20000,0.48368612395375943
20000,0.44261326046187405
20000,0.4146123284488846
20000,0.4152478084849508
20000,0.45975418236236754
20000,0.4752667381041524
20000,0.5440309102049254
20000,0.4760920168329543
20000,0.5002924213603257
20000,0.46400364914352893
20000,0.7470909923488279
20000,0.42422815007531184
20000,0.6114515905347223
20000,0.4298763786578997
20000,0.7594276535270744
20000,0.5314981346191775
20000,0.5338802024677588
20000,0.5416212894227879
20000,0.4030234988763243
20000,0.7117703731179577
20000,0.5082461376832093
20000,0.5133450247485754
20000,0.42753671223014356
20000,0.4252739488310667
20000,0.43795093660483425
20000,0.7561789490815276
20000,0.7919837357493549
20000,0.39540561820299946
20000,0.6475384304105376
20000,0.4030782949006239
20000,0.5305007295215453
20000,0.4236113755797942
20000,0.6043467111569559
20000,0.5873402886006088
20000,0.4589666312026819
20000,0.5029915820351425
20000,0.6357790038003042
20000,0.5934982325767273
20000,0.43991393909637616
20000,0.5044569899140603
20000,0.5623185154412604
20000,0.5509839576252408
20000,0.4184644875891544
20000,0.5987674198432835
20000,0.46110236315989417
20000,0.4968541640477435
20000,0.4981750815937066
20000,0.5477782455805877
20000,0.5817496778625012
20000,0.5314594372749565
20000,0.643166769143627
20000,0.5752345120162555
20000,0.5390059635870829
20000,0.5282456067999479
20000,0.6105584626385178
20000,0.39070240805161277
20000,0.5832252475645006
20000,0.41285771994152276
20000,0.5018476008773788
20000,0.6061211141421179
20000,0.4024000102753862
20000,0.4881645459989586
20000,0.47392042232675563
20000,0.5441809327048587
20000,0.5156512140834526
20000,0.5374886814842146
20000,0.49574077837152386
20000,0.48249192558545523
20000,0.5707733213341624
20000,0.5324676697377014
20000,0.5014437438155824
20000,0.5057213386775116
20000,0.5578798203360107
20000,0.41379780003835204
20000,0.5790755356287911
20000,0.7609254337806625
20000,0.4620355565249936
20000,0.5487934175014959
20000,0.47199914552202243
20000,0.48175461022515137
20000,0.5172519883773858
20000,0.6293312621202535
20000,0.48539077714601153
20000,0.38242942888199666
20000,0.525794594484306
20000,0.5666186750686272
20000,0.5213464109607889
20000,0.6229981931347733
20000,0.6450178882374796
20000,0.4931033145648165
20000,0.5590605753520422
20000,0.6900165924672499
20000,0.5909849374172168
20000,0.592099351812773
20000,0.4407498461369946
20000,0.4907752008359641
20000,0.6263173441506781
20000,0.5274004622486813
20000,0.5603472825701333
20000,0.4854031080575111
20000,0.4947842851054126
20000,0.477339823107063
20000,0.5829090699628856
20000,0.7960908667110673
20000,0.5114070486980588
20000,0.4318101559584241
20000,0.4194557679502264
20000,0.4369089603877907
20000,0.6533639727717313
20000,0.5126434543969632
20000,0.49562937134454005
20000,0.6060918841256174
20000,0.4858820021311933
20000,0.4870153123335723
20000,0.501703265439169
20000,0.41844135136241406
20000,0.5187053226858398
20000,0.5087634994565235
20000,0.5314012542426754
20000,0.4342516829214201
20000,0.6258249586989496
20000,0.47163983012582134
20000,0.43990381865474043
20000,0.47425724530183844
20000,0.46846185088598064
20000,0.4412831304361341
20000,0.4392984174839763
20000,0.7580098955179304
20000,0.45064397544842755
20000,0.42493469316161453
20000,0.4615033106034228
20000,0.42028460458553923
20000,0.49703786340912387
20000,0.5298346291289636
20000,0.6300663431445186
20000,0.43154561110872475
20000,0.45763466208377784
20000,0.5034336674505137
20000,0.47291804587214603
20000,0.4592956375606939
20000,0.4360355526908601
20000,0.47818688607741167
20000,0.5148019621857437
20000,0.7224274756602352
20000,0.3890617969060774
20000,0.40541704839030096
20000,0.42392888832131026
20000,0.6217071883912315
20000,0.466141566739834
20000,0.6001652285561337
20000,0.49695626876102883
20000,0.5420311945254299
20000,0.4711863496069418
20000,0.6507650176052306
20000,0.737025871098545
20000,0.4087784802480037
20000,0.5412975288433582
20000,0.5981491662032274
20000,0.5640448159032962
20000,0.812742511798116
20000,0.5455178541469664
20000,0.49169394363653474
20000,0.6312170327918075
20000,0.4823980695220991
20000,0.5652297698108216
20000,0.4531347038925818
20000,0.4953118837717308
20000,0.4927034066993113
20000,0.6137252260095267
20000,0.6321714777849047
20000,0.4675386037385921
20000,0.44655390201123407
20000,0.398835827210569
20000,0.6834071327444542
20000,0.5423131729142562
20000,0.9252555924658045
20000,0.486539249098342
20000,0.5947305291412615
20000,0.8046615052495486
20000,0.5769062298818344
20000,0.6136285503892993
20000,0.42869077371478587
20000,0.48337968647298074
20000,0.7157096486362601
20000,0.4707678947284648
20000,0.47279171528471087
20000,0.44592845127787295
20000,0.4801719688871814
20000,0.6405352129746491
20000,0.4496178974831211
20000,0.5479501419676898
20000,0.48620404462072253
20000,0.5929508496442476
20000,0.42041724124007673
20000,0.6383782928487343
20000,0.5030135157005828
20000,0.5678347019443143
20000,0.522503642602857
20000,0.6053273424847644
20000,0.4918751096526636
20000,0.5575513313162938
20000,0.5391145119700328
20000,0.5405784546364065
20000,0.4061064828607099
20000,0.5899375098709839
20000,0.5209670585829937
20000,0.46665264950550917
20000,0.5047459562477391
20000,0.5359581335912328
20000,0.501194700218434
20000,0.641594128390247
20000,0.4092617652426608
20000,0.5450852465717771
20000,0.6333888944216688
20000,0.6035026590327637
20000,0.5724441309291745
20000,0.5564219110620034
20000,0.4811436486411906
20000,0.5017024017031853
20000,0.44255901651175317
20000,0.6213393532728679
20000,0.43847683299056084
20000,0.4843092224613787
20000,0.5327490014362822
20000,0.4896284166493983
20000,0.592524796983435
20000,0.5322824370073272
20000,0.44402041014858323
20000,0.6129794333000408
20000,0.49457146592823675
20000,0.4822893010661679
20000,0.7922060119296027
20000,0.7988083161708045
20000,0.5164991504912986
20000,0.4861199575590193
20000,0.466961918367587
20000,0.6102596939877731
20000,0.7728291580583381
20000,0.5062250954440817
20000,0.5762720350994232
20000,0.4753741528176731
20000,0.6250726766148608
20000,0.49073712248336304
20000,0.5705754389427808
20000,0.6187070273043449
20000,0.684350305116442
20000,0.5593543228045899
20000,0.440243257199414
20000,0.637723148230291
20000,0.5123942442597578
20000,0.47784694085377816
20000,0.4153344179653312
20000,0.6207658511871798
20000,0.5117070020535832
20000,0.5423637775926672
20000,0.45313165286906887
20000,0.5674425965078342
20000,0.38916937572298627
20000,0.5413234776836884
20000,0.5771139956675437
20000,0.5137165898242291
20000,0.49529935247493095
20000,0.42389201568081475
20000,0.4279153431143145
20000,0.4904874699820062
20000,0.4548856811478836
20000,0.6273659790332734
20000,0.48537579021523025
20000,0.5635651805989027
20000,0.4016493357025029
20000,0.5988262221562768
20000,0.4772163837367733
20000,0.5325153816199855
20000,0.5748580531940729
20000,0.4098899774346471
20000,0.722028926127785
20000,0.8194994505250959
20000,0.49287104895428147
20000,0.38862100432142144
20000,0.4176334580188797
20000,0.44792141748957776
20000,0.41358205401472875
20000,0.628937322520961
20000,0.6674232932784827
20000,0.6385681547710724
20000,0.4659108658679341
20000,0.4318165067176792
20000,0.583832502328735
20000,0.40567834650029977
20000,0.4118965501331787
20000,0.6200200212396282
20000,0.48971693860152254
20000,0.5405114975764166
20000,0.4789886530037373
20000,0.4820044669256971
20000,0.49026402616821196
20000,0.4706343867532303
20000,0.5421443993548056
20000,0.6142154431926888
20000,0.48917209067894957
20000,0.4726613182293222
20000,0.6098034731461529
20000,0.39398642391558925
20000,0.4740111250252394
20000,0.4891931046224755
20000,0.4954899771872377
20000,0.5319422281951072
20000,0.7263297396766284
20000,0.6512787501807715
20000,0.5660755762951294
20000,0.4330650721033742
20000,0.4746152847220675
20000,0.5190975493255447
20000,0.4630775038052384
20000,0.494200759185991
20000,0.4417735951620148
20000,0.5175140321011787
20000,0.6331318834731946
20000,0.5136919377443813
20000,0.8001306271481574
20000,0.4923090771989203
20000,0.4590291334251929
20000,0.49503964242112236
20000,0.5736920487809424
20000,0.4316539140069568
20000,0.43942976966386793
20000,0.586795182106756
20000,0.48574577433302
20000,0.5435375759724048
20000,0.6728458653893024
20000,0.5595975513419552
20000,0.749672222802687
20000,0.6944297420843626
20000,0.6235888363514017
20000,0.6881419352202403
20000,0.4954179672443352
20000,0.49357870256557174
20000,0.7276508213830261
20000,0.5529791455324634
20000,0.5175748751492618
20000,0.5376553286214458
20000,0.47451791976027397
20000,0.5756756221783644
20000,0.6659978483877023
20000,0.503291408504812
20000,0.4750111571397022
20000,0.551707555408174
20000,0.48894714054218796
20000,0.4984262799391656
20000,0.8142775106117982
20000,0.5177973557884904
20000,0.5844888594357497
20000,0.66459214330651
20000,0.4617731972571451
20000,0.48022612749052573
20000,0.47486906585925354
20000,0.4033401997253304
20000,0.5738200830591428
20000,0.4998786060719176
20000,0.4858174887537289
20000,0.6151672127057832
20000,0.5766920739551783
20000,0.5190035344626763
20000,0.6549395439980851
20000,0.5586049543326849
20000,0.6273824805288689
20000,0.43686578502620016
20000,0.5105896584515872
20000,0.7117417214836647
20000,0.46972350926029577
20000,0.6132717987974843
20000,0.6550543620234132
20000,0.567127316025807
20000,0.48095263931916643
20000,0.42626630353563044
20000,0.41877253590626873
20000,0.41785280915524514
20000,0.7137884946300815
20000,0.4965548604802831
20000,0.7288854357319791
20000,0.42887882417519746
20000,0.43085027186871877
20000,0.5081569745039338
20000,0.6050152505573995
20000,0.584784595300898
20000,0.4647332071437717
20000,0.42185080555059085
20000,0.5126422823026822
20000,0.6318185868681871
20000,0.4662025896603725
20000,0.5951569315591021
20000,0.5000290250012726
20000,0.6447966316604268
20000,0.4800436981930306
20000,0.42921053594709896
20000,0.4456226426534403
20000,0.5828783167662129
20000,0.4614054573414436
20000,0.4554742192918935
20000,0.3953195092693374
20000,0.5755434892106169
20000,0.38020894613288164
20000,0.5564633429865452
20000,0.6206670169172992
20000,0.5175987310259103
20000,0.8076089959840745
20000,0.5232914534914548
20000,0.5805736120804185
20000,0.542671007745697
20000,0.7776734969806886
20000,0.5768365906528984
20000,0.5387674723857013
20000,0.7102292316732419
20000,0.5525157824464406
20000,0.4985959855245131
20000,0.5040233361009495
20000,0.49641534353293404
20000,0.5537598163775074
20000,0.8033480962813451
20000,0.5346594793737797
20000,0.7026013658749725
20000,0.49212709712772756
20000,0.48531941962572106
20000,0.5824446546267464
20000,0.43876016343269897
20000,0.5089977516149938
20000,0.7237950558143653
20000,0.4426887082207071
20000,0.7247716179407737
20000,0.5440736622583694
20000,0.5007149556932006
20000,0.5615288596490202
20000,0.4717171573845555
20000,0.4648920747948573
20000,0.41609568986586565
20000,0.4387083317408377
20000,0.5069715354259714
20000,0.5005933763550062
20000,0.4898738085665698
20000,0.523051017417244
20000,0.46189527207557096
20000,0.6636714891404011
20000,0.5348798674134667
20000,0.419752391016072
20000,0.5436710446711978
20000,0.4728535429467092
20000,0.4304731465867229
20000,0.5029964385449908
20000,0.6041769996559941
20000,0.5193454744308383
20000,0.41294178347474714
20000,0.5331179531012872
20000,0.5342086523081954
20000,0.49836816390858985
20000,0.603680217154669
20000,0.5025133064981939
20000,0.44076528750175975
20000,0.4460545610171977
20000,0.5594851248957088
20000,0.616552389100152
20000,0.42745248681129866
20000,0.5456208275088653
20000,0.5151588883734709
20000,0.7006053149485726
20000,0.4584224600243702
20000,0.5001390775800127
20000,0.4634894473155349
20000,0.3926017358189424
20000,0.4726220534597063
20000,0.5551419324874663
20000,0.550205489974474
20000,0.7125476112761768
20000,0.3929331167489816
20000,0.5201289268605725
20000,0.5982890788275241
20000,0.5028048146032263
20000,0.5429500639943646
20000,0.4516076368106229
20000,0.45078092687148663
20000,0.5842451494564131
20000,0.6607679291864355
20000,0.5492010033670606
20000,0.5388316329355406
20000,0.7011214279508646
20000,0.47867522484385694
20000,0.5601317145374716
20000,0.48542090640233476
20000,0.4231197114584755
20000,0.49418447591243575
20000,0.5157741910810406
20000,0.4447738596018447
20000,0.5553044304351081
20000,0.5549801519103231
20000,0.3886555524816345
20000,0.5844124318848868
20000,0.5241434833369134
20000,0.4863049913573819
20000,0.5413515159363389
20000,0.4908147525907114
20000,0.39182015813433707
20000,0.544864853096534
20000,0.7021662278809722
20000,0.4407447685984543
20000,0.5010688613970216
20000,0.4302352777501689
20000,0.4350373298972577
20000,0.4879209278329045
20000,0.5389176057236664
20000,0.5453751466834709
20000,0.5735668680104592
20000,0.547981629339823
20000,0.5901028385077285
20000,0.5681606751972097
20000,0.5909479876538031
20000,0.4402525546955767
20000,0.5524706287169532
20000,0.49966079422845017
20000,0.5357589707077965
20000,0.5606622435900416
20000,0.6422613609956441
20000,0.7289572775011124
20000,0.3922672607270743
20000,0.6068437014180929
20000,0.4460764929902425
20000,0.5537338841379332
20000,0.5171789278558463
20000,0.44985588232328005
20000,0.5310488240865956
20000,0.5467421326073321
20000,0.5605628106208361
20000,0.4211272517327106
20000,0.46075977393721157
20000,0.43319674257752044
20000,0.4127042960364214
20000,0.6224419450807623
20000,0.5048307397737318
20000,0.6489844174162392
20000,0.41126238610736965
20000,0.53244254047648
20000,0.426452276576172
20000,0.4039868812947122
20000,0.641702080415692
20000,0.4505352993558214
20000,0.49549817492666837
20000,0.491377845063331
20000,0.45570259446965533
20000,0.4596872230391034
20000,0.5163722147942509
20000,0.43300332549592924
20000,0.5486910720218072
20000,0.5111124960177434
20000,0.4982391891454225
20000,0.5893530531880102
20000,0.5227013732550808
20000,0.6003553919062963
20000,0.43683158197949357
20000,0.7274859037870028
20000,0.4158947200100469
20000,0.42054394933036005
20000,0.4633308957615137
20000,0.5278733718444406
20000,0.6591538801451049
20000,0.7610759495144477
20000,0.5655312390926402
20000,0.5565293388914869
20000,0.5516406457004822
20000,0.4420611700530439
20000,0.48251126336364286
20000,0.6904491381237776
20000,0.6122908835634288
20000,0.5841870943615494
20000,0.46130343707102245
20000,0.469240151923422
20000,0.6098053631366482
20000,0.5246847779644257
20000,0.4526014900653579
20000,0.4251734515468128
20000,0.5423876530051446
20000,0.5503928520409203
20000,0.5874879791069554
20000,0.5114372320374259
20000,0.5170162866053235
20000,0.4669991468344738
20000,0.46839766836673913
20000,0.4831368363997496
20000,0.7541403245186409
20000,0.5448247158899493
20000,0.5585053298821326
20000,0.38220858680783154
20000,0.5324408164796741
20000,0.5055417329637035
20000,0.6747092641515705
20000,0.5084549239542825
20000,0.5264775208438458
20000,0.5357728418325215
20000,0.5952045247540151
20000,0.4684038152702223
20000,0.39838403313796433
20000,0.446072668524576
20000,0.5146980017221415
20000,0.5938093319404476
20000,0.5050109007148388
20000,0.6088008240643588
20000,0.5984586461552773
20000,0.4827482707843574
20000,0.5319096662531126
20000,0.43376882955315366
20000,0.4721793287156509
20000,0.5505276061245775
20000,0.5364585260682669
20000,0.40377172053250465
20000,0.45698817309259016
20000,0.7040768952580639
20000,0.40947035690749867
20000,0.5304292083159639
20000,0.6229660209930036
20000,0.3946562357187081
20000,0.5196289836226266
20000,0.6525189851546894
20000,0.6055640244469264
20000,0.5662109285179914
20000,0.6814398060322462
20000,0.6355202680580597
20000,0.4593186806385224
20000,0.5997260944228923
20000,0.4588802180734146
20000,0.621782697651595
20000,0.43587033340591513
20000,0.4248337559036492
20000,0.508596351271475
20000,0.4872789619023895
20000,0.67643811035859
20000,0.7359614770216915
20000,0.5620937505332122
20000,0.4213754894233607
20000,0.5292792551763356
20000,0.47198383292871915
20000,0.4362919150842239
20000,0.5877804039026606
20000,0.5940574740976599
20000,0.3823786763730548
20000,0.490868234502526
20000,0.42080650449938817
20000,0.5694528090800193
20000,0.43917112647061546
20000,0.6015012011331836
20000,0.5277592236380401
20000,0.533846770271405
20000,0.5966264047908584
20000,0.4714978956669182
20000,0.4633637787304622
20000,0.5148321676854686
20000,0.4386449049228073
20000,0.5970364454463961
20000,0.4326697267211989
20000,0.4780011439226015
20000,0.4084996081260147
20000,0.458229697743654
20000,0.5394355450802728
20000,0.7427542582259253
20000,0.4073831654030642
20000,0.42153263574828026
20000,0.5120260118320624
20000,0.5337333125910135
20000,0.41849426075038837
20000,0.5034540914044697
20000,0.6217539132731944
20000,0.5772019855330355
20000,0.4939453713858585
20000,0.5753367307578728
20000,0.4982074135385386
20000,0.4707586924109432
20000,0.6469913112623076
20000,0.5669630693544723
20000,0.5096207622852954
20000,0.48727356078414297
20000,0.4423318582241615
20000,0.5398085700844325
20000,0.5185076654950345
20000,0.5557568618714569
20000,0.45991674213333317
20000,0.5633626901688578
20000,0.5613999728889444
20000,0.604594779501206
20000,0.4355141735173656
20000,0.6058689706410643
20000,0.39721791251873145
20000,0.5422870806991966
20000,0.4284325567765585
20000,0.38595922091446355
20000,0.5439910107117585
20000,0.49929669393285575
20000,0.49258358442914035
20000,0.5731462612169584
20000,0.5837426479917006
20000,0.6417278972013094
20000,0.454238576802997
20000,0.43360061114008924
20000,0.8313867843884342
20000,0.4634021975915549
20000,0.5035369383675885
20000,0.6324557155960917
20000,0.5153825979608135
20000,0.6600845363528207
20000,0.6168679953187244
20000,0.76487908233717
20000,0.6180143357376593
20000,0.48343203932473017
20000,0.6204756887570594
20000,0.5422023557682663
20000,0.5638242339746854
20000,0.49366173668563623
20000,0.417933405159433
20000,0.47002674695137153
20000,0.5498618552694362
20000,0.5170003218169441
20000,0.4568463794440267
20000,0.45034796603119964
20000,0.4661900281311706
20000,0.38798679210672044
20000,0.4813748347541188
20000,0.6087046557881003
20000,0.4957790866292149
20000,0.5470483701817742
20000,0.4112565050110163
20000,0.497355694818721
20000,0.3893699175160184
20000,0.7460536047502793
20000,0.6931096973278166
20000,0.4891445426610098
20000,0.5748543827466883
20000,0.4598212929997942
20000,0.5424501621828498
20000,0.4155968627528081
20000,0.6319936307198772
20000,0.47036227910070594
20000,0.4435431058768857
20000,0.4890104319947432
20000,0.6677551021691874
20000,0.5018543857293292
20000,0.5268733356169244
20000,0.40772402655183915
20000,0.48226299935288264
20000,0.41228332023110076
20000,0.4921893918356605
20000,0.6323063324906709
20000,0.47973999786028565
20000,0.4508144022159109
20000,0.4148647856326394
20000,0.40258361374266793
20000,0.5676306695513235
20000,0.739833898674317
20000,0.4434001955813542
20000,0.4502226364096366
20000,0.739622109675241
20000,0.578093561895722
20000,0.6427179067208956
20000,0.5368766612446924
20000,0.44368979036959205
20000,0.5098935266751775
20000,0.5012363004725181
20000,0.5047907057207105
20000,0.611071737900187
20000,0.6213621123807788
20000,0.4606280748455992
20000,0.4039790932186192
20000,0.6285106923067575
20000,0.5334233989586563
20000,0.4152428815425722
20000,0.46795169692424743
20000,0.4712994244816697
20000,0.3950551175672255
20000,0.5619877787080679
20000,0.6153004094022265
20000,0.5917789137753292
20000,0.593296502420727
20000,0.6165283878169108
20000,0.5623576137039954
20000,0.48332038240190117
20000,0.4521162359393914
20000,0.48701316394125105
20000,0.481349072430389
20000,0.4928395084511178
20000,0.7169851245239718
20000,0.48160783745598096
20000,0.609838051338496
20000,0.5965927242413654
20000,0.48812547268412293
20000,0.6117026035516377
20000,0.46817932687930763
20000,0.6284429146780165
20000,0.444428674646361
20000,0.7751825874267486
20000,0.5206924279000184
20000,0.560612601893185
20000,0.5321575398150538
20000,0.43145766784541584
20000,0.4823827520717456
20000,0.5435886122815797
20000,0.3948227567920837
20000,0.9124572725152211
20000,0.4993889393997153
20000,0.40054214005688776
20000,0.5437598017955179
20000,0.4847307186859632
20000,0.5240985256563637
20000,0.6141732991237578
20000,0.4286347423857854
20000,0.6172832631356976
20000,0.5795221219411789
20000,0.47466476857620604
20000,0.459845357645946
20000,0.5542551825319845
20000,0.4640923364494746
20000,0.498696868115333
20000,0.5783565046253394
20000,0.5438637650890894
20000,0.6413362202624361
20000,0.513034414988226
20000,0.4106255578234014
20000,0.43132476472775777
20000,0.42571586415761403
20000,0.40586624549185335
20000,0.5530098253148021
20000,0.42171201144121917
20000,0.5428557354171273
20000,0.40116401975256716
20000,0.5305278689513111
20000,0.5380061878609934
20000,0.4906618044214358
20000,0.49900684897088743
20000,0.5331292165587754
20000,0.7195219436088783
20000,0.48182125873120907
20000,0.6764785358709268
20000,0.4856181448581174
20000,0.46002015473607405
20000,0.5978658008265363
20000,0.65359240609754
20000,0.5513118002743129
20000,0.3999899127945881
20000,0.46680701050684736
20000,0.5969776454759825
20000,0.5734408634929871
20000,0.49991597451980363
20000,0.4939681046251645
20000,0.5655713618733799
20000,0.5332488298657586
20000,0.4564254882612449
20000,0.4980928248667659
20000,0.5703157722092288
20000,0.517444700605119
20000,0.44380536378719043
20000,0.5194272616611786
20000,0.39635574248651945
20000,0.40562522340752616
20000,0.4781229079006462
20000,0.5432337126887345
20000,0.5381628445229962
20000,0.524478014644129
20000,0.5215010592206978
20000,0.5366059827192985
20000,0.5778406046731676
20000,0.5144795801347365
20000,0.4468903931483363
20000,0.47318187419027696
20000,0.4024490818315743
20000,0.5182267237123536
20000,0.5132283994964844
20000,0.45945376289279216
20000,0.48232835687074677
20000,0.5930699054506289
20000,0.6823733286648823
20000,0.5352619154917818
20000,0.5032587426210349
20000,0.42936713055948783
20000,0.5888195375148232
20000,0.42039823756333256
20000,0.4215340104977807
20000,0.8253660707942188
20000,0.48198427248533016
20000,0.41935867232083485
20000,0.4281770288308178
20000,0.4867314227544477
20000,0.4403581776346216
20000,0.43857676392439726
20000,0.566154439421045
20000,0.6355335006242613
20000,0.4563247263758065
20000,0.5544473307714484
20000,0.5799306873484573
20000,0.42011392900808303
20000,0.6029106813493497
20000,0.5292536106902477
20000,0.4711600545158945
20000,0.5611853250502363
20000,0.48668108135972943
20000,0.4933674610655542
20000,0.47574276445773694
20000,0.6066443773386399
20000,0.4401621119305597
20000,0.510956779908638
20000,0.5102025072435556
20000,0.6677220343742376
20000,0.41874795929522557
20000,0.4683510055053601
20000,0.4570671110924769
20000,0.41690056404279324
20000,0.4850345955863237
20000,0.49643158414853344
20000,0.5472914384921642
20000,0.4830906924519166
20000,0.49265590979346985
20000,0.468821555947259
20000,0.5433098889264935
20000,0.47942844105856747
20000,0.41772752743015895
20000,0.5491831420151012
20000,0.4099354277799006
20000,0.556592960798746
20000,0.4398568219571556
20000,0.44616621515373406
20000,0.6639916272078518
20000,0.45112951233111553
20000,0.5175764258021065
20000,0.5986392394448217
20000,0.4021459772652729
20000,0.49236067881891926
20000,0.4443942101717494
20000,0.456938694244544
20000,0.4752867083241131
20000,0.4887388332862282
20000,0.7936091255211085
20000,0.7216061323755566
20000,0.6370617523371666
20000,0.7288624054687711
20000,0.530136069236546
20000,0.46770167952496644
20000,0.42746668384029796
20000,0.49466552950930553
20000,0.5070592087480159
20000,0.4463551344893803
20000,0.7244507987119407
20000,0.5908296743947821
20000,0.5901919518212321
20000,0.739830791708719
20000,0.45083158973787585
20000,0.5199633236497446
20000,0.43798327731567904
20000,0.41363224809011256
20000,0.8373345157649316
20000,0.636886612280731
20000,0.5082138244286046
20000,0.5023446962169534
20000,0.554966016510753
20000,0.6260217893523627
20000,0.5041407073815433
20000,0.5691909361189692
20000,0.6394223000604297
20000,0.5120633601760582
20000,0.5133323193131024
20000,0.49744427313130346
20000,0.6427929745506911
20000,0.4048211185090974
20000,0.5708935783997217
20000,0.41194172113650734
20000,0.43421334309741705
20000,0.7699595680225084
20000,0.6329006855552314
20000,0.47371536219913835
20000,0.5236890066227556
20000,0.5004791546443349
20000,0.576744486818223
20000,0.5237399890040868
20000,0.4311846847632467
20000,0.47694311287812396
20000,0.43570113827972984
20000,0.5507020609516675
20000,0.6204325281431846
20000,0.42761622257645476
20000,0.5360389893451981
20000,0.5233635483349971
20000,0.5141950002078222
20000,0.7333628700402981
20000,0.5579361441574796
20000,0.5291827825066778
20000,0.5247266911248076
20000,0.4373656620745654
20000,0.4782531879310831
20000,0.4138621182375457
20000,0.426908572541707
20000,0.4965674967194626
20000,0.3997352252919638
20000,0.5863023022256919
20000,0.5400107964292192
20000,0.5291998164392873
20000,0.5147465225064959
20000,0.5680701891210143
20000,0.6940700772992916
20000,0.5194855105954626
20000,0.44126655402745996
20000,0.5602996763428465
20000,0.4892358303682107
20000,0.5206767250532224
20000,0.40141355180516236
20000,0.43788123798550255
20000,0.39449717183021044
20000,0.6390257164682062
20000,0.5234049527525394
20000,0.48754420779935603
20000,0.6414024295261433
20000,0.5251927676844784
20000,0.6674571272399843
20000,0.8193990731371943
20000,0.5390532499322263
20000,0.5092246878258625
20000,0.6497610598799461
20000,0.5295340364162909
20000,0.5054620452554544
20000,0.6333093558928806
20000,0.595078404679088
20000,0.4719505337549537
20000,0.46345450637746155
20000,0.5484584441356007
20000,0.39852723209071783
20000,0.702898972425118
20000,0.6526571049430526
20000,0.5325037254550001
20000,0.48307938314867976
20000,0.6333813182671092
20000,0.7051299441166439
20000,0.5506268898847437
20000,0.4916911832521648
20000,0.5170498503380069
20000,0.5185710207508383
20000,0.5284068992191113
20000,0.7760918969938881
20000,0.48090691903187405
20000,0.4301039085365675
20000,0.5699828468156743
20000,0.39200526852235545
20000,0.41767811113582093
20000,0.4915106761402427
20000,0.5933406149603963
20000,0.4563788143967467
20000,0.5726060558111052
20000,0.487412366701626
20000,0.5348383394557601
20000,0.6081614096021222
20000,0.5167709294101878
20000,0.584960731816895
20000,0.4925299498798903
20000,0.5185481748328885
20000,0.49630216623677986
20000,0.5614900163736796
20000,0.4707660589775913
20000,0.4988773722644709
20000,0.5456205388123722
20000,0.5305381051402158
20000,0.5752526663857269
20000,0.501928952395902
20000,0.5219221998419828
20000,0.598580305106271
20000,0.5026469960663913
20000,0.5456542816423287
20000,0.5420691054005855
20000,0.4845717039538925
20000,0.6255118805449419
20000,0.632676506347382
20000,0.4285203146122007
20000,0.4907437183686159
20000,0.45190613122908146
20000,0.457626527737203
20000,0.405993595842613
20000,0.6029273137135805
20000,0.5498386803593635
20000,0.6221404189254355
20000,0.4184813939216894
20000,0.5220898965134345
20000,0.5957511672723271
20000,0.41001354328310574
20000,0.5795737320496013
20000,0.5101217769119286
20000,0.5064410723550927
20000,0.6012431666740164
20000,0.5006478586965456
20000,0.5515244996352409
20000,0.4488495175904966
20000,0.43959924647240206
20000,0.5282137365606897
20000,0.5001543201755477
20000,0.7088189210493974
20000,0.6080720156642718
20000,0.5964751080619709
20000,0.4839822425607243
20000,0.6079164082277272
20000,0.4911588752524471
20000,0.45480500410142044
20000,0.5834444789872296
20000,0.47397560894653024
20000,0.4500387380519416
20000,0.48213495972870707
20000,0.4632649200956938
20000,0.4576330830866415
20000,0.4814642495248717
20000,0.5117711424227092
20000,0.590843426662294
20000,0.4787157292239625
20000,0.5143929864819584
20000,0.5488450646024132
20000,0.43787598225351976
20000,0.479759260620773
20000,0.5154154634688576
20000,0.5141833445399981
20000,0.4321851607786476
20000,0.3996848540810095
20000,0.6643634291694905
20000,0.4268485334146644
20000,0.6133587399075952
20000,0.43375116269660463
20000,0.706494926808772
20000,0.5019339306146283
20000,0.47791192030684154
20000,0.5493058516742799
20000,0.5781055178233913
20000,0.5068623608084905
20000,0.4633623872329661
20000,0.5412248151796379
20000,0.5316965002347959
20000,0.4984982203673605
20000,0.5462259698134841
20000,0.42813275406282375
20000,0.725593464147833
20000,0.4209408875779078
20000,0.6227974686884062
20000,0.565234846273867
20000,0.5473787232749264
20000,0.49350871009418606
20000,0.6140322561867506
20000,0.6884767244718806
20000,0.4689695893733377
20000,0.5735401493049495
20000,0.5707566533443198
20000,0.5230917612081732
20000,0.45888578588459733
20000,0.6621944085710826
20000,0.48820474134865344
20000,0.6271274198844065
20000,0.39125571077689125
20000,0.5069896929842456
20000,0.4453298873524114
20000,0.46487277735239957
20000,0.48885757191104573
20000,0.5137772164745914
20000,0.455099776139156
20000,0.5600273272739938
20000,0.5316192069146246
20000,0.47558698341261296
20000,0.5362147698344012
20000,0.5094919209642277
20000,0.4676649222330176
20000,0.5136671946388793
20000,0.43934219777649475
20000,0.600143176099758
20000,0.45584576611059147
20000,0.4183157190680309
20000,0.5688795064016275
20000,0.41680370863257105
20000,0.5710305176541196
20000,0.49127547018983925
20000,0.4881069479404353
20000,0.46596456458334623
20000,0.4526628705107968
20000,0.47259603076443835
20000,0.5206578848003466
20000,0.388035401001266
20000,0.5887856253185444
20000,0.4641442557713822
20000,0.6725941343935474
20000,0.7250729857781923
20000,0.4114201414739228
20000,0.45750490311997116
20000,0.6807780908210298
20000,0.4779171391018007
20000,0.4147284767401012
20000,0.5527847941174334
20000,0.9255074187650109
20000,0.4946985836150875
20000,0.6331967531471208
20000,0.4586330338326461
20000,0.4358315226609553
20000,0.505157845318863
20000,0.6076928107849516
20000,0.5239611167310981
20000,0.8327390923397587
20000,0.4769082327830229
20000,0.42364767197395914
20000,0.6484264943291981
20000,0.46101727327378683
20000,0.5430923241998368
20000,0.4617831901760659
20000,0.560410059566049
20000,0.5430796289843474
20000,0.5180420816822185
20000,0.466771765178904
20000,0.5547609717621863
20000,0.43401283142414804
20000,0.48704216006979434
20000,0.5964929500977172
20000,0.47686251542322744
20000,0.5426069157024792
20000,0.6000711120666087
20000,0.517705721431655
20000,0.4356918345557748
20000,0.45643285727144134
20000,0.40512502599760286
20000,0.4647271087530365
20000,0.5161236839112558
20000,0.5828071604039066
20000,0.47671846443708077
20000,0.524712408528574
20000,0.5076211490424181
20000,0.4868177024210285
20000,0.49640286747065776
20000,0.4482302910907937
20000,0.5562007408518254
20000,0.46800432729449915
20000,0.43813175797292847
20000,0.5445086986582581
20000,0.6110643952687376
20000,0.4790732609802339
20000,0.6789304351610244
20000,0.38584515852211826
20000,0.5209382734303798
20000,0.6863993124417251
20000,0.4789912007972338
20000,0.4702709353775052
20000,0.422769808691568
20000,0.4739033475590513
20000,0.42997072682562437
20000,0.5176913733497749
20000,0.393752498526744
20000,0.4817641504495078
20000,0.4765253142009215
20000,0.4096344908899066
20000,0.47666685986240837
20000,0.5787962902855006
20000,0.46362708358203575
20000,0.6297464283607394
20000,0.44869179138920395
20000,0.49296632104308874
20000,0.5325170790905893
20000,0.5181646479068297
20000,0.5214828862252008
20000,0.3893760181316906
20000,0.4396804751185907
20000,0.5425697882622829
20000,0.4893368036280158
20000,0.48995530280182903
20000,0.47667687789781094
20000,0.5683384459554822
20000,0.38272157645971333
20000,0.45009380155517625
20000,0.5304944763367814
20000,0.5876848070676136
20000,0.49311127512458364
20000,0.40756189438920254
20000,0.5222295568100683
20000,0.45989222629112964
20000,0.5056283028891205
20000,0.7844151949884154
20000,0.5754335021460888
20000,0.5257925536303948
20000,0.48886025732308236
20000,0.6328086545828501
20000,0.5181387099300521
20000,0.4862425759141783
20000,0.5044187827872475
20000,0.5927966760574171
20000,0.5818781846527119
20000,0.5945315357882462
20000,0.45458483593631327
20000,0.5155681605052953
20000,0.5748913291569607
20000,0.5405285104879207
20000,0.5357168039613689
20000,0.5941448213136549
20000,0.4804619588964945
20000,0.4727280754066867
20000,0.4537372369096402
20000,0.42403212001951246
20000,0.6556125999592642
20000,0.4854236288679211
20000,0.5543566698746584
20000,0.6904397058039772
20000,0.5104155612754118
20000,0.4494084619362367
20000,0.40669623656535087
20000,0.48121210036291306
20000,0.4103221028885717
20000,0.48583995321102974
20000,0.5029009024570792
20000,0.6374615698673973
20000,0.4521907777908508
20000,0.47416379078438825
20000,0.397975965652317
20000,0.5575234165469163
20000,0.5179734089614912
20000,0.4747226643016178
20000,0.39319513383987026
20000,0.7175118663849459
20000,0.5925380568366249
20000,0.38846454031331357
20000,0.6167534982614221
20000,0.6022238771359384
20000,0.4354666750715705
20000,0.46384856058787205
20000,0.3870397750941468
20000,0.4510287746461723
20000,0.5161618840702709
20000,0.61316728036448
20000,0.43346221365667403
20000,0.4761792330345522
20000,0.7249209612394685
20000,0.5148667797621367
20000,0.4361436464966046
20000,0.5186776515666557
20000,0.46984336406975474
20000,0.47818813815427624
20000,0.4486298222544377
20000,0.6212804785907049
20000,0.5443965737034276
20000,0.5825103223194104
20000,0.5581379605858108
20000,0.4750480168918202
20000,0.46965561495583424
20000,0.5470098030927559
20000,0.5529672572713197
20000,0.5584584461265316
20000,0.46540884868427357
20000,0.6093705944019281
20000,0.4169080792462495
20000,0.4943716002006902
20000,0.5254807768551158
20000,0.3991874311821561
20000,0.5402496547411257
20000,0.40501685551972344
20000,0.47637516635257565
20000,0.5986238249102548
20000,0.5833161083384298
20000,0.6224149710346844
20000,0.6980505544433262
20000,0.42919223599100775
20000,0.4537212367655789
20000,0.4910524019818568
20000,0.5619709660470594
20000,0.5466886042805019
20000,0.5231364227486757
20000,0.4268252876479688
20000,0.5638446784192429
20000,0.4776272408872067
20000,0.7049821427117742
20000,0.6029513547041041
20000,0.4311886089111694
20000,0.57083664292646
20000,0.6092026640013767
20000,0.5382840087239514
20000,0.5081370864461732
20000,0.7108160625261097
20000,0.5148483950466936
20000,0.6337338341217787
20000,0.46368457267546337
20000,0.5170935873977917
20000,0.4620780047183873
20000,0.6188340870970115
20000,0.5695883966341216
20000,0.6120048266034185
20000,0.4095970378297685
20000,0.5245875967709742
20000,0.5419610096700522
20000,0.5508348087586172
20000,0.3961700578966966
20000,0.3976479056271806
20000,0.6515370456949285
20000,0.4421594607944014
20000,0.4591257844203513
20000,0.5485920852944702
20000,0.41487637432008145
20000,0.4442265810036993
20000,0.49743878635433
20000,0.46841758234110925
20000,0.6199304735260871
20000,0.5263917175713291
20000,0.5527967254850754
20000,0.6505104908044167
20000,0.6121562972289981
20000,0.5031882032254907
20000,0.40650912612174994
20000,0.5275668684427525
20000,0.5431521464970742
20000,0.5795732782911572
20000,0.49824206946680244
20000,0.4634594223598363
20000,0.7630300647801034
20000,0.5949549496537893
20000,0.4064614551480737
20000,0.49454648177838134
20000,0.552126830167083
20000,0.5479492969351146
20000,0.42934247795227937
20000,0.5077735319665616
20000,0.5643918229035036
20000,0.6630892978722104
20000,0.5740187493444504
20000,0.5145002832828384
20000,0.4577447865257339
20000,0.490450331610216
20000,0.4448125709583431
20000,0.4698490310430626
20000,0.5243204898542302
20000,0.6188727181484874
20000,0.7118552279243829
20000,0.4298751004673155
20000,0.5082633173293913
20000,0.6207331464639544
20000,0.5330835704392811
20000,0.47142474680181123
20000,0.59280181517657
20000,0.6247022788160042
20000,0.7387113612847183
20000,0.5369598697270928
20000,0.5007362715528213
20000,0.6445361845013665
20000,0.5213528049614273
20000,0.540637889633559
20000,0.6187395086025346
20000,0.5119707169084595
20000,0.4949146293994384
20000,0.42689263605787575
20000,0.5953039132721654
20000,0.6571715926315712
20000,0.6080792452316736
20000,0.5130475834199907
20000,0.48968588991037626
20000,0.6421542025415666
20000,0.5604222435558874
20000,0.49730447580849985
20000,0.5915000399369711
20000,0.5917149481055828
20000,0.5559457710201923
20000,0.4036731966950907
20000,0.4694315421530017
20000,0.49539076768777507
20000,0.6683110011745631
20000,0.5540789577057261
20000,0.7580710088434703
20000,0.42515628540893485
20000,0.4611446588075168
20000,0.422720863285755
20000,0.5541022301626415
20000,0.6056774073129484
20000,0.4610897958502935
20000,0.40752611545888606
20000,0.4272225234169515
20000,0.46765025492236895
20000,0.4816844714456117
20000,0.5488232922385815
20000,0.40439535500681156
20000,0.45235351996634143
20000,0.5048705354255344
20000,0.4697432978323469
20000,0.6492838684961221
20000,0.5735228515038779
20000,0.6095040350596865
20000,0.42501024965104706
20000,0.4325421348592179
20000,0.5708904397958462
20000,0.45193133979045325
20000,0.4187417614676473
20000,0.49651239478148596
20000,0.49331473957214395
20000,0.4668943015029364
20000,0.5944086951037993
20000,0.48946983132296973
20000,0.5183249925037194
20000,0.6939525216848764
20000,0.46362564533326905
20000,0.40128545079377564
20000,0.4815747900901372
20000,0.43124243135511436
20000,0.47878132707084686
20000,0.6352113867407656
20000,0.557203392386186
20000,0.5007899241785618
20000,0.5919410501311854
20000,0.5050922487150266
20000,0.43981187953999207
20000,0.43026056405955176
20000,0.6355506615232771
20000,0.7678566993716265
20000,0.6779652812762325
20000,0.6329592065424575
20000,0.47291895724928756
20000,0.46974246634580397
20000,0.5533483183769307
20000,0.5164362215220585
20000,0.5622611378581677
20000,0.5096323149803331
20000,0.6436306198277478
20000,0.43987808183763266
20000,0.44540283644623163
20000,0.617678789453091
20000,0.4357014340792825
20000,0.5342855101329294
20000,0.4908622155316068
20000,0.5416648798419186
20000,0.4585155875934953
20000,0.48945231323851957
20000,0.47276854981854916
20000,0.422526645639698
20000,0.5009077593632553
20000,0.5050987578195444
20000,0.6096609526756221
20000,0.4592472977042313
20000,0.8347187105138429
20000,0.6533628129285365
20000,0.5056685096021002
20000,0.407933415930129
20000,0.49962170445758625
20000,0.48049512504453906
20000,0.5364265664926989
20000,0.5133822448894568
20000,0.5236201967533248
20000,0.682826273028675
20000,0.4805990849657927
20000,0.5175592045055802
20000,0.49794210082760376
20000,0.5494714182857781
20000,0.4167079887453174
20000,0.47941625687800343
20000,0.4650382713005112
20000,0.5176762412035063
20000,0.4241667382045821
20000,0.5471078302683876
20000,0.5927289211987439
20000,0.4499361419769254
20000,0.6421120920923935
20000,0.4985919959828385
20000,0.6896073942371578
20000,0.5636534111853606
20000,0.5250080744084504
20000,0.679211565840188
20000,0.5343407397991532
20000,0.4254411265168004
20000,0.5030903989930061
20000,0.4099469172453146
20000,0.5561457859879777
20000,0.7404783969076693
20000,0.41541110886178356
20000,0.751877376012007
20000,0.5405329117711085
20000,0.39635212612235293
20000,0.46528768412338245
20000,0.5026247362049803
20000,0.5629633649462608
20000,0.5154567341005676
20000,0.6389892421523569
20000,0.43714119433832604
20000,0.4642219690285618
20000,0.43626755043841847
20000,0.6306342561432479
20000,0.5284005425510847
20000,0.6320046447953606
20000,0.4208894178780603
20000,0.5112289501808888
20000,0.45951661028217455
20000,0.6986897201604689
20000,0.5393326903795214
20000,0.48509229245732366
20000,0.6164100669380017
20000,0.4923339187510929
20000,0.6994059612997846
20000,0.6328279499303804
20000,0.4782525233075596
20000,0.4634885691641965
20000,0.5254106752652881
20000,0.6560876821192712
20000,0.4968513328773301
20000,0.44805887911361975
20000,0.5144056595770935
20000,0.6022769326246188
20000,0.5179039781846704
20000,0.5450022764073827
20000,0.47380517208878664
20000,0.4435746410120939
20000,0.5518053484742772
20000,0.4887654602270893
20000,0.5091034644400776
20000,0.47764919948413836
20000,0.5201599079161404
20000,0.42166029052094733
20000,0.39273769437194334
20000,0.5903580394922407
20000,0.4709512769636785
20000,0.4052267802241297
20000,0.41109415556814083
20000,0.46842479774033824
20000,0.6484130229723113
20000,0.6093626092736955
20000,0.4442784775780521
20000,0.3933993684203468
20000,0.5526201954725624
20000,0.456651077813105
20000,0.46137243244756326
20000,0.5165714924062085
20000,0.4833284713226785
20000,0.44372559062326666
20000,0.5761809057927983
20000,0.5778395398889087
20000,0.44705910179666664
20000,0.4567429339140722
20000,0.5114210779860024
20000,0.7934233288877688
20000,0.5324341023897687
20000,0.453431817952554
20000,0.7018871404454524
20000,0.6286614480078222
20000,0.4833500392892498
20000,0.47647235592981263
20000,0.4070177741243819
20000,0.5169227280943756
20000,0.5597399511104105
20000,0.6781571717236247
20000,0.4512608444667492
20000,0.4836198775628361
20000,0.5043439521332914
20000,0.6075685011593787
20000,0.42700777629184156
20000,0.4245828723064787
20000,0.5032130345518561
20000,0.4810507502917638
20000,0.42143003079252644
20000,0.45673331843857734
20000,0.5011736713213114
20000,0.465279133983628
20000,0.6748785756612132
20000,0.6132241960534396
20000,0.6100735194886927
20000,0.3956017200661011
20000,0.481848919420467
20000,0.5884456679945982
20000,0.6119030215724551
20000,0.5371922397170656
20000,0.46842544087115273
20000,0.706539412641866
20000,0.7238631173403759
20000,0.549281315790149
20000,0.6177581761607531
20000,0.5869821440575265
20000,0.5105785274347239
20000,0.5433412289976736
20000,0.49010246990075695
20000,0.5171136669434492
20000,0.46003803010242356
20000,0.641912831332091
20000,0.4218261522383601
20000,0.4916209605509939
20000,0.4740008370834506
20000,0.5182056796249874
20000,0.4698790965095432
20000,0.5000825713114851
20000,0.6206480929612086
20000,0.41911160509984247
20000,0.47856296183377606
20000,0.5907252154450232
20000,0.5196992417480154
20000,0.4296670610948899
20000,0.435654582163447
20000,0.6360499713506022
20000,0.6243408513574424
20000,0.38702210545873267
20000,0.500902672355293
20000,0.8485691030753805
20000,0.38966726084986963
20000,0.5761946962363503
20000,0.41587309251232213
20000,0.5024748827698564
20000,0.5349126892326054
20000,0.4883699711636847
20000,0.4139377301183733
20000,0.6688965581714639
20000,0.5019154749792939
20000,0.45617553336146177
20000,0.4213347169191694
20000,0.6106291024773643
20000,0.7263395757025073
20000,0.4229219208541223
20000,0.5423393246232789
20000,0.3945302540051401
20000,0.5988236941636825
20000,0.4654351899064407
20000,0.4857465777944214
20000,0.5104961351227439
20000,0.5503051492225705
20000,0.5626014910718056
20000,0.5067824759741582
20000,0.6935848271225764
20000,0.4552116321267982
20000,0.41486364800103065
20000,0.5644536456923496
20000,0.6064147778694422
20000,0.6900815641231534
20000,0.4058919224237373
20000,0.6237662733482671
20000,0.6331933664998867
20000,0.6266146763167523
20000,0.5565369832083668
20000,0.6133203858317585
20000,0.5198090218439693
20000,0.5224856541087267
20000,0.6178052182909184
20000,0.7311877414286349
20000,0.455131927968029
20000,0.5477497561859624
20000,0.5823115656352588
20000,0.5602616228609985
20000,0.5521981819894504
20000,0.4377954799333006
20000,0.48782187021433715
20000,0.5375616592671154
20000,0.5094713111778313
20000,0.5672515432843985
20000,0.5217571152589351
20000,0.4650237302201093
20000,0.6303076900028041
20000,0.4866208266022702
20000,0.6248026418430823
20000,0.5550712904010693
20000,0.6321003804659971
20000,0.49743559337769505
20000,0.5107176687019227
20000,0.49220743382106635
20000,0.4783719492658303
20000,0.580995674548362
20000,0.46927216821062034
20000,0.43051614994213405
20000,0.5698378470758168
20000,0.5022350474605546
20000,0.45801245241786914
20000,0.46648369742001694
20000,0.5625544393607189
20000,0.497160255709615
20000,0.6013907020099956
20000,0.5032398879460015
20000,0.5420613966677849
20000,0.6563733771610792
20000,0.4082494510439788
20000,0.7780152920410603
20000,0.6202565311833972
20000,0.6419313519266631
20000,0.4846998333008889
20000,0.5943137863018344
20000,0.518275959102029
20000,0.5230528475894529
20000,0.4389065431097053
20000,0.4890356328158356
20000,0.46964263509916615
20000,0.6165757219877348
20000,0.5044729500909007
20000,0.5440024305714056
20000,0.7397877927226002
20000,0.42898586899097135
20000,0.5465179924631571
20000,0.4463283474264053
20000,0.5678593374305132
20000,0.4822412185042595
20000,0.40862765971785264
20000,0.6499256635560811
20000,0.5827719872609307
20000,0.4824074197691269
20000,0.6061472656906863
20000,0.5397146800992902
20000,0.39181017043560545
20000,0.5983001260252796
20000,0.4758971626224128
20000,0.38330079650284177
20000,0.5260518140187136
20000,0.48264991355563924
20000,0.5299909324178997
20000,0.4614820523079773
20000,0.4583325399493641
20000,0.4175303911931891
20000,0.49592406783340953
20000,0.5491042773278136
20000,0.45356399853275375
20000,0.4877215456474507
20000,0.4190481972090682
20000,0.5562076192021487
20000,0.6254527186934675
20000,0.4799778705244702
20000,0.7274265885221517
20000,0.42980357865139435
20000,0.563144268833313
20000,0.5524023365494074
20000,0.47559493702949945
20000,0.759458311323394
20000,0.64315171234055
20000,0.5149308740275915
20000,0.5580154203584822
20000,0.5493993528644053
20000,0.6189584039113897
20000,0.49627987478244595
20000,0.5042223930886125
20000,0.5135548237074932
20000,0.5965065832621198
20000,0.4692089897571172
20000,0.4901698753379896
20000,0.5755466498297592
20000,0.44759853799739135
20000,0.7296876798144031
20000,0.5167158210407644
20000,0.5103627508928671
20000,0.6521422503343046
20000,0.5108541857596445
20000,0.40526903142900716
20000,0.45780887107905477
20000,0.5476345682019056
20000,0.5099515837643429
20000,0.46944846955862557
20000,0.42571650349526496
20000,0.48145823831790124
20000,0.4843752841354883
20000,0.6139015917353117
20000,0.7896627548759023
20000,0.5625739459828624
20000,0.5354103536456436
20000,0.6216045417381157
20000,0.715876156878179
20000,0.43572445469605964
20000,0.5691966132611108
20000,0.48972381409424365
20000,0.5275485003140697
20000,0.6144782660147844
20000,0.4873516812789645
20000,0.47154146021907284
20000,0.4486763657460757
20000,0.7202869962258895
20000,0.5816449659759519
20000,0.5286102390729905
20000,0.6080199151171889
20000,0.46930833707877456
20000,0.5441977216320576
20000,0.5016811024621972
20000,0.497498025649701
20000,0.5586053270974927
20000,0.3893344943355884
20000,0.5707951649272441
20000,0.4827856697627191
20000,0.39027253674890994
20000,0.5002958895912769
20000,0.39437212052262205
20000,0.5937114357692889
20000,0.42227077013343406
20000,0.48330979704150206
20000,0.5118562470998508
20000,0.7116681355683829
20000,0.4876203730861974
20000,0.5326612680891383
20000,0.4407521010823375
20000,0.45321165917150324
20000,0.5029240123854907
20000,0.6116900956880601
20000,0.4448170262684452
20000,0.6783692000154805
20000,0.412864534655441
20000,0.4202283223097233
20000,0.5311751657617714
20000,0.5689031085718033
20000,0.4968982642012797
20000,0.48310690770475734
20000,0.5632962875565728
20000,0.4360411216229479
20000,0.5007118969853926
20000,0.40946854583040637
20000,0.5412267260442721
20000,0.5973368618914178
20000,0.4809646952514787
20000,0.56424793267443
20000,0.5383982668430293
20000,0.6218737220479286
20000,0.6521821315281311
20000,0.6255577207052689
20000,0.5327311186038654
20000,0.573608747880999
20000,0.49535629643670814
20000,0.49452487719336014
20000,0.6043908045309733
20000,0.48941754139168125
20000,0.4825163734572971
20000,0.4058685670682537
20000,0.4740209881594394
20000,0.5968799157140215
20000,0.6147010330054413
20000,0.42780083252352125
20000,0.4239349586741762
20000,0.4095513274359165
20000,0.48141776678057496
20000,0.49284708132856
20000,0.5788302051190349
20000,0.4825264479728263
20000,0.5043959283043
20000,0.4253436597058366
20000,0.567542366715169
20000,0.631361994085009
20000,0.6528293509036612
20000,0.46872431102547607
20000,0.5963991757318399
20000,0.4721539432701436
20000,0.4696183519636564
20000,0.4587558390796131
20000,0.5035146619834454
20000,0.5986210939027443
20000,0.5728082372691796
20000,0.4166802410668131
20000,0.6877222023971513
20000,0.5246750853191553
20000,0.5882365820933292
20000,0.5895010595998158
20000,0.4754820635888355
20000,0.5236891248080946
20000,0.4899610485136862
20000,0.4937487635663399
20000,0.4029142210027016
20000,0.4774266909980266
20000,0.5034070642554872
20000,0.5709987046776052
20000,0.5204926446336253
20000,0.5494813990449666
20000,0.40011003229194286
20000,0.4533214567390578
20000,0.5152257491747246
20000,0.39322624555902236
20000,0.4714431194181399
20000,0.4093151629863265
20000,0.5161609282224819
20000,0.45639668058341876
20000,0.48204038739101285
20000,0.48873101912178724
20000,0.4489003951420885
20000,0.40373127426953137
20000,0.4199766462403808
20000,0.43130537285174664
20000,0.47790473784997883
20000,0.49890475805102374
20000,0.4773321241711134
20000,0.4880748571743222
20000,0.4207108090107664
20000,0.5595898598429416
20000,0.6264577074342625
20000,0.4894605661377848
20000,0.4527163217266822
20000,0.6544758595841624
20000,0.47985436481133864
20000,0.4098931365883863
20000,0.46259699910088964
20000,0.47589695991323067
20000,0.5120818173046018
20000,0.5326033620327739
20000,0.8385816574231921
20000,0.4707790341678444
20000,0.5301724782111676
20000,0.8303013298644892
20000,0.5202269194678095
20000,0.5178043272553047
20000,0.48982325168852914
20000,0.6464557415104614
20000,0.4108867062412178
20000,0.5820624983058147
20000,0.4476407237313813
20000,0.593655997641197
20000,0.4474364555501949
20000,0.5244342110198924
20000,0.45257747414190275
20000,0.567677413375663
20000,0.4984131635416199
20000,0.5347415231905034
20000,0.48900222076989824
20000,0.48597661539086123
20000,0.5443184836439008
20000,0.39813907767465057
20000,0.5324688880535726
20000,0.4736078745873079
20000,0.46729955984315463
20000,0.430856734291835
20000,0.437351701549034
20000,0.4060938944408168
20000,0.4075654130779707
20000,0.43004076534480773
20000,0.5208135481646805
20000,0.5406358398685859
20000,0.5613228646153821
20000,0.5495470702896169
20000,0.47958190846502197
20000,0.5262943238360553
20000,0.5854916751626847
20000,0.5538210745491611
20000,0.7430300284535096
20000,0.49006670851825895
20000,0.5069115828855624
20000,0.7527922968166242
20000,0.4512262272549433
20000,0.6290462050515695
20000,0.4663941513275847
20000,0.5258864081273406
20000,0.655516527605024
20000,0.49650058447255185
20000,0.5075483145308289
20000,0.4398167408123746
20000,0.5009309684730883
20000,0.4729038772927868
20000,0.3965464435894678
20000,0.596092480821896
20000,0.41895915459477634
20000,0.5402354847242576
20000,0.6930477103126282
20000,0.4291159534716427
20000,0.3876599970282287
20000,0.5654755195755683
20000,0.49721780832367785
20000,0.470328413934105
20000,0.49400271990857053
20000,0.6038781285526525
20000,0.5753096067782401
20000,0.4588927656092542
20000,0.4880290286581203
20000,0.45551199435499945
20000,0.3921499227488171
20000,0.46484418167522557
20000,0.5745864047105305
20000,0.5451938687690607
20000,0.4370583310433876
20000,0.4714414334739752
20000,0.634480464439738
20000,0.509062752266836
20000,0.47432711665167604
20000,0.48816980247708375
20000,0.4693545002428681
20000,0.42356278752053295
20000,0.6258285148411807
20000,0.48638036270497403
20000,0.6174451293279533
20000,0.47119081852175737
20000,0.49331131979447157
20000,0.48750651699093966
20000,0.7653744320471105
20000,0.5776661654796809
20000,0.5836455705716646
20000,0.501381946899792
20000,0.46241608587324845
20000,0.4721155556025488
20000,0.4371126901796168
20000,0.6068474554193592
20000,0.4848187842330514
20000,0.5197143014666442
20000,0.5980956616750653
20000,0.5168281865284505
20000,0.5594420734449829
20000,0.5299498740485983
20000,0.6316676299211844
20000,0.4467855838078851
20000,0.6741401233434052
20000,0.6422052332875604
20000,0.7366029223847921
20000,0.4388496273213052
20000,0.4096944043823656
20000,0.6633799833016911
20000,0.5191013975662456
20000,0.4636363631009518
20000,0.45593537069295703
20000,0.5290629808514552
20000,0.6082072611424358
20000,0.4663049370560226
20000,0.7583387181343023
20000,0.5107438894597914
20000,0.42280446992329984
20000,0.5627977915821432
20000,0.5422737636889067
20000,0.44077860940137936
20000,0.6997699149615243
20000,0.42889731042446727
20000,0.48701651868208884
20000,0.46820986526440567
20000,0.4836351757141526
20000,0.5883459770134579
20000,0.8169925574053577
20000,0.7515323439517275
20000,0.42771172532687746
20000,0.5272698294326723
20000,0.44262001734544326
20000,0.5311794164449242
20000,0.6775663739791197
20000,0.519322496235201
20000,0.4293953029141228
20000,0.4860365779112103
20000,0.565323979094091
20000,0.642559647200435
20000,0.489070364505005
20000,0.515195803408387
20000,0.443946635749353
20000,0.4257786252751645
20000,0.6865704759994733
20000,0.5437863438156006
20000,0.5782373921205699
20000,0.4724485715612865
20000,0.4200556386028281
20000,0.4656662538722188
20000,0.47427064429632854
20000,0.5686413163097489
20000,0.52490968489354
20000,0.4880548228265558
20000,0.5951863907420916
20000,0.4581776072326003
20000,0.4909769471578937
20000,0.5728420026005683
20000,0.47445830980303777
20000,0.5628293073182187
20000,0.514106062965125
20000,0.39058865349660493
20000,0.544397950429302
20000,0.5244174352836304
20000,0.435689686479299
20000,0.4280217167919454
20000,0.4445438195612434
20000,0.4879447283381513
20000,0.5372146313734969
20000,0.5471393537367951
20000,0.5401486823847973
20000,0.45816354795635483
20000,0.41692382711602116
20000,0.6256976455359724
20000,0.4697408490820909
20000,0.5345023220931999
20000,0.41733913113137905
20000,0.442768141972768
20000,0.5223451988359542
20000,0.5018651167629469
20000,0.5242323870703979
20000,0.5178584074605543
20000,0.6317673100241602
20000,0.6374443460537704
20000,0.6939475928955224
20000,0.495071772457447
20000,0.47281510269747695
20000,0.5036881001806872
20000,0.6180692335467723
20000,0.42896545795967156
20000,0.48260924278449424
20000,0.4265781565471195
20000,0.5239892679061642
20000,0.44158135893931777
20000,0.43674076115889143
20000,0.4021131205369162
20000,0.4543921717402792
20000,0.5388631175899921
20000,0.61159971610659
20000,0.42832795045280986
20000,0.563380168924658
20000,0.5644816988951653
20000,0.42675493055566177
20000,0.5016982979298014
20000,0.4867600429932776
20000,0.5359235790895249
20000,0.48865441441967206
20000,0.5928283669658682
20000,0.5611926011093398
20000,0.5839267974646313
20000,0.6372703104287019
20000,0.4063727019824256
20000,0.8359961836453954
20000,0.4114506961155558
20000,0.5029858586595986
20000,0.43657707290093056
20000,0.5422168771514849
20000,0.4505992864988742
20000,0.5231207248614802
20000,0.6543188600612558
20000,0.5006966537051027
20000,0.5107174455653689
20000,0.5379060699296774
20000,0.47276731603184596
20000,0.4839612738480926
20000,0.41059078731377846
20000,0.6076250941986386
20000,0.5468435932004024
20000,0.5212221901134388
20000,0.7065182871857596
20000,0.39317397862217357
20000,0.4824299903103825
20000,0.39616616194064674
20000,0.4434355459701252
20000,0.42291792995672733
20000,0.4940408576984861
20000,0.4842291616520656
20000,0.5839951659085972
20000,0.4675134366343128
20000,0.5619334008120991
20000,0.42491302233709477
20000,0.5454683209821425
20000,0.809923679003486
20000,0.6407948908373061
20000,0.4126581215307364
20000,0.43911658828021033
20000,0.4764585307469484
20000,0.7275554181144505
20000,0.5576181017439583
20000,0.47532217285495365
20000,0.43562653313543465
20000,0.44316285266160105
20000,0.47561174431808556
20000,0.5948888433361335
20000,0.546422105334942
20000,0.6622673228342995
20000,0.48920457668991
20000,0.48333988241077996
20000,0.5031401192475159
20000,0.5056437428030743
20000,0.4275059026472006
20000,0.6978521221086458
20000,0.6613427966224353
20000,0.49328950518134435
20000,0.5006463203262871
20000,0.557048564457014
20000,0.5539801064690041
20000,0.44581741069792524
20000,0.5288720436615729
20000,0.5671763060096139
20000,0.6373481512960667
20000,0.4466299038012965
20000,0.5466494759275364
20000,0.40230347262734767
20000,0.5604196529516913
20000,0.5407134813198572
20000,0.4845635693320321
20000,0.4861978850701712
20000,0.5322606448242984
20000,0.5343530889226079
20000,0.4369788426937695
20000,0.4989025765179672
20000,0.4962739478888206
20000,0.7336877197399602
20000,0.46218859373589716
20000,0.6664859897401846
20000,0.39284102103424023
20000,0.6875589716845191
20000,0.5079218426696482
20000,0.5904475957291531
20000,0.5322567540851614
20000,0.4354462442461431
20000,0.5362122692690079
20000,0.5791253940116143
20000,0.6188136784223233
20000,0.5753559150754879
20000,0.4164843554306264
20000,0.4165045949669683
20000,0.554814127880765
20000,0.6908382815557481
20000,0.7786071654209404
20000,0.5299522204631338
20000,0.5263181972597764
20000,0.43253087326218304
20000,0.5885676898855948
20000,0.3901546091331703
20000,0.730881434689105
20000,0.5995164934894913
20000,0.5889819525516947
20000,0.5756523101170674
20000,0.6658641206004626
20000,0.5298747044980263
20000,0.48486890175660025
20000,0.46785039050248395
20000,0.41880388991054857
20000,0.5840794917753712
20000,0.5598981628645817
20000,0.4839243640414115
20000,0.4915167807640412
20000,0.39022258929624754
20000,0.4093628998943538
20000,0.5140482116888324
20000,0.6454305019880526
20000,0.5332822268021745
20000,0.48627821263912896
20000,0.5494968981572389
20000,0.5395109934121467
20000,0.45428893792729486
20000,0.49988755580382505
20000,0.4652552280457984
20000,0.7001939934605682
20000,0.5133441317587878
20000,0.5190730424247645
20000,0.41018224855281166
20000,0.4959164851172968
20000,0.555763948192171
20000,0.5848229907713273
20000,0.5206337294958181
20000,0.5532378777927351
20000,0.7396942606391733
20000,0.47553355351768123
20000,0.4330495831826221
20000,0.575369268239989
20000,0.5027454990064337
20000,0.5071211360229161
20000,0.5265488414272128
20000,0.6648578279682462
20000,0.5724716607380639
20000,0.7556194856937177
20000,0.451535798481217
20000,0.4939494504744719
20000,0.5203523250447134
20000,0.5850299569574545
20000,0.5347422807033043
20000,0.47757936901597864
20000,0.4192812298568856
20000,0.5607785037794734
20000,0.411641211925377
20000,0.461585719186538
20000,0.4801094692660862
20000,0.4391231761606103
20000,0.49077156016221596
20000,0.5197318143353085
20000,0.4796504366334465
20000,0.6460803960680934
20000,0.5403734703733475
20000,0.6842147916391051
20000,0.4876068880565446
20000,0.5928520100861762
20000,0.4326910602266263
20000,0.5892344522384088
20000,0.5156985472188651
20000,0.5034825906372833
20000,0.4982982639850242
20000,0.5101626389060434
20000,0.6879231828503086
20000,0.4435493069125464
20000,0.4967220106184628
20000,0.43013077885923295
20000,0.5278654852395029
20000,0.624876859065074
20000,0.5401605246934267
20000,0.547987444003368
20000,0.5351457743554879
20000,0.4325048714555017
20000,0.4297191138683752
20000,0.4764020911400672
20000,0.515665750571991
20000,0.6668052701616353
20000,0.4741457272112501
20000,0.42046993253129583
20000,0.4586272290113222
20000,0.5741807982641046
20000,0.4022065021904835
20000,0.5157082588808569
20000,0.5623642139647853
20000,0.7379593913955949
20000,0.5545581449231205
20000,0.4620626990901251
20000,0.6116816905722953
20000,0.5216745408487415
20000,0.39978485470916303
20000,0.7390118080819748
20000,0.5642813924829887
20000,0.4331546183672034
20000,0.4815480770586758
20000,0.5908447181174482
20000,0.5146960041514841
20000,0.41813230486525416
20000,0.6437588005891842
20000,0.4826338344252658
20000,0.5323145827435909
20000,0.4396708626528607
20000,0.5513735984363427
20000,0.39256189875528874
20000,0.5939535664248519
20000,0.5906736932687121
20000,0.5856787568702608
20000,0.44992383888516446
20000,0.6057389038257607
20000,0.5248728747121757
20000,0.5258739990264932
20000,0.467484676008193
20000,0.6862179850657558
20000,0.49812843750731267
20000,0.5773254530090192
20000,0.5630820251942625
20000,0.680320522896963
20000,0.42087978118708846
20000,0.4333566110155438
20000,0.47674490184443735
20000,0.4253615545893842
20000,0.5938640165194525
20000,0.5696429863109674
20000,0.44675474637502466
20000,0.3988368809695724
20000,0.6270684686067453
20000,0.48282942190181494
20000,0.5190432987488957
20000,0.6007632657688488
20000,0.5023272123761893
20000,0.3978299132646447
20000,0.5463423355324427
20000,0.44976790654607607
20000,0.40063827238993466
20000,0.6098229318529271
20000,0.43501567329127283
20000,0.43025304649599955
20000,0.5290887934167797
20000,0.537744922967857
20000,0.5737181967084177
20000,0.5588909755723448
20000,0.5516882550263201
20000,0.548496046382359
20000,0.5391538298866081
20000,0.43127305861936355
20000,0.5152817507373793
20000,0.3998971331261574
20000,0.5622189930697118
20000,0.9380976586119006
20000,0.542246994924461
20000,0.6045241762073887
20000,0.45521246790993947
20000,0.5503282777850582
20000,0.45728593295914255
20000,0.5205255528573948
20000,0.5191735580319993
20000,0.626145584466148
20000,0.49371339651614904
20000,0.4678342252546645
20000,0.5140921740346232
20000,0.5530704352153991
20000,0.6095957092000807
20000,0.712811770937117
20000,0.7001363274757971
20000,0.43285006078029936
20000,0.6135363906543367
20000,0.5104445885460993
20000,0.5236719607914142
20000,0.621934628924848
20000,0.4848956742872903
20000,0.40054115124036715
20000,0.4634269430034837
20000,0.39825218140281393
20000,0.5824765718827745
20000,0.4652550793455456
20000,0.4505955771803218
20000,0.6041203634995089
20000,0.49628216101832323
20000,0.4274092236687903
20000,0.5793453323608796
20000,0.5074921473786193
20000,0.4478251502801346
20000,0.5209135864947464
20000,0.39315473310348803
20000,0.5268726958265163
20000,0.52008718367106
20000,0.5209972968272617
20000,0.4996520711500471
20000,0.5945477599284356
20000,0.5547167288559481
20000,0.4362337045324093
20000,0.4637236597710481
20000,0.5055966583274409
20000,0.4404320239192328
20000,0.5007657706714689
20000,0.5745975721663009
20000,0.41538285848452267
20000,0.44028524815614756
20000,0.48641886044548144
20000,0.5144255420332616
20000,0.5988048815937096
20000,0.494230371646784
20000,0.5249666833900781
20000,0.4352765210763615
20000,0.4229681110834626
20000,0.7180875621881511
20000,0.5654433878418009
20000,0.5531761894071661
20000,0.6074585238304829
20000,0.4753016784907592
20000,0.6185450331273956
20000,0.5154241816392571
20000,0.4091574665347359
20000,0.44008883005605653
20000,0.5032543734325454
20000,0.7182505390119021
20000,0.4078900813009159
20000,0.4212671326700416
20000,0.6385146877616833
20000,0.4450517425673061
20000,0.5888121106584071
20000,0.6029087383150034
20000,0.5013207161866667
20000,0.5272072962624821
20000,0.6706212657415347
20000,0.6034860950718655
20000,0.4875160599100416
20000,0.4623822489094691
20000,0.4450554651192024
20000,0.49951795042302094
20000,0.7468546970165939
20000,0.48174139722571524
20000,0.40547246792522673
20000,0.45375741069716985
20000,0.6183137785961057
20000,0.6425761031034095
20000,0.5956042787296382
20000,0.4338367921358724
20000,0.5098444118012837
20000,0.6587322786165303
20000,0.5057464190440066
20000,0.5191226900118379
20000,0.5113787117023814
20000,0.47159036737351573
20000,0.4596908879821608
20000,0.5158269133045565
20000,0.6133365562373322
20000,0.4720367870366613
20000,0.5870404587325351
20000,0.525057901967329
20000,0.4764688734617983
20000,0.4128153863486472
20000,0.4383397796215432
20000,0.6329889606965303
20000,0.5040900586054208
20000,0.55509177630347
20000,0.5155614869967746
20000,0.5646998637437406
20000,0.5446705172833326
20000,0.5980478667726437
20000,0.577373830230881
20000,0.6350011535686911
20000,0.4978673716476356
20000,0.5634373751573869
20000,0.5692100083422009
20000,0.6079034602133667
20000,0.6834665349049179
20000,0.5535238273252214
20000,0.7616493582698072
20000,0.7912099569158125
20000,0.5634085694219205
20000,0.6393191320278873
20000,0.5035568856257701
20000,0.46813453445163866
20000,0.531829676512998
20000,0.5505723656585056
20000,0.47059904502551886
20000,0.6324907892678129
20000,0.6267463236776363
20000,0.56486269308911
20000,0.5211331317065853
20000,0.4655319872025315
20000,0.4197702639181016
20000,0.5158044613848685
20000,0.5255183994736149
20000,0.5357924275120566
20000,0.7059892429893861
20000,0.5736139729811434
20000,0.6394703839567499
20000,0.5041041165660083
20000,0.38991601798154096
20000,0.5827591906327325
20000,0.48599916531205267
20000,0.4433928464335679
20000,0.5647057264893935
20000,0.40064708880623284
20000,0.4617593974449896
20000,0.5610526050736365
20000,0.4596303669852021
20000,0.4389470412257159
20000,0.5175983697482616
20000,0.48623139995543824
20000,0.5583806307499196
20000,0.4439613697328207
20000,0.4347757885066145
20000,0.5872558639893971
20000,0.4233204805379306
20000,0.5336363868139468
20000,0.5655940973094684
20000,0.5329647326909448
20000,0.4513957135292259
20000,0.5879491095512093
20000,0.5223848415347773
20000,0.49708340009114527
20000,0.5316997178413974
20000,0.6120444421891411
20000,0.7190510015480738
20000,0.48760025910722193
20000,0.43382987138841556
20000,0.49068132471643133
20000,0.5761990997650756
20000,0.5772653798826232
20000,0.5194916149347416
20000,0.5299724678361776
20000,0.5357448019870514
20000,0.5655960388639988
20000,0.465099980229692
20000,0.43802526793449426
20000,0.45824975779244564
20000,0.5196270813469994
20000,0.5748705688750283
20000,0.5551099285155883
20000,0.6147039133159518
20000,0.49374328983069665
20000,0.6140255839879446
20000,0.461204739638203
20000,0.5363745173604328
20000,0.41012974959319903
20000,0.5094321911339881
20000,0.4167780555703636
20000,0.5571817942537439
20000,0.4700909474002995
20000,0.6048115014812481
20000,0.5449572586073225
20000,0.48359322392106247
20000,0.579429185238377
20000,0.5001102207191604
20000,0.45167456901734754
20000,0.6490411861345836
20000,0.5418443876022471
20000,0.5180648148918895
20000,0.4923409172804981
20000,0.4535300530601304
20000,0.5121703712494501
20000,0.4128038227785727
20000,0.48244671513579224
20000,0.5264493075436968
20000,0.4973458386119147
20000,0.5406154858615515
20000,0.5182158967904559
20000,0.4421223089468707
20000,0.5555637603219025
20000,0.6731652817477414
20000,0.5694272691991118
20000,0.8253394816469812
20000,0.5078618002776227
20000,0.6022586574990648
20000,0.5456121548393796
20000,0.5655803431337137
20000,0.4813834630760667
20000,0.5945259957655085
20000,0.6311687971065384
20000,0.6604548223132585
20000,0.42300092646633164
20000,0.5999646406051946
20000,0.45780537850339154
20000,0.5713834632606605
20000,0.5321299079272686
20000,0.5813995946110405
20000,0.7492387147451861
20000,0.6180651797020903
20000,0.5353214390098687
20000,0.6091408055241508
20000,0.48620482341220467
20000,0.5904668206824809
20000,0.7236619288033345
20000,0.5169994494374229
20000,0.41776773783111854
20000,0.5195559513773261
20000,0.5098752034743451
20000,0.4776039084083475
20000,0.5151418370430435
20000,0.4538662675668185
20000,0.5450607818800836
20000,0.46760555924861485
20000,0.5154052882467497
20000,0.5809593670302262
20000,0.5745752126636149
20000,0.6546555816592933
20000,0.39094849301112883
20000,0.5004300471694371
20000,0.44547775286077096
20000,0.4188864544608117
20000,0.5361288354047293
20000,0.6224657315418645
20000,0.6099570601056595
20000,0.552333018850693
20000,0.4519546811830656
20000,0.5151049712605607
20000,0.44076675720977687
20000,0.673087214338853
20000,0.4979092133575419
20000,0.4392913223737363
20000,0.6550553825809197
20000,0.48786391669738977
20000,0.8114368031866167
20000,0.552116481071536
20000,0.5637406270294111
20000,0.46236273971792635
20000,0.492637497321927
20000,0.5733225988041621
20000,0.44965957899608544
20000,0.4980835032464236
20000,0.4864272078769391
20000,0.5915546072302883
20000,0.5532335449122835
20000,0.541869068364744
20000,0.658607068108128
20000,0.45538794872519245
20000,0.6030583477219302
20000,0.4837716284085026
20000,0.6008151776980986
20000,0.9746550300682764
20000,0.4840033603719869
20000,0.539469878888527
20000,0.6341633638916944
20000,
